timestamp,user_id,product_id,event_type,recommendation_model
2026-02-24T07:43:54.698069,sess_y3qe8x6jjw,14,wishlist,homepage_featured
2026-02-24T07:43:55.964665,sess_y3qe8x6jjw,14,add_to_cart,homepage_featured
2026-02-24T07:43:56.597584,sess_y3qe8x6jjw,14,view,homepage_featured
2026-02-23T19:05:32.873058,sim_53f1fc3520,14,view,simulated_baseline
2026-02-23T19:07:34.873058,sim_53f1fc3520,6,wishlist,simulated_baseline
2026-02-23T19:11:42.873058,sim_53f1fc3520,6,add_to_cart,simulated_baseline
2026-02-23T19:14:35.873058,sim_53f1fc3520,10,view,simulated_baseline
2026-02-15T04:05:10.873128,sim_a56b9bfe1e,7,view,simulated_baseline
2026-02-15T04:06:42.873128,sim_a56b9bfe1e,7,add_to_cart,simulated_baseline
2026-02-15T04:07:48.873128,sim_a56b9bfe1e,12,view,simulated_baseline
2026-02-06T20:03:30.873149,sim_08895a9b85,9,view,simulated_baseline
2026-02-06T20:07:52.873149,sim_08895a9b85,7,add_to_cart,simulated_baseline
2026-02-06T20:09:07.873149,sim_08895a9b85,7,view,simulated_baseline
2026-02-06T20:10:38.873149,sim_08895a9b85,9,view,simulated_baseline
2026-02-06T20:11:15.873149,sim_08895a9b85,13,wishlist,simulated_baseline
2026-02-06T20:15:10.873149,sim_08895a9b85,7,view,simulated_baseline
2026-02-06T04:03:35.873176,sim_9c8f5490fc,9,view,simulated_baseline
2026-02-06T04:08:14.873176,sim_9c8f5490fc,5,view,simulated_baseline
2026-02-06T04:09:30.873176,sim_9c8f5490fc,8,view,simulated_baseline
2026-02-06T04:10:54.873176,sim_9c8f5490fc,5,view,simulated_baseline
2026-02-06T04:11:18.873176,sim_9c8f5490fc,8,add_to_cart,simulated_baseline
2026-02-06T04:13:26.873176,sim_9c8f5490fc,8,view,simulated_baseline
2026-02-06T04:14:30.873176,sim_9c8f5490fc,9,add_to_cart,simulated_baseline
2026-02-24T05:04:59.873204,sim_3e9acbec7e,6,view,simulated_baseline
2026-02-24T05:07:22.873204,sim_3e9acbec7e,10,view,simulated_baseline
2026-02-24T05:09:54.873204,sim_3e9acbec7e,14,view,simulated_baseline
2026-01-26T14:05:40.873219,sim_4c56f9151f,7,wishlist,simulated_baseline
2026-01-26T14:08:29.873219,sim_4c56f9151f,14,view,simulated_baseline
2026-01-26T14:11:51.873219,sim_4c56f9151f,13,add_to_cart,simulated_baseline
2026-01-26T14:16:41.873219,sim_4c56f9151f,13,add_to_cart,simulated_baseline
2026-01-26T14:18:06.873219,sim_4c56f9151f,14,view,simulated_baseline
2026-01-26T14:18:24.873219,sim_4c56f9151f,7,view,simulated_baseline
2026-01-26T14:19:42.873219,sim_4c56f9151f,14,view,simulated_baseline
2026-01-26T14:23:50.873219,sim_4c56f9151f,13,view,simulated_baseline
2026-02-19T16:06:38.873251,sim_59b689980b,14,view,simulated_baseline
2026-02-19T16:07:20.873251,sim_59b689980b,11,view,simulated_baseline
2026-02-19T16:10:53.873251,sim_59b689980b,13,view,simulated_baseline
2026-02-19T16:11:18.873251,sim_59b689980b,7,view,simulated_baseline
2026-02-19T16:13:29.873251,sim_59b689980b,13,view,simulated_baseline
2026-02-19T16:14:45.873251,sim_59b689980b,14,add_to_cart,simulated_baseline
2026-02-19T16:18:45.873251,sim_59b689980b,14,view,simulated_baseline
2026-02-19T16:19:00.873251,sim_59b689980b,7,view,simulated_baseline
2026-02-19T16:22:49.873251,sim_59b689980b,14,wishlist,simulated_baseline
2026-02-20T01:04:21.873282,sim_ec081de548,9,view,simulated_baseline
2026-02-20T01:06:12.873282,sim_ec081de548,8,wishlist,simulated_baseline
2026-02-20T01:11:07.873282,sim_ec081de548,8,add_to_cart,simulated_baseline
2026-02-20T01:12:39.873282,sim_ec081de548,8,view,simulated_baseline
2026-01-29T06:05:05.873298,sim_5e1ddc0e31,13,add_to_cart,simulated_baseline
2026-01-29T06:09:00.873298,sim_5e1ddc0e31,7,view,simulated_baseline
2026-01-29T06:13:40.873298,sim_5e1ddc0e31,13,view,simulated_baseline
2026-01-29T06:16:12.873298,sim_5e1ddc0e31,13,view,simulated_baseline
2026-01-29T06:19:58.873298,sim_5e1ddc0e31,13,add_to_cart,simulated_baseline
2026-01-29T06:23:30.873298,sim_5e1ddc0e31,8,add_to_cart,simulated_baseline
2026-01-29T06:27:51.873298,sim_5e1ddc0e31,13,view,simulated_baseline
2026-02-07T18:04:55.873326,sim_75ea345bd8,11,view,simulated_baseline
2026-02-07T18:08:31.873326,sim_75ea345bd8,5,view,simulated_baseline
2026-02-07T18:09:44.873326,sim_75ea345bd8,10,add_to_cart,simulated_baseline
2026-02-07T18:11:22.873326,sim_75ea345bd8,11,view,simulated_baseline
2026-02-07T18:12:30.873326,sim_75ea345bd8,12,add_to_cart,simulated_baseline
2026-02-07T18:13:33.873326,sim_75ea345bd8,12,wishlist,simulated_baseline
2026-02-07T18:14:58.873326,sim_75ea345bd8,11,wishlist,simulated_baseline
2026-02-09T04:07:50.873352,sim_263d31c453,13,wishlist,simulated_baseline
2026-02-09T04:11:15.873352,sim_263d31c453,10,view,simulated_baseline
2026-02-09T04:15:45.873352,sim_263d31c453,14,wishlist,simulated_baseline
2026-02-09T04:17:43.873352,sim_263d31c453,13,view,simulated_baseline
2026-02-09T04:19:43.873352,sim_263d31c453,7,view,simulated_baseline
2026-02-09T04:20:48.873352,sim_263d31c453,14,view,simulated_baseline
2026-02-09T04:22:36.873352,sim_263d31c453,14,add_to_cart,simulated_baseline
2026-02-09T04:24:35.873352,sim_263d31c453,7,view,simulated_baseline
2026-02-09T04:26:40.873352,sim_263d31c453,13,wishlist,simulated_baseline
2026-02-11T16:06:17.873384,sim_9efa4ae375,11,view,simulated_baseline
2026-02-11T16:09:22.873384,sim_9efa4ae375,13,wishlist,simulated_baseline
2026-02-11T16:11:38.873384,sim_9efa4ae375,13,wishlist,simulated_baseline
2026-02-11T16:12:12.873384,sim_9efa4ae375,14,view,simulated_baseline
2026-01-28T08:06:50.873402,sim_fcdb1df11d,11,view,simulated_baseline
2026-01-28T08:11:16.873402,sim_fcdb1df11d,6,view,simulated_baseline
2026-01-28T08:14:33.873402,sim_fcdb1df11d,12,wishlist,simulated_baseline
2026-01-28T08:17:57.873402,sim_fcdb1df11d,5,view,simulated_baseline
2026-01-28T08:18:40.873402,sim_fcdb1df11d,11,view,simulated_baseline
2026-01-28T08:23:20.873402,sim_fcdb1df11d,10,view,simulated_baseline
2026-01-28T08:23:34.873402,sim_fcdb1df11d,12,view,simulated_baseline
2026-01-28T08:26:26.873402,sim_fcdb1df11d,6,view,simulated_baseline
2026-01-28T08:30:20.873402,sim_fcdb1df11d,11,view,simulated_baseline
2026-01-28T08:30:31.873402,sim_fcdb1df11d,11,view,simulated_baseline
2026-02-11T06:04:18.873437,sim_b53b1f68d1,14,view,simulated_baseline
2026-02-11T06:09:09.873437,sim_b53b1f68d1,8,add_to_cart,simulated_baseline
2026-02-11T06:12:22.873437,sim_b53b1f68d1,14,view,simulated_baseline
2026-02-11T06:14:51.873437,sim_b53b1f68d1,7,view,simulated_baseline
2026-02-11T06:18:17.873437,sim_b53b1f68d1,7,add_to_cart,simulated_baseline
2026-02-11T06:21:17.873437,sim_b53b1f68d1,7,view,simulated_baseline
2026-02-11T06:25:39.873437,sim_b53b1f68d1,14,view,simulated_baseline
2026-02-11T06:27:47.873437,sim_b53b1f68d1,13,add_to_cart,simulated_baseline
2026-02-11T06:28:04.873437,sim_b53b1f68d1,14,wishlist,simulated_baseline
2026-02-11T06:29:20.873437,sim_b53b1f68d1,7,view,simulated_baseline
2026-02-07T20:04:15.873472,sim_fa41b99e2c,13,wishlist,simulated_baseline
2026-02-07T20:09:03.873472,sim_fa41b99e2c,14,view,simulated_baseline
2026-02-07T20:11:22.873472,sim_fa41b99e2c,7,view,simulated_baseline
2026-02-01T06:04:05.873487,sim_77c7d5d54b,8,view,simulated_baseline
2026-02-01T06:08:19.873487,sim_77c7d5d54b,9,wishlist,simulated_baseline
2026-02-01T06:12:18.873487,sim_77c7d5d54b,5,view,simulated_baseline
2026-02-11T13:04:15.873500,sim_939ebfa293,14,view,simulated_baseline
2026-02-11T13:05:58.873500,sim_939ebfa293,7,view,simulated_baseline
2026-02-11T13:09:58.873500,sim_939ebfa293,7,view,simulated_baseline
2026-02-11T13:10:19.873500,sim_939ebfa293,7,view,simulated_baseline
2026-02-11T13:10:53.873500,sim_939ebfa293,5,view,simulated_baseline
2026-02-11T13:15:14.873500,sim_939ebfa293,11,wishlist,simulated_baseline
2026-02-11T13:19:19.873500,sim_939ebfa293,13,view,simulated_baseline
2026-02-11T13:22:56.873500,sim_939ebfa293,7,view,simulated_baseline
2026-02-11T13:25:31.873500,sim_939ebfa293,6,add_to_cart,simulated_baseline
2026-01-31T07:06:16.873533,sim_f8b0563994,8,view,simulated_baseline
2026-01-31T07:07:27.873533,sim_f8b0563994,8,wishlist,simulated_baseline
2026-01-31T07:10:36.873533,sim_f8b0563994,8,view,simulated_baseline
2026-01-31T07:13:31.873533,sim_f8b0563994,7,view,simulated_baseline
2026-01-31T07:15:38.873533,sim_f8b0563994,8,view,simulated_baseline
2026-01-31T07:19:14.873533,sim_f8b0563994,8,view,simulated_baseline
2026-01-31T07:21:16.873533,sim_f8b0563994,7,view,simulated_baseline
2026-01-31T07:22:19.873533,sim_f8b0563994,7,wishlist,simulated_baseline
2026-01-31T07:25:13.873533,sim_f8b0563994,5,view,simulated_baseline
2026-01-31T07:27:54.873533,sim_f8b0563994,8,view,simulated_baseline
2026-02-09T10:03:45.873577,sim_e51c3bcb6c,10,wishlist,simulated_baseline
2026-02-09T10:07:18.873577,sim_e51c3bcb6c,6,view,simulated_baseline
2026-02-09T10:09:37.873577,sim_e51c3bcb6c,6,view,simulated_baseline
2026-02-09T10:13:39.873577,sim_e51c3bcb6c,6,view,simulated_baseline
2026-02-09T10:17:04.873577,sim_e51c3bcb6c,12,view,simulated_baseline
2026-02-09T10:21:50.873577,sim_e51c3bcb6c,6,wishlist,simulated_baseline
2026-02-09T10:22:24.873577,sim_e51c3bcb6c,14,view,simulated_baseline
2026-02-11T22:06:28.873603,sim_e6534873b9,9,wishlist,simulated_baseline
2026-02-11T22:10:25.873603,sim_e6534873b9,5,view,simulated_baseline
2026-02-11T22:14:38.873603,sim_e6534873b9,9,view,simulated_baseline
2026-02-11T22:18:32.873603,sim_e6534873b9,9,wishlist,simulated_baseline
2026-02-11T22:19:13.873603,sim_e6534873b9,5,wishlist,simulated_baseline
2026-02-16T05:03:32.873622,sim_fc37014b81,10,wishlist,simulated_baseline
2026-02-16T05:04:18.873622,sim_fc37014b81,7,view,simulated_baseline
2026-02-16T05:07:16.873622,sim_fc37014b81,13,add_to_cart,simulated_baseline
2026-02-16T05:09:40.873622,sim_fc37014b81,6,add_to_cart,simulated_baseline
2026-02-16T05:12:16.873622,sim_fc37014b81,12,view,simulated_baseline
2026-02-16T05:15:42.873622,sim_fc37014b81,10,wishlist,simulated_baseline
2026-02-16T05:16:52.873622,sim_fc37014b81,6,view,simulated_baseline
2026-02-16T05:20:45.873622,sim_fc37014b81,10,view,simulated_baseline
2026-02-23T09:07:35.873653,sim_f486c36cea,6,view,simulated_baseline
2026-02-23T09:11:10.873653,sim_f486c36cea,7,view,simulated_baseline
2026-02-23T09:15:25.873653,sim_f486c36cea,11,wishlist,simulated_baseline
2026-02-23T09:18:23.873653,sim_f486c36cea,12,add_to_cart,simulated_baseline
2026-02-23T09:20:46.873653,sim_f486c36cea,6,view,simulated_baseline
2026-02-23T09:23:31.873653,sim_f486c36cea,14,add_to_cart,simulated_baseline
2026-02-23T09:26:57.873653,sim_f486c36cea,10,view,simulated_baseline
2026-02-01T13:06:43.873678,sim_b32460734e,14,view,simulated_baseline
2026-02-01T13:11:32.873678,sim_b32460734e,14,wishlist,simulated_baseline
2026-02-01T13:12:17.873678,sim_b32460734e,10,view,simulated_baseline
2026-02-01T13:16:16.873678,sim_b32460734e,10,add_to_cart,simulated_baseline
2026-02-01T13:18:03.873678,sim_b32460734e,12,view,simulated_baseline
2026-02-01T13:18:49.873678,sim_b32460734e,11,view,simulated_baseline
2026-02-01T13:23:30.873678,sim_b32460734e,6,wishlist,simulated_baseline
2026-02-01T13:25:39.873678,sim_b32460734e,12,view,simulated_baseline
2026-02-16T14:06:42.873708,sim_6c4eb27a7d,11,view,simulated_baseline
2026-02-16T14:10:44.873708,sim_6c4eb27a7d,11,view,simulated_baseline
2026-02-16T14:12:25.873708,sim_6c4eb27a7d,11,view,simulated_baseline
2026-02-16T14:16:06.873708,sim_6c4eb27a7d,12,view,simulated_baseline
2026-02-16T14:19:27.873708,sim_6c4eb27a7d,11,wishlist,simulated_baseline
2026-02-16T14:21:49.873708,sim_6c4eb27a7d,11,add_to_cart,simulated_baseline
2026-02-16T14:24:12.873708,sim_6c4eb27a7d,6,view,simulated_baseline
2026-01-31T03:07:14.873736,sim_c0332b413c,9,view,simulated_baseline
2026-01-31T03:08:29.873736,sim_c0332b413c,8,view,simulated_baseline
2026-01-31T03:11:18.873736,sim_c0332b413c,9,view,simulated_baseline
2026-01-31T03:11:32.873736,sim_c0332b413c,8,view,simulated_baseline
2026-01-31T03:15:27.873736,sim_c0332b413c,5,view,simulated_baseline
2026-01-31T03:17:11.873736,sim_c0332b413c,9,view,simulated_baseline
2026-01-31T03:20:04.873736,sim_c0332b413c,9,view,simulated_baseline
2026-01-31T03:23:21.873736,sim_c0332b413c,8,view,simulated_baseline
2026-01-31T03:27:31.873736,sim_c0332b413c,8,view,simulated_baseline
2026-01-31T03:28:42.873736,sim_c0332b413c,5,wishlist,simulated_baseline
2026-02-12T04:06:27.873769,sim_2ad35d5857,14,view,simulated_baseline
2026-02-12T04:09:33.873769,sim_2ad35d5857,14,view,simulated_baseline
2026-02-12T04:10:23.873769,sim_2ad35d5857,13,view,simulated_baseline
2026-02-03T23:04:09.873783,sim_8271ca15d8,9,wishlist,simulated_baseline
2026-02-03T23:05:37.873783,sim_8271ca15d8,9,view,simulated_baseline
2026-02-03T23:06:07.873783,sim_8271ca15d8,5,view,simulated_baseline
2026-02-03T23:08:56.873783,sim_8271ca15d8,9,view,simulated_baseline
2026-02-03T23:10:08.873783,sim_8271ca15d8,9,view,simulated_baseline
2026-02-03T23:15:05.873783,sim_8271ca15d8,5,view,simulated_baseline
2026-02-05T08:06:48.873805,sim_4545506b5e,5,view,simulated_baseline
2026-02-05T08:07:22.873805,sim_4545506b5e,13,view,simulated_baseline
2026-02-05T08:11:39.873805,sim_4545506b5e,9,add_to_cart,simulated_baseline
2026-02-05T08:14:28.873805,sim_4545506b5e,9,view,simulated_baseline
2026-02-05T08:17:11.873805,sim_4545506b5e,5,view,simulated_baseline
2026-02-05T08:21:34.873805,sim_4545506b5e,9,view,simulated_baseline
2026-02-05T08:22:51.873805,sim_4545506b5e,11,add_to_cart,simulated_baseline
2026-02-05T08:26:57.873805,sim_4545506b5e,5,view,simulated_baseline
2026-02-05T08:30:43.873805,sim_4545506b5e,5,add_to_cart,simulated_baseline
2026-01-27T22:04:49.873836,sim_9b327cbe46,7,add_to_cart,simulated_baseline
2026-01-27T22:05:12.873836,sim_9b327cbe46,10,view,simulated_baseline
2026-01-27T22:08:21.873836,sim_9b327cbe46,13,view,simulated_baseline
2026-01-27T22:11:10.873836,sim_9b327cbe46,7,view,simulated_baseline
2026-01-27T22:14:09.873836,sim_9b327cbe46,7,add_to_cart,simulated_baseline
2026-01-27T22:15:37.873836,sim_9b327cbe46,13,wishlist,simulated_baseline
2026-01-31T21:04:48.873859,sim_4541ff0bb0,14,view,simulated_baseline
2026-01-31T21:08:25.873859,sim_4541ff0bb0,14,view,simulated_baseline
2026-01-31T21:08:35.873859,sim_4541ff0bb0,14,view,simulated_baseline
2026-01-31T21:12:23.873859,sim_4541ff0bb0,13,view,simulated_baseline
2026-01-31T21:14:44.873859,sim_4541ff0bb0,6,view,simulated_baseline
2026-02-05T11:06:39.873879,sim_96f7095266,14,wishlist,simulated_baseline
2026-02-05T11:10:56.873879,sim_96f7095266,14,view,simulated_baseline
2026-02-05T11:12:31.873879,sim_96f7095266,5,add_to_cart,simulated_baseline
2026-02-05T11:15:53.873879,sim_96f7095266,5,view,simulated_baseline
2026-02-05T11:17:29.873879,sim_96f7095266,14,view,simulated_baseline
2026-02-05T11:19:32.873879,sim_96f7095266,7,view,simulated_baseline
2026-02-05T11:22:10.873879,sim_96f7095266,14,view,simulated_baseline
2026-02-24T02:06:55.873905,sim_8df1b73e3b,10,wishlist,simulated_baseline
2026-02-24T02:10:07.873905,sim_8df1b73e3b,8,view,simulated_baseline
2026-02-24T02:12:48.873905,sim_8df1b73e3b,11,view,simulated_baseline
2026-02-24T02:17:07.873905,sim_8df1b73e3b,10,view,simulated_baseline
2026-02-24T02:18:33.873905,sim_8df1b73e3b,10,view,simulated_baseline
2026-02-24T02:19:45.873905,sim_8df1b73e3b,12,view,simulated_baseline
2026-02-24T02:24:15.873905,sim_8df1b73e3b,11,view,simulated_baseline
2026-02-24T02:24:54.873905,sim_8df1b73e3b,12,view,simulated_baseline
2026-02-06T21:03:35.873934,sim_053631d605,5,wishlist,simulated_baseline
2026-02-06T21:05:32.873934,sim_053631d605,14,add_to_cart,simulated_baseline
2026-02-06T21:06:23.873934,sim_053631d605,6,wishlist,simulated_baseline
2026-02-09T04:05:00.873948,sim_9fced3ede8,13,view,simulated_baseline
2026-02-09T04:08:43.873948,sim_9fced3ede8,8,add_to_cart,simulated_baseline
2026-02-09T04:10:19.873948,sim_9fced3ede8,5,view,simulated_baseline
2026-02-09T04:12:51.873948,sim_9fced3ede8,9,view,simulated_baseline
2026-02-09T04:14:09.873948,sim_9fced3ede8,8,view,simulated_baseline
2026-02-09T04:17:31.873948,sim_9fced3ede8,5,view,simulated_baseline
2026-02-09T04:19:04.873948,sim_9fced3ede8,8,view,simulated_baseline
2026-02-09T04:23:11.873948,sim_9fced3ede8,5,add_to_cart,simulated_baseline
2026-02-09T04:24:12.873948,sim_9fced3ede8,5,view,simulated_baseline
2026-02-09T04:24:46.873948,sim_9fced3ede8,5,view,simulated_baseline
2026-02-22T08:04:18.873983,sim_568b334a2d,11,view,simulated_baseline
2026-02-22T08:05:50.873983,sim_568b334a2d,6,view,simulated_baseline
2026-02-22T08:09:20.873983,sim_568b334a2d,6,add_to_cart,simulated_baseline
2026-02-22T08:11:33.873983,sim_568b334a2d,12,wishlist,simulated_baseline
2026-02-22T08:11:50.873983,sim_568b334a2d,12,add_to_cart,simulated_baseline
2026-02-22T08:14:44.873983,sim_568b334a2d,11,wishlist,simulated_baseline
2026-02-22T08:17:31.873983,sim_568b334a2d,10,view,simulated_baseline
2026-02-22T08:19:53.873983,sim_568b334a2d,11,view,simulated_baseline
2026-02-22T08:23:49.873983,sim_568b334a2d,12,view,simulated_baseline
2026-02-22T08:26:27.873983,sim_568b334a2d,11,view,simulated_baseline
2026-02-02T09:06:19.874034,sim_71796dba13,13,view,simulated_baseline
2026-02-02T09:07:38.874034,sim_71796dba13,14,view,simulated_baseline
2026-02-02T09:11:50.874034,sim_71796dba13,13,view,simulated_baseline
2026-02-02T09:15:00.874034,sim_71796dba13,5,wishlist,simulated_baseline
2026-02-02T09:16:45.874034,sim_71796dba13,14,add_to_cart,simulated_baseline
2026-02-02T09:17:37.874034,sim_71796dba13,12,wishlist,simulated_baseline
2026-02-02T09:22:01.874034,sim_71796dba13,14,view,simulated_baseline
2026-02-02T09:25:32.874034,sim_71796dba13,14,view,simulated_baseline
2026-02-02T09:28:09.874034,sim_71796dba13,13,wishlist,simulated_baseline
2026-02-14T00:03:41.874066,sim_100eb8d7b1,8,view,simulated_baseline
2026-02-14T00:05:40.874066,sim_100eb8d7b1,9,view,simulated_baseline
2026-02-14T00:10:14.874066,sim_100eb8d7b1,8,wishlist,simulated_baseline
2026-02-14T00:14:20.874066,sim_100eb8d7b1,5,view,simulated_baseline
2026-02-14T00:17:13.874066,sim_100eb8d7b1,8,view,simulated_baseline
2026-02-09T15:07:58.874086,sim_2e37fdbe5d,11,wishlist,simulated_baseline
2026-02-09T15:10:50.874086,sim_2e37fdbe5d,13,view,simulated_baseline
2026-02-09T15:14:46.874086,sim_2e37fdbe5d,14,view,simulated_baseline
2026-02-09T15:19:25.874086,sim_2e37fdbe5d,7,view,simulated_baseline
2026-02-09T15:20:34.874086,sim_2e37fdbe5d,13,wishlist,simulated_baseline
2026-02-09T05:05:52.874106,sim_f420942708,11,view,simulated_baseline
2026-02-09T05:06:15.874106,sim_f420942708,10,wishlist,simulated_baseline
2026-02-09T05:09:42.874106,sim_f420942708,12,add_to_cart,simulated_baseline
2026-02-09T05:13:52.874106,sim_f420942708,6,view,simulated_baseline
2026-02-09T05:17:46.874106,sim_f420942708,10,view,simulated_baseline
2026-02-09T05:18:32.874106,sim_f420942708,10,view,simulated_baseline
2026-02-09T05:22:46.874106,sim_f420942708,6,view,simulated_baseline
2026-01-31T05:06:48.874132,sim_5188a5b77a,8,view,simulated_baseline
2026-01-31T05:08:59.874132,sim_5188a5b77a,5,view,simulated_baseline
2026-01-31T05:10:34.874132,sim_5188a5b77a,8,view,simulated_baseline
2026-01-31T05:14:24.874132,sim_5188a5b77a,8,view,simulated_baseline
2026-02-01T13:04:17.874148,sim_f329c3b3b5,7,view,simulated_baseline
2026-02-01T13:08:35.874148,sim_f329c3b3b5,14,view,simulated_baseline
2026-02-01T13:13:30.874148,sim_f329c3b3b5,5,view,simulated_baseline
2026-02-01T13:15:27.874148,sim_f329c3b3b5,14,wishlist,simulated_baseline
2026-02-01T13:16:18.874148,sim_f329c3b3b5,13,wishlist,simulated_baseline
2026-02-01T13:16:49.874148,sim_f329c3b3b5,7,view,simulated_baseline
2026-02-01T13:18:46.874148,sim_f329c3b3b5,7,view,simulated_baseline
2026-02-01T13:19:11.874148,sim_f329c3b3b5,7,view,simulated_baseline
2026-01-31T15:04:56.874176,sim_f7a3c656db,11,view,simulated_baseline
2026-01-31T15:09:53.874176,sim_f7a3c656db,8,view,simulated_baseline
2026-01-31T15:10:29.874176,sim_f7a3c656db,11,view,simulated_baseline
2026-01-31T15:15:09.874176,sim_f7a3c656db,10,wishlist,simulated_baseline
2026-01-31T15:16:04.874176,sim_f7a3c656db,10,view,simulated_baseline
2026-01-31T15:18:06.874176,sim_f7a3c656db,12,add_to_cart,simulated_baseline
2026-01-31T15:22:45.874176,sim_f7a3c656db,11,view,simulated_baseline
2026-01-31T15:24:13.874176,sim_f7a3c656db,6,view,simulated_baseline
2026-01-31T15:27:17.874176,sim_f7a3c656db,6,wishlist,simulated_baseline
2026-02-13T11:07:48.874208,sim_83c4a57c5a,9,view,simulated_baseline
2026-02-13T11:11:42.874208,sim_83c4a57c5a,6,view,simulated_baseline
2026-02-13T11:13:31.874208,sim_83c4a57c5a,10,view,simulated_baseline
2026-02-13T11:17:53.874208,sim_83c4a57c5a,11,view,simulated_baseline
2026-02-13T11:18:46.874208,sim_83c4a57c5a,9,view,simulated_baseline
2026-01-24T17:04:19.874228,sim_aa623e2265,5,wishlist,simulated_baseline
2026-01-24T17:07:19.874228,sim_aa623e2265,6,wishlist,simulated_baseline
2026-01-24T17:07:50.874228,sim_aa623e2265,12,view,simulated_baseline
2026-01-24T17:09:27.874228,sim_aa623e2265,11,view,simulated_baseline
2026-01-24T17:10:50.874228,sim_aa623e2265,10,view,simulated_baseline
2026-01-24T17:13:05.874228,sim_aa623e2265,8,view,simulated_baseline
2026-01-24T17:17:05.874228,sim_aa623e2265,12,add_to_cart,simulated_baseline
2026-01-24T17:19:08.874228,sim_aa623e2265,6,wishlist,simulated_baseline
2026-01-24T17:22:10.874228,sim_aa623e2265,11,view,simulated_baseline
2026-02-18T23:05:12.874260,sim_e86df3aeb9,11,view,simulated_baseline
2026-02-18T23:09:19.874260,sim_e86df3aeb9,6,view,simulated_baseline
2026-02-18T23:11:53.874260,sim_e86df3aeb9,12,view,simulated_baseline
2026-02-18T23:14:44.874260,sim_e86df3aeb9,6,view,simulated_baseline
2026-02-18T23:15:01.874260,sim_e86df3aeb9,6,view,simulated_baseline
2026-02-18T23:15:12.874260,sim_e86df3aeb9,8,view,simulated_baseline
2026-02-18T23:16:00.874260,sim_e86df3aeb9,10,view,simulated_baseline
2026-02-05T12:06:37.874285,sim_1e2b4d1147,14,view,simulated_baseline
2026-02-05T12:07:15.874285,sim_1e2b4d1147,9,view,simulated_baseline
2026-02-05T12:08:51.874285,sim_1e2b4d1147,9,view,simulated_baseline
2026-02-05T12:12:00.874285,sim_1e2b4d1147,14,wishlist,simulated_baseline
2026-02-05T12:15:33.874285,sim_1e2b4d1147,5,wishlist,simulated_baseline
2026-02-05T12:19:52.874285,sim_1e2b4d1147,9,add_to_cart,simulated_baseline
2026-02-05T12:05:04.874307,sim_d56beacc45,7,wishlist,simulated_baseline
2026-02-05T12:07:14.874307,sim_d56beacc45,14,view,simulated_baseline
2026-02-05T12:08:42.874307,sim_d56beacc45,14,view,simulated_baseline
2026-01-29T00:05:57.874321,sim_f89be65b97,5,view,simulated_baseline
2026-01-29T00:09:36.874321,sim_f89be65b97,8,view,simulated_baseline
2026-01-29T00:12:29.874321,sim_f89be65b97,8,view,simulated_baseline
2026-01-29T00:13:26.874321,sim_f89be65b97,8,wishlist,simulated_baseline
2026-01-29T00:16:20.874321,sim_f89be65b97,9,wishlist,simulated_baseline
2026-01-29T00:18:16.874321,sim_f89be65b97,5,view,simulated_baseline
2026-01-29T00:19:21.874321,sim_f89be65b97,8,view,simulated_baseline
2026-01-29T00:23:14.874321,sim_f89be65b97,5,view,simulated_baseline
2026-02-02T09:07:00.874349,sim_e51853bbaf,13,view,simulated_baseline
2026-02-02T09:11:47.874349,sim_e51853bbaf,13,view,simulated_baseline
2026-02-02T09:16:22.874349,sim_e51853bbaf,14,view,simulated_baseline
2026-02-02T09:18:17.874349,sim_e51853bbaf,6,view,simulated_baseline
2026-02-02T09:19:04.874349,sim_e51853bbaf,7,view,simulated_baseline
2026-02-02T09:20:27.874349,sim_e51853bbaf,13,add_to_cart,simulated_baseline
2026-02-02T09:21:53.874349,sim_e51853bbaf,13,view,simulated_baseline
2026-02-02T09:25:19.874349,sim_e51853bbaf,13,view,simulated_baseline
2026-02-02T09:25:33.874349,sim_e51853bbaf,13,view,simulated_baseline
2026-02-02T09:26:45.874349,sim_e51853bbaf,13,view,simulated_baseline
2026-02-19T21:06:58.874383,sim_1fb66fdfa4,12,wishlist,simulated_baseline
2026-02-19T21:11:47.874383,sim_1fb66fdfa4,6,wishlist,simulated_baseline
2026-02-19T21:16:34.874383,sim_1fb66fdfa4,14,view,simulated_baseline
2026-02-19T21:17:43.874383,sim_1fb66fdfa4,14,wishlist,simulated_baseline
2026-02-19T21:18:32.874383,sim_1fb66fdfa4,14,view,simulated_baseline
2026-02-19T21:19:13.874383,sim_1fb66fdfa4,13,view,simulated_baseline
2026-02-19T21:19:43.874383,sim_1fb66fdfa4,14,view,simulated_baseline
2026-02-19T21:21:24.874383,sim_1fb66fdfa4,7,wishlist,simulated_baseline
2026-01-27T03:04:55.874411,sim_bbd9d3853a,5,view,simulated_baseline
2026-01-27T03:09:36.874411,sim_bbd9d3853a,8,view,simulated_baseline
2026-01-27T03:12:04.874411,sim_bbd9d3853a,5,view,simulated_baseline
2026-01-27T03:16:47.874411,sim_bbd9d3853a,13,view,simulated_baseline
2026-01-27T03:17:39.874411,sim_bbd9d3853a,9,add_to_cart,simulated_baseline
2026-01-27T03:21:49.874411,sim_bbd9d3853a,9,view,simulated_baseline
2026-01-27T03:24:50.874411,sim_bbd9d3853a,9,view,simulated_baseline
2026-01-27T03:26:53.874411,sim_bbd9d3853a,9,view,simulated_baseline
2026-01-27T03:29:09.874411,sim_bbd9d3853a,5,view,simulated_baseline
2026-01-27T03:34:03.874411,sim_bbd9d3853a,9,wishlist,simulated_baseline
2026-02-03T02:07:42.874452,sim_3fb08dfb2c,14,view,simulated_baseline
2026-02-03T02:11:11.874452,sim_3fb08dfb2c,13,view,simulated_baseline
2026-02-03T02:14:59.874452,sim_3fb08dfb2c,13,wishlist,simulated_baseline
2026-02-10T11:06:41.874466,sim_2a4b18a166,9,view,simulated_baseline
2026-02-10T11:11:00.874466,sim_2a4b18a166,11,add_to_cart,simulated_baseline
2026-02-10T11:12:51.874466,sim_2a4b18a166,11,view,simulated_baseline
2026-02-10T11:15:28.874466,sim_2a4b18a166,9,view,simulated_baseline
2026-02-10T11:17:33.874466,sim_2a4b18a166,5,view,simulated_baseline
2026-01-30T22:06:23.874486,sim_246cd7946a,10,view,simulated_baseline
2026-01-30T22:10:03.874486,sim_246cd7946a,12,view,simulated_baseline
2026-01-30T22:11:38.874486,sim_246cd7946a,12,view,simulated_baseline
2026-02-04T20:08:08.874500,sim_ef60e47a16,8,wishlist,simulated_baseline
2026-02-04T20:12:51.874500,sim_ef60e47a16,12,wishlist,simulated_baseline
2026-02-04T20:17:09.874500,sim_ef60e47a16,8,view,simulated_baseline
2026-02-04T20:21:57.874500,sim_ef60e47a16,5,view,simulated_baseline
2026-02-04T20:22:53.874500,sim_ef60e47a16,8,wishlist,simulated_baseline
2026-02-04T20:26:27.874500,sim_ef60e47a16,8,view,simulated_baseline
2026-02-04T20:30:51.874500,sim_ef60e47a16,5,wishlist,simulated_baseline
2026-02-04T20:33:51.874500,sim_ef60e47a16,7,wishlist,simulated_baseline
2026-02-03T22:05:32.874529,sim_976f4e09bc,13,wishlist,simulated_baseline
2026-02-03T22:06:47.874529,sim_976f4e09bc,14,view,simulated_baseline
2026-02-03T22:07:12.874529,sim_976f4e09bc,7,view,simulated_baseline
2026-02-03T22:08:27.874529,sim_976f4e09bc,14,add_to_cart,simulated_baseline
2026-02-03T22:09:24.874529,sim_976f4e09bc,13,view,simulated_baseline
2026-02-03T22:13:43.874529,sim_976f4e09bc,7,view,simulated_baseline
2026-02-03T22:14:19.874529,sim_976f4e09bc,7,view,simulated_baseline
2026-02-03T22:17:02.874529,sim_976f4e09bc,14,view,simulated_baseline
2026-02-03T22:17:37.874529,sim_976f4e09bc,9,wishlist,simulated_baseline
2026-02-09T13:03:38.874560,sim_70bc7c0778,10,view,simulated_baseline
2026-02-09T13:04:46.874560,sim_70bc7c0778,14,wishlist,simulated_baseline
2026-02-09T13:06:36.874560,sim_70bc7c0778,11,view,simulated_baseline
2026-02-09T13:07:41.874560,sim_70bc7c0778,6,view,simulated_baseline
2026-02-09T13:08:11.874560,sim_70bc7c0778,6,add_to_cart,simulated_baseline
2026-02-09T13:12:09.874560,sim_70bc7c0778,6,view,simulated_baseline
2026-02-09T13:14:31.874560,sim_70bc7c0778,8,view,simulated_baseline
2026-01-31T15:06:27.874595,sim_0630825690,13,wishlist,simulated_baseline
2026-01-31T15:08:33.874595,sim_0630825690,7,view,simulated_baseline
2026-01-31T15:11:00.874595,sim_0630825690,7,view,simulated_baseline
2026-01-31T15:13:57.874595,sim_0630825690,13,view,simulated_baseline
2026-01-31T15:17:11.874595,sim_0630825690,7,view,simulated_baseline
2026-02-02T05:06:52.874617,sim_95159e7082,7,view,simulated_baseline
2026-02-02T05:11:25.874617,sim_95159e7082,7,add_to_cart,simulated_baseline
2026-02-02T05:14:16.874617,sim_95159e7082,7,view,simulated_baseline
2026-02-02T05:16:12.874617,sim_95159e7082,7,view,simulated_baseline
2026-02-02T05:18:57.874617,sim_95159e7082,7,view,simulated_baseline
2026-02-02T05:20:57.874617,sim_95159e7082,7,view,simulated_baseline
2026-02-02T05:23:51.874617,sim_95159e7082,13,view,simulated_baseline
2026-02-02T05:26:34.874617,sim_95159e7082,9,add_to_cart,simulated_baseline
2026-02-02T05:31:04.874617,sim_95159e7082,13,view,simulated_baseline
2026-02-21T20:04:58.874649,sim_7c52ec20cd,8,view,simulated_baseline
2026-02-21T20:06:56.874649,sim_7c52ec20cd,5,view,simulated_baseline
2026-02-21T20:11:35.874649,sim_7c52ec20cd,9,wishlist,simulated_baseline
2026-02-21T20:11:58.874649,sim_7c52ec20cd,13,view,simulated_baseline
2026-02-21T20:16:15.874649,sim_7c52ec20cd,9,view,simulated_baseline
2026-02-21T20:18:56.874649,sim_7c52ec20cd,5,add_to_cart,simulated_baseline
2026-02-21T20:22:03.874649,sim_7c52ec20cd,8,view,simulated_baseline
2026-02-15T12:04:20.874674,sim_0c45cbc14c,12,view,simulated_baseline
2026-02-15T12:07:35.874674,sim_0c45cbc14c,10,wishlist,simulated_baseline
2026-02-15T12:11:00.874674,sim_0c45cbc14c,9,view,simulated_baseline
2026-02-15T12:14:34.874674,sim_0c45cbc14c,13,view,simulated_baseline
2026-02-15T12:17:00.874674,sim_0c45cbc14c,11,wishlist,simulated_baseline
2026-02-15T05:03:44.874694,sim_f3a9e06047,5,view,simulated_baseline
2026-02-15T05:07:20.874694,sim_f3a9e06047,5,view,simulated_baseline
2026-02-15T05:09:36.874694,sim_f3a9e06047,9,view,simulated_baseline
2026-01-24T11:06:50.874708,sim_a532719c62,7,view,simulated_baseline
2026-01-24T11:10:35.874708,sim_a532719c62,13,view,simulated_baseline
2026-01-24T11:14:54.874708,sim_a532719c62,14,view,simulated_baseline
2026-01-24T11:18:54.874708,sim_a532719c62,7,view,simulated_baseline
2026-01-24T11:23:30.874708,sim_a532719c62,14,wishlist,simulated_baseline
2026-01-24T11:27:47.874708,sim_a532719c62,14,view,simulated_baseline
2026-01-24T11:32:44.874708,sim_a532719c62,7,view,simulated_baseline
2026-01-31T23:06:03.874732,sim_a8fd10f4e9,11,view,simulated_baseline
2026-01-31T23:10:30.874732,sim_a8fd10f4e9,11,wishlist,simulated_baseline
2026-01-31T23:12:34.874732,sim_a8fd10f4e9,12,view,simulated_baseline
2026-01-31T23:13:55.874732,sim_a8fd10f4e9,10,add_to_cart,simulated_baseline
2026-01-31T23:18:43.874732,sim_a8fd10f4e9,10,wishlist,simulated_baseline
2026-01-31T23:22:26.874732,sim_a8fd10f4e9,11,view,simulated_baseline
2026-01-31T23:24:56.874732,sim_a8fd10f4e9,6,view,simulated_baseline
2026-01-31T23:26:13.874732,sim_a8fd10f4e9,12,view,simulated_baseline
2026-02-05T21:05:27.874762,sim_d259fa99ef,7,view,simulated_baseline
2026-02-05T21:07:04.874762,sim_d259fa99ef,9,view,simulated_baseline
2026-02-05T21:11:59.874762,sim_d259fa99ef,7,add_to_cart,simulated_baseline
2026-02-05T21:16:10.874762,sim_d259fa99ef,7,view,simulated_baseline
2026-02-05T21:18:49.874762,sim_d259fa99ef,7,view,simulated_baseline
2026-02-05T21:19:53.874762,sim_d259fa99ef,7,add_to_cart,simulated_baseline
2026-02-05T21:20:46.874762,sim_d259fa99ef,14,view,simulated_baseline
2026-02-05T21:21:48.874762,sim_d259fa99ef,14,view,simulated_baseline
2026-02-05T21:24:03.874762,sim_d259fa99ef,14,view,simulated_baseline
2026-02-05T21:29:02.874762,sim_d259fa99ef,14,view,simulated_baseline
2026-02-15T01:08:09.874796,sim_b08d6024db,14,view,simulated_baseline
2026-02-15T01:12:47.874796,sim_b08d6024db,6,view,simulated_baseline
2026-02-15T01:14:25.874796,sim_b08d6024db,13,view,simulated_baseline
2026-02-15T01:16:18.874796,sim_b08d6024db,7,view,simulated_baseline
2026-02-15T01:18:43.874796,sim_b08d6024db,7,view,simulated_baseline
2026-02-15T01:23:13.874796,sim_b08d6024db,11,view,simulated_baseline
2026-02-15T01:28:00.874796,sim_b08d6024db,14,view,simulated_baseline
2026-02-15T01:29:48.874796,sim_b08d6024db,5,view,simulated_baseline
2026-02-15T01:31:24.874796,sim_b08d6024db,13,view,simulated_baseline
2026-02-22T02:06:14.874828,sim_0db241bbd3,13,view,simulated_baseline
2026-02-22T02:09:08.874828,sim_0db241bbd3,14,add_to_cart,simulated_baseline
2026-02-22T02:13:15.874828,sim_0db241bbd3,7,view,simulated_baseline
2026-02-22T02:15:10.874828,sim_0db241bbd3,9,wishlist,simulated_baseline
2026-02-22T02:16:10.874828,sim_0db241bbd3,14,view,simulated_baseline
2026-02-22T02:19:28.874828,sim_0db241bbd3,13,wishlist,simulated_baseline
2026-02-22T02:20:44.874828,sim_0db241bbd3,13,view,simulated_baseline
2026-02-22T02:20:59.874828,sim_0db241bbd3,6,view,simulated_baseline
2026-02-22T02:22:36.874828,sim_0db241bbd3,7,view,simulated_baseline
2026-02-19T02:07:27.874859,sim_f846783ed6,12,wishlist,simulated_baseline
2026-02-19T02:11:02.874859,sim_f846783ed6,8,view,simulated_baseline
2026-02-19T02:14:48.874859,sim_f846783ed6,13,view,simulated_baseline
2026-02-19T02:15:17.874859,sim_f846783ed6,13,wishlist,simulated_baseline
2026-02-19T02:20:09.874859,sim_f846783ed6,7,view,simulated_baseline
2026-02-19T02:22:15.874859,sim_f846783ed6,14,wishlist,simulated_baseline
2026-02-19T02:26:46.874859,sim_f846783ed6,7,view,simulated_baseline
2026-02-19T02:27:26.874859,sim_f846783ed6,10,view,simulated_baseline
2026-02-19T02:29:03.874859,sim_f846783ed6,7,wishlist,simulated_baseline
2026-01-29T18:05:59.874897,sim_d69d3791ee,9,view,simulated_baseline
2026-01-29T18:08:52.874897,sim_d69d3791ee,9,view,simulated_baseline
2026-01-29T18:12:22.874897,sim_d69d3791ee,9,view,simulated_baseline
2026-01-29T18:13:59.874897,sim_d69d3791ee,10,view,simulated_baseline
2026-01-29T18:15:04.874897,sim_d69d3791ee,8,view,simulated_baseline
2026-01-29T18:18:52.874897,sim_d69d3791ee,8,view,simulated_baseline
2026-02-07T08:04:41.874919,sim_7af3d96db3,13,view,simulated_baseline
2026-02-07T08:09:24.874919,sim_7af3d96db3,8,add_to_cart,simulated_baseline
2026-02-07T08:12:03.874919,sim_7af3d96db3,14,wishlist,simulated_baseline
2026-02-07T08:15:21.874919,sim_7af3d96db3,13,view,simulated_baseline
2026-02-07T08:20:21.874919,sim_7af3d96db3,14,wishlist,simulated_baseline
2026-02-07T08:23:29.874919,sim_7af3d96db3,13,view,simulated_baseline
2026-02-18T09:04:31.874942,sim_a4c58e3e68,13,wishlist,simulated_baseline
2026-02-18T09:09:14.874942,sim_a4c58e3e68,14,view,simulated_baseline
2026-02-18T09:11:49.874942,sim_a4c58e3e68,7,view,simulated_baseline
2026-02-18T09:13:03.874942,sim_a4c58e3e68,14,view,simulated_baseline
2026-02-18T09:16:21.874942,sim_a4c58e3e68,7,view,simulated_baseline
2026-02-18T09:19:30.874942,sim_a4c58e3e68,14,view,simulated_baseline
2026-02-05T13:04:12.874964,sim_b2e1f3eacc,12,view,simulated_baseline
2026-02-05T13:09:11.874964,sim_b2e1f3eacc,10,wishlist,simulated_baseline
2026-02-05T13:11:07.874964,sim_b2e1f3eacc,12,view,simulated_baseline
2026-02-05T13:15:02.874964,sim_b2e1f3eacc,6,view,simulated_baseline
2026-02-05T13:18:30.874964,sim_b2e1f3eacc,6,add_to_cart,simulated_baseline
2026-02-05T13:21:20.874964,sim_b2e1f3eacc,10,view,simulated_baseline
2026-02-05T13:22:35.874964,sim_b2e1f3eacc,11,wishlist,simulated_baseline
2026-02-05T13:27:20.874964,sim_b2e1f3eacc,8,view,simulated_baseline
2026-02-05T13:27:57.874964,sim_b2e1f3eacc,12,wishlist,simulated_baseline
2026-02-05T13:28:07.874964,sim_b2e1f3eacc,12,wishlist,simulated_baseline
2026-01-25T22:07:17.874999,sim_89db9f1d65,8,view,simulated_baseline
2026-01-25T22:09:28.874999,sim_89db9f1d65,5,view,simulated_baseline
2026-01-25T22:13:21.874999,sim_89db9f1d65,8,wishlist,simulated_baseline
2026-01-25T22:17:10.874999,sim_89db9f1d65,5,view,simulated_baseline
2026-01-25T22:17:39.874999,sim_89db9f1d65,5,wishlist,simulated_baseline
2026-01-25T22:22:10.874999,sim_89db9f1d65,5,view,simulated_baseline
2026-01-25T22:26:52.874999,sim_89db9f1d65,8,view,simulated_baseline
2026-01-25T22:27:32.874999,sim_89db9f1d65,6,view,simulated_baseline
2026-02-02T16:06:22.875027,sim_83e825ccd0,12,view,simulated_baseline
2026-02-02T16:08:02.875027,sim_83e825ccd0,6,view,simulated_baseline
2026-02-02T16:12:43.875027,sim_83e825ccd0,10,wishlist,simulated_baseline
2026-02-02T16:14:13.875027,sim_83e825ccd0,6,view,simulated_baseline
2026-02-02T16:14:27.875027,sim_83e825ccd0,11,view,simulated_baseline
2026-02-02T16:15:44.875027,sim_83e825ccd0,11,view,simulated_baseline
2026-02-02T16:17:28.875027,sim_83e825ccd0,10,view,simulated_baseline
2026-02-12T17:04:39.875052,sim_d89fc8c690,8,wishlist,simulated_baseline
2026-02-12T17:05:20.875052,sim_d89fc8c690,9,view,simulated_baseline
2026-02-12T17:07:16.875052,sim_d89fc8c690,9,wishlist,simulated_baseline
2026-02-12T17:11:47.875052,sim_d89fc8c690,9,add_to_cart,simulated_baseline
2026-02-12T17:13:32.875052,sim_d89fc8c690,14,wishlist,simulated_baseline
2026-02-12T17:14:27.875052,sim_d89fc8c690,8,view,simulated_baseline
2026-02-12T17:19:04.875052,sim_d89fc8c690,8,view,simulated_baseline
2026-02-12T17:22:05.875052,sim_d89fc8c690,9,view,simulated_baseline
2026-02-12T17:23:41.875052,sim_d89fc8c690,9,add_to_cart,simulated_baseline
2026-02-12T17:24:18.875052,sim_d89fc8c690,11,view,simulated_baseline
2026-01-29T21:06:11.875087,sim_4c4faa82e5,5,wishlist,simulated_baseline
2026-01-29T21:10:33.875087,sim_4c4faa82e5,10,wishlist,simulated_baseline
2026-01-29T21:14:47.875087,sim_4c4faa82e5,13,add_to_cart,simulated_baseline
2026-02-06T06:06:05.875102,sim_4c9529cbc8,7,view,simulated_baseline
2026-02-06T06:10:41.875102,sim_4c9529cbc8,7,view,simulated_baseline
2026-02-06T06:11:13.875102,sim_4c9529cbc8,13,view,simulated_baseline
2026-02-06T06:12:35.875102,sim_4c9529cbc8,13,wishlist,simulated_baseline
2026-02-06T06:13:47.875102,sim_4c9529cbc8,14,view,simulated_baseline
2026-02-06T06:15:24.875102,sim_4c9529cbc8,13,view,simulated_baseline
2026-02-09T02:06:15.875125,sim_b97b1aa3cf,7,view,simulated_baseline
2026-02-09T02:07:21.875125,sim_b97b1aa3cf,7,view,simulated_baseline
2026-02-09T02:10:33.875125,sim_b97b1aa3cf,7,view,simulated_baseline
2026-02-09T02:11:11.875125,sim_b97b1aa3cf,14,view,simulated_baseline
2026-02-09T02:15:35.875125,sim_b97b1aa3cf,13,view,simulated_baseline
2026-02-09T02:16:18.875125,sim_b97b1aa3cf,7,view,simulated_baseline
2026-02-09T02:18:45.875125,sim_b97b1aa3cf,14,view,simulated_baseline
2026-02-09T02:22:12.875125,sim_b97b1aa3cf,13,wishlist,simulated_baseline
2026-02-09T02:26:43.875125,sim_b97b1aa3cf,13,view,simulated_baseline
2026-02-11T13:06:33.875156,sim_372a098f7a,11,view,simulated_baseline
2026-02-11T13:08:55.875156,sim_372a098f7a,8,wishlist,simulated_baseline
2026-02-11T13:11:05.875156,sim_372a098f7a,11,view,simulated_baseline
2026-02-11T13:11:47.875156,sim_372a098f7a,6,view,simulated_baseline
2026-02-11T13:15:00.875156,sim_372a098f7a,6,add_to_cart,simulated_baseline
2026-02-11T13:18:02.875156,sim_372a098f7a,12,view,simulated_baseline
2026-02-11T13:21:22.875156,sim_372a098f7a,9,view,simulated_baseline
2026-02-11T13:23:45.875156,sim_372a098f7a,6,wishlist,simulated_baseline
2026-02-11T13:25:04.875156,sim_372a098f7a,11,view,simulated_baseline
2026-02-21T11:06:18.875189,sim_bd6185e67b,5,view,simulated_baseline
2026-02-21T11:08:00.875189,sim_bd6185e67b,7,view,simulated_baseline
2026-02-21T11:11:23.875189,sim_bd6185e67b,9,view,simulated_baseline
2026-01-26T10:05:04.875202,sim_fdabe4736b,5,view,simulated_baseline
2026-01-26T10:06:22.875202,sim_fdabe4736b,9,add_to_cart,simulated_baseline
2026-01-26T10:08:33.875202,sim_fdabe4736b,5,view,simulated_baseline
2026-01-26T10:09:12.875202,sim_fdabe4736b,5,view,simulated_baseline
2026-01-26T10:13:17.875202,sim_fdabe4736b,13,view,simulated_baseline
2026-01-30T02:03:28.875221,sim_373f8240ef,7,wishlist,simulated_baseline
2026-01-30T02:08:03.875221,sim_373f8240ef,11,view,simulated_baseline
2026-01-30T02:11:10.875221,sim_373f8240ef,7,wishlist,simulated_baseline
2026-01-30T02:16:01.875221,sim_373f8240ef,7,wishlist,simulated_baseline
2026-02-20T10:04:04.875240,sim_890f269c35,9,view,simulated_baseline
2026-02-20T10:04:33.875240,sim_890f269c35,5,view,simulated_baseline
2026-02-20T10:09:09.875240,sim_890f269c35,9,view,simulated_baseline
2026-02-20T10:09:27.875240,sim_890f269c35,8,view,simulated_baseline
2026-02-20T10:11:36.875240,sim_890f269c35,5,view,simulated_baseline
2026-02-20T10:14:06.875240,sim_890f269c35,7,view,simulated_baseline
2026-02-20T10:16:45.875240,sim_890f269c35,8,add_to_cart,simulated_baseline
2026-02-20T10:21:20.875240,sim_890f269c35,8,wishlist,simulated_baseline
2026-02-20T10:22:35.875240,sim_890f269c35,5,wishlist,simulated_baseline
2026-02-08T01:04:43.875271,sim_d8e86e1708,13,wishlist,simulated_baseline
2026-02-08T01:07:43.875271,sim_d8e86e1708,7,view,simulated_baseline
2026-02-08T01:10:06.875271,sim_d8e86e1708,7,view,simulated_baseline
2026-02-08T01:12:09.875271,sim_d8e86e1708,7,view,simulated_baseline
2026-02-08T01:16:21.875271,sim_d8e86e1708,14,view,simulated_baseline
2026-02-08T01:16:33.875271,sim_d8e86e1708,14,view,simulated_baseline
2026-02-08T01:17:01.875271,sim_d8e86e1708,14,view,simulated_baseline
2026-02-08T01:18:59.875271,sim_d8e86e1708,14,view,simulated_baseline
2026-02-08T01:19:10.875271,sim_d8e86e1708,13,view,simulated_baseline
2026-02-14T17:07:41.875302,sim_d284113402,12,view,simulated_baseline
2026-02-14T17:07:59.875302,sim_d284113402,14,view,simulated_baseline
2026-02-14T17:11:37.875302,sim_d284113402,9,view,simulated_baseline
2026-02-14T17:14:53.875302,sim_d284113402,13,view,simulated_baseline
2026-02-14T17:16:12.875302,sim_d284113402,13,view,simulated_baseline
2026-02-14T17:18:12.875302,sim_d284113402,13,view,simulated_baseline
2026-02-14T17:22:50.875302,sim_d284113402,5,view,simulated_baseline
2026-02-14T17:27:43.875302,sim_d284113402,13,view,simulated_baseline
2026-02-22T08:04:37.875337,sim_7e7e12df26,12,view,simulated_baseline
2026-02-22T08:07:28.875337,sim_7e7e12df26,13,wishlist,simulated_baseline
2026-02-22T08:11:48.875337,sim_7e7e12df26,10,view,simulated_baseline
2026-02-22T08:14:44.875337,sim_7e7e12df26,10,wishlist,simulated_baseline
2026-02-22T08:17:23.875337,sim_7e7e12df26,11,view,simulated_baseline
2026-02-22T08:22:13.875337,sim_7e7e12df26,14,view,simulated_baseline
2026-02-22T08:26:32.875337,sim_7e7e12df26,10,view,simulated_baseline
2026-02-22T08:30:55.875337,sim_7e7e12df26,6,add_to_cart,simulated_baseline
2026-02-22T08:35:54.875337,sim_7e7e12df26,6,wishlist,simulated_baseline
2026-02-19T04:05:32.875370,sim_a6877ef46c,6,view,simulated_baseline
2026-02-19T04:06:57.875370,sim_a6877ef46c,8,view,simulated_baseline
2026-02-19T04:09:28.875370,sim_a6877ef46c,9,wishlist,simulated_baseline
2026-02-19T04:13:07.875370,sim_a6877ef46c,5,view,simulated_baseline
2026-02-19T04:14:05.875370,sim_a6877ef46c,8,view,simulated_baseline
2026-02-19T04:16:26.875370,sim_a6877ef46c,9,add_to_cart,simulated_baseline
2026-02-19T04:20:59.875370,sim_a6877ef46c,9,view,simulated_baseline
2026-02-19T04:25:52.875370,sim_a6877ef46c,8,view,simulated_baseline
2026-01-25T20:03:36.875399,sim_de550d6287,9,view,simulated_baseline
2026-01-25T20:07:51.875399,sim_de550d6287,5,view,simulated_baseline
2026-01-25T20:12:17.875399,sim_de550d6287,10,wishlist,simulated_baseline
2026-01-25T20:13:46.875399,sim_de550d6287,6,add_to_cart,simulated_baseline
2026-01-25T20:15:48.875399,sim_de550d6287,11,add_to_cart,simulated_baseline
2026-01-25T20:16:25.875399,sim_de550d6287,6,view,simulated_baseline
2026-01-25T20:21:01.875399,sim_de550d6287,10,wishlist,simulated_baseline
2026-01-27T08:05:17.875426,sim_5af1f4f03f,14,view,simulated_baseline
2026-01-27T08:08:26.875426,sim_5af1f4f03f,7,wishlist,simulated_baseline
2026-01-27T08:11:48.875426,sim_5af1f4f03f,14,view,simulated_baseline
2026-01-27T08:13:49.875426,sim_5af1f4f03f,12,view,simulated_baseline
2026-01-27T08:17:23.875426,sim_5af1f4f03f,5,wishlist,simulated_baseline
2026-02-17T20:06:12.875445,sim_023a83b637,9,view,simulated_baseline
2026-02-17T20:07:01.875445,sim_023a83b637,8,wishlist,simulated_baseline
2026-02-17T20:11:49.875445,sim_023a83b637,9,view,simulated_baseline
2026-02-17T20:16:29.875445,sim_023a83b637,8,view,simulated_baseline
2026-02-17T20:21:12.875445,sim_023a83b637,9,wishlist,simulated_baseline
2026-02-17T20:22:26.875445,sim_023a83b637,11,wishlist,simulated_baseline
2026-02-17T20:23:16.875445,sim_023a83b637,5,view,simulated_baseline
2026-02-17T20:25:55.875445,sim_023a83b637,5,view,simulated_baseline
2026-02-21T18:08:00.875474,sim_94e5c3885d,5,view,simulated_baseline
2026-02-21T18:09:18.875474,sim_94e5c3885d,8,add_to_cart,simulated_baseline
2026-02-21T18:10:45.875474,sim_94e5c3885d,9,add_to_cart,simulated_baseline
2026-02-21T18:13:27.875474,sim_94e5c3885d,7,add_to_cart,simulated_baseline
2026-02-21T18:18:21.875474,sim_94e5c3885d,5,view,simulated_baseline
2026-02-21T18:18:44.875474,sim_94e5c3885d,8,view,simulated_baseline
2026-02-21T18:21:33.875474,sim_94e5c3885d,8,view,simulated_baseline
2026-02-21T18:22:49.875474,sim_94e5c3885d,9,view,simulated_baseline
2026-02-21T18:25:22.875474,sim_94e5c3885d,8,view,simulated_baseline
2026-01-26T20:05:24.875505,sim_3e70e926fb,12,view,simulated_baseline
2026-01-26T20:05:53.875505,sim_3e70e926fb,12,view,simulated_baseline
2026-01-26T20:09:35.875505,sim_3e70e926fb,6,view,simulated_baseline
2026-02-02T23:07:46.875519,sim_13cf67ef47,13,wishlist,simulated_baseline
2026-02-02T23:08:14.875519,sim_13cf67ef47,14,view,simulated_baseline
2026-02-02T23:10:48.875519,sim_13cf67ef47,14,view,simulated_baseline
2026-02-02T23:14:36.875519,sim_13cf67ef47,7,wishlist,simulated_baseline
2026-02-02T23:15:43.875519,sim_13cf67ef47,14,view,simulated_baseline
2026-02-02T23:19:31.875519,sim_13cf67ef47,11,view,simulated_baseline
2026-02-02T23:23:29.875519,sim_13cf67ef47,14,view,simulated_baseline
2026-01-31T09:06:57.875545,sim_5af4912ad1,14,view,simulated_baseline
2026-01-31T09:09:37.875545,sim_5af4912ad1,12,view,simulated_baseline
2026-01-31T09:11:27.875545,sim_5af4912ad1,12,view,simulated_baseline
2026-01-31T09:15:47.875545,sim_5af4912ad1,7,wishlist,simulated_baseline
2026-02-14T23:05:31.875561,sim_11ab4f716c,9,view,simulated_baseline
2026-02-14T23:07:53.875561,sim_11ab4f716c,12,add_to_cart,simulated_baseline
2026-02-14T23:11:40.875561,sim_11ab4f716c,8,wishlist,simulated_baseline
2026-01-30T22:07:00.875575,sim_a5042642c4,9,view,simulated_baseline
2026-01-30T22:07:37.875575,sim_a5042642c4,7,view,simulated_baseline
2026-01-30T22:07:49.875575,sim_a5042642c4,7,wishlist,simulated_baseline
2026-01-30T22:09:37.875575,sim_a5042642c4,13,view,simulated_baseline
2026-01-30T22:10:37.875575,sim_a5042642c4,14,view,simulated_baseline
2026-01-30T22:14:57.875575,sim_a5042642c4,7,view,simulated_baseline
2026-01-30T22:18:52.875575,sim_a5042642c4,13,add_to_cart,simulated_baseline
2026-01-30T22:21:52.875575,sim_a5042642c4,13,view,simulated_baseline
2026-01-30T22:24:56.875575,sim_a5042642c4,14,view,simulated_baseline
2026-02-13T04:03:27.875607,sim_f1cf061bab,11,view,simulated_baseline
2026-02-13T04:04:15.875607,sim_f1cf061bab,11,view,simulated_baseline
2026-02-13T04:06:31.875607,sim_f1cf061bab,6,view,simulated_baseline
2026-02-13T04:08:16.875607,sim_f1cf061bab,12,view,simulated_baseline
2026-02-13T04:13:10.875607,sim_f1cf061bab,11,view,simulated_baseline
2026-02-13T04:17:26.875607,sim_f1cf061bab,10,view,simulated_baseline
2026-02-13T04:19:06.875607,sim_f1cf061bab,6,view,simulated_baseline
2026-02-13T04:22:47.875607,sim_f1cf061bab,12,view,simulated_baseline
2026-02-13T04:25:33.875607,sim_f1cf061bab,12,wishlist,simulated_baseline
2026-02-23T01:04:46.875639,sim_ee88f11940,9,view,simulated_baseline
2026-02-23T01:07:17.875639,sim_ee88f11940,12,view,simulated_baseline
2026-02-23T01:08:06.875639,sim_ee88f11940,11,view,simulated_baseline
2026-02-23T01:08:57.875639,sim_ee88f11940,10,view,simulated_baseline
2026-02-23T01:11:18.875639,sim_ee88f11940,10,view,simulated_baseline
2026-02-23T01:15:04.875639,sim_ee88f11940,12,view,simulated_baseline
2026-02-23T01:16:48.875639,sim_ee88f11940,10,view,simulated_baseline
2026-02-23T01:18:49.875639,sim_ee88f11940,12,view,simulated_baseline
2026-02-23T01:19:38.875639,sim_ee88f11940,11,view,simulated_baseline
2026-02-23T01:23:34.875639,sim_ee88f11940,12,view,simulated_baseline
2026-02-16T06:03:40.875674,sim_86e8b85d83,9,view,simulated_baseline
2026-02-16T06:07:42.875674,sim_86e8b85d83,14,view,simulated_baseline
2026-02-16T06:09:53.875674,sim_86e8b85d83,13,wishlist,simulated_baseline
2026-02-16T06:13:42.875674,sim_86e8b85d83,14,view,simulated_baseline
2026-02-16T06:15:44.875674,sim_86e8b85d83,14,view,simulated_baseline
2026-02-05T04:07:09.875693,sim_bd2db19478,6,view,simulated_baseline
2026-02-05T04:11:16.875693,sim_bd2db19478,13,view,simulated_baseline
2026-02-05T04:15:33.875693,sim_bd2db19478,13,wishlist,simulated_baseline
2026-02-05T04:15:43.875693,sim_bd2db19478,7,view,simulated_baseline
2026-02-05T04:18:51.875693,sim_bd2db19478,14,view,simulated_baseline
2026-02-05T04:20:24.875693,sim_bd2db19478,13,wishlist,simulated_baseline
2026-02-05T04:24:51.875693,sim_bd2db19478,14,view,simulated_baseline
2026-02-05T04:26:13.875693,sim_bd2db19478,13,view,simulated_baseline
2026-02-05T04:28:24.875693,sim_bd2db19478,14,add_to_cart,simulated_baseline
2026-02-05T04:29:34.875693,sim_bd2db19478,6,wishlist,simulated_baseline
2026-02-21T08:05:49.875728,sim_c115ece7e2,5,add_to_cart,simulated_baseline
2026-02-21T08:10:23.875728,sim_c115ece7e2,5,wishlist,simulated_baseline
2026-02-21T08:10:40.875728,sim_c115ece7e2,9,view,simulated_baseline
2026-02-21T08:13:11.875728,sim_c115ece7e2,5,wishlist,simulated_baseline
2026-02-21T08:16:14.875728,sim_c115ece7e2,12,view,simulated_baseline
2026-02-21T08:20:41.875728,sim_c115ece7e2,9,view,simulated_baseline
2026-02-21T08:24:48.875728,sim_c115ece7e2,5,view,simulated_baseline
2026-02-21T08:25:50.875728,sim_c115ece7e2,9,view,simulated_baseline
2026-02-21T08:29:53.875728,sim_c115ece7e2,13,view,simulated_baseline
2026-02-07T11:05:10.875765,sim_db2659b7ed,9,view,simulated_baseline
2026-02-07T11:08:08.875765,sim_db2659b7ed,5,add_to_cart,simulated_baseline
2026-02-07T11:09:22.875765,sim_db2659b7ed,5,wishlist,simulated_baseline
2026-02-07T11:12:08.875765,sim_db2659b7ed,9,wishlist,simulated_baseline
2026-02-07T11:13:26.875765,sim_db2659b7ed,8,view,simulated_baseline
2026-02-07T11:14:01.875765,sim_db2659b7ed,5,view,simulated_baseline
2026-02-09T09:05:30.875788,sim_59e75f4cfd,5,view,simulated_baseline
2026-02-09T09:07:54.875788,sim_59e75f4cfd,12,wishlist,simulated_baseline
2026-02-09T09:11:31.875788,sim_59e75f4cfd,10,view,simulated_baseline
2026-02-09T09:14:55.875788,sim_59e75f4cfd,6,view,simulated_baseline
2026-02-09T09:19:18.875788,sim_59e75f4cfd,10,view,simulated_baseline
2026-02-09T09:19:50.875788,sim_59e75f4cfd,6,view,simulated_baseline
2026-02-09T09:24:09.875788,sim_59e75f4cfd,11,wishlist,simulated_baseline
2026-02-09T09:28:28.875788,sim_59e75f4cfd,10,view,simulated_baseline
2026-02-09T09:32:13.875788,sim_59e75f4cfd,6,view,simulated_baseline
2026-02-09T09:36:18.875788,sim_59e75f4cfd,12,wishlist,simulated_baseline
2026-01-25T06:04:15.875822,sim_17a98b78ef,9,view,simulated_baseline
2026-01-25T06:05:18.875822,sim_17a98b78ef,5,wishlist,simulated_baseline
2026-01-25T06:08:22.875822,sim_17a98b78ef,5,view,simulated_baseline
2026-01-25T06:11:17.875822,sim_17a98b78ef,9,view,simulated_baseline
2026-01-25T06:15:44.875822,sim_17a98b78ef,8,view,simulated_baseline
2026-01-25T06:18:23.875822,sim_17a98b78ef,9,view,simulated_baseline
2026-01-25T06:21:31.875822,sim_17a98b78ef,5,view,simulated_baseline
2026-01-25T06:25:02.875822,sim_17a98b78ef,8,wishlist,simulated_baseline
2026-02-13T22:05:27.875850,sim_e2aa920810,6,view,simulated_baseline
2026-02-13T22:06:19.875850,sim_e2aa920810,11,wishlist,simulated_baseline
2026-02-13T22:09:12.875850,sim_e2aa920810,11,view,simulated_baseline
2026-02-13T22:12:02.875850,sim_e2aa920810,12,view,simulated_baseline
2026-02-13T22:15:13.875850,sim_e2aa920810,11,wishlist,simulated_baseline
2026-02-13T22:19:36.875850,sim_e2aa920810,10,view,simulated_baseline
2026-02-03T13:06:48.875872,sim_9192f3e11b,11,view,simulated_baseline
2026-02-03T13:09:53.875872,sim_9192f3e11b,10,wishlist,simulated_baseline
2026-02-03T13:10:58.875872,sim_9192f3e11b,13,view,simulated_baseline
2026-01-27T00:05:25.875887,sim_00108c7161,13,view,simulated_baseline
2026-01-27T00:09:50.875887,sim_00108c7161,9,view,simulated_baseline
2026-01-27T00:12:36.875887,sim_00108c7161,8,view,simulated_baseline
2026-01-27T00:13:14.875887,sim_00108c7161,5,view,simulated_baseline
2026-01-27T00:14:03.875887,sim_00108c7161,5,view,simulated_baseline
2026-01-27T00:16:14.875887,sim_00108c7161,8,view,simulated_baseline
2026-01-27T00:19:10.875887,sim_00108c7161,8,wishlist,simulated_baseline
2026-01-27T00:21:57.875887,sim_00108c7161,5,wishlist,simulated_baseline
2026-01-27T00:23:52.875887,sim_00108c7161,5,view,simulated_baseline
2026-01-27T00:24:48.875887,sim_00108c7161,12,view,simulated_baseline
2026-02-15T09:06:37.875922,sim_4ab60fe392,5,view,simulated_baseline
2026-02-15T09:07:48.875922,sim_4ab60fe392,11,wishlist,simulated_baseline
2026-02-15T09:11:56.875922,sim_4ab60fe392,9,view,simulated_baseline
2026-02-15T09:12:56.875922,sim_4ab60fe392,5,wishlist,simulated_baseline
2026-02-15T09:16:06.875922,sim_4ab60fe392,5,view,simulated_baseline
2026-02-15T09:19:50.875922,sim_4ab60fe392,8,add_to_cart,simulated_baseline
2026-02-15T09:23:32.875922,sim_4ab60fe392,5,view,simulated_baseline
2026-02-15T09:25:29.875922,sim_4ab60fe392,5,view,simulated_baseline
2026-02-15T09:28:30.875922,sim_4ab60fe392,9,wishlist,simulated_baseline
2026-02-15T09:32:05.875922,sim_4ab60fe392,9,view,simulated_baseline
2026-02-02T02:03:57.875957,sim_a1762282a4,12,view,simulated_baseline
2026-02-02T02:05:42.875957,sim_a1762282a4,8,view,simulated_baseline
2026-02-02T02:10:16.875957,sim_a1762282a4,9,wishlist,simulated_baseline
2026-02-02T02:14:36.875957,sim_a1762282a4,5,wishlist,simulated_baseline
2026-02-02T02:17:27.875957,sim_a1762282a4,5,view,simulated_baseline
2026-02-24T00:06:21.875977,sim_a93e51637a,11,wishlist,simulated_baseline
2026-02-24T00:08:53.875977,sim_a93e51637a,6,view,simulated_baseline
2026-02-24T00:10:11.875977,sim_a93e51637a,10,wishlist,simulated_baseline
2026-02-24T00:12:05.875977,sim_a93e51637a,6,view,simulated_baseline
2026-02-24T00:12:57.875977,sim_a93e51637a,12,view,simulated_baseline
2026-02-24T00:14:29.875977,sim_a93e51637a,10,view,simulated_baseline
2026-02-07T02:04:54.876001,sim_2fba445aa5,9,add_to_cart,simulated_baseline
2026-02-07T02:06:51.876001,sim_2fba445aa5,11,wishlist,simulated_baseline
2026-02-07T02:08:57.876001,sim_2fba445aa5,11,view,simulated_baseline
2026-02-07T02:09:37.876001,sim_2fba445aa5,6,wishlist,simulated_baseline
2026-02-07T02:11:22.876001,sim_2fba445aa5,6,view,simulated_baseline
2026-02-07T02:15:06.876001,sim_2fba445aa5,11,view,simulated_baseline
2026-02-07T02:17:03.876001,sim_2fba445aa5,13,view,simulated_baseline
2026-02-07T02:19:19.876001,sim_2fba445aa5,5,add_to_cart,simulated_baseline
2026-02-08T16:03:56.876036,sim_6532054acd,7,view,simulated_baseline
2026-02-08T16:08:55.876036,sim_6532054acd,14,view,simulated_baseline
2026-02-08T16:12:10.876036,sim_6532054acd,14,add_to_cart,simulated_baseline
2026-02-08T16:16:53.876036,sim_6532054acd,7,wishlist,simulated_baseline
2026-02-08T16:19:03.876036,sim_6532054acd,14,add_to_cart,simulated_baseline
2026-02-08T16:21:46.876036,sim_6532054acd,8,view,simulated_baseline
2026-02-08T16:26:22.876036,sim_6532054acd,7,wishlist,simulated_baseline
2026-02-08T16:30:54.876036,sim_6532054acd,14,view,simulated_baseline
2026-02-08T16:32:38.876036,sim_6532054acd,7,wishlist,simulated_baseline
2026-02-08T09:06:03.876069,sim_18d4a9b80f,9,view,simulated_baseline
2026-02-08T09:11:00.876069,sim_18d4a9b80f,9,view,simulated_baseline
2026-02-08T09:12:30.876069,sim_18d4a9b80f,5,wishlist,simulated_baseline
2026-02-08T09:14:17.876069,sim_18d4a9b80f,9,view,simulated_baseline
2026-01-31T11:03:29.876085,sim_4c75260e75,14,view,simulated_baseline
2026-01-31T11:06:30.876085,sim_4c75260e75,14,view,simulated_baseline
2026-01-31T11:10:13.876085,sim_4c75260e75,7,view,simulated_baseline
2026-01-31T11:11:11.876085,sim_4c75260e75,13,wishlist,simulated_baseline
2026-01-31T11:14:46.876085,sim_4c75260e75,7,view,simulated_baseline
2026-01-31T11:16:27.876085,sim_4c75260e75,14,view,simulated_baseline
2026-01-31T11:18:27.876085,sim_4c75260e75,14,wishlist,simulated_baseline
2026-01-31T11:20:29.876085,sim_4c75260e75,7,view,simulated_baseline
2026-02-06T15:04:57.876113,sim_b837db8348,13,view,simulated_baseline
2026-02-06T15:09:52.876113,sim_b837db8348,5,view,simulated_baseline
2026-02-06T15:11:37.876113,sim_b837db8348,13,view,simulated_baseline
2026-02-06T15:15:47.876113,sim_b837db8348,14,view,simulated_baseline
2026-02-06T15:17:16.876113,sim_b837db8348,9,wishlist,simulated_baseline
2026-02-09T18:03:58.876133,sim_49434f0ee9,9,wishlist,simulated_baseline
2026-02-09T18:07:07.876133,sim_49434f0ee9,5,add_to_cart,simulated_baseline
2026-02-09T18:11:33.876133,sim_49434f0ee9,5,view,simulated_baseline
2026-02-09T18:15:47.876133,sim_49434f0ee9,5,wishlist,simulated_baseline
2026-02-09T18:20:45.876133,sim_49434f0ee9,9,view,simulated_baseline
2026-02-09T18:21:07.876133,sim_49434f0ee9,7,view,simulated_baseline
2026-02-09T18:21:46.876133,sim_49434f0ee9,8,view,simulated_baseline
2026-02-14T08:06:07.876160,sim_8d02deb325,10,view,simulated_baseline
2026-02-14T08:10:00.876160,sim_8d02deb325,10,view,simulated_baseline
2026-02-14T08:11:15.876160,sim_8d02deb325,10,view,simulated_baseline
2026-02-14T08:16:01.876160,sim_8d02deb325,11,wishlist,simulated_baseline
2026-02-14T08:19:57.876160,sim_8d02deb325,10,view,simulated_baseline
2026-02-14T08:21:24.876160,sim_8d02deb325,6,add_to_cart,simulated_baseline
2026-02-14T08:24:58.876160,sim_8d02deb325,7,view,simulated_baseline
2026-02-14T08:26:00.876160,sim_8d02deb325,6,view,simulated_baseline
2026-02-19T19:05:23.876190,sim_aa449a2f1b,10,view,simulated_baseline
2026-02-19T19:05:34.876190,sim_aa449a2f1b,12,wishlist,simulated_baseline
2026-02-19T19:08:59.876190,sim_aa449a2f1b,11,view,simulated_baseline
2026-02-19T19:09:12.876190,sim_aa449a2f1b,10,view,simulated_baseline
2026-02-19T19:09:57.876190,sim_aa449a2f1b,12,view,simulated_baseline
2026-02-19T19:10:27.876190,sim_aa449a2f1b,10,view,simulated_baseline
2026-02-10T12:05:25.876219,sim_75ec53b88b,5,add_to_cart,simulated_baseline
2026-02-10T12:07:29.876219,sim_75ec53b88b,14,view,simulated_baseline
2026-02-10T12:12:19.876219,sim_75ec53b88b,6,view,simulated_baseline
2026-02-10T12:15:43.876219,sim_75ec53b88b,12,wishlist,simulated_baseline
2026-02-10T12:19:00.876219,sim_75ec53b88b,11,wishlist,simulated_baseline
2026-02-10T12:20:19.876219,sim_75ec53b88b,6,wishlist,simulated_baseline
2026-02-10T12:21:13.876219,sim_75ec53b88b,12,view,simulated_baseline
2026-02-10T12:22:11.876219,sim_75ec53b88b,6,view,simulated_baseline
2026-02-10T12:27:07.876219,sim_75ec53b88b,10,wishlist,simulated_baseline
2026-02-10T10:03:48.876251,sim_7b373d5f54,9,view,simulated_baseline
2026-02-10T10:07:35.876251,sim_7b373d5f54,9,view,simulated_baseline
2026-02-10T10:09:30.876251,sim_7b373d5f54,13,wishlist,simulated_baseline
2026-02-10T10:11:10.876251,sim_7b373d5f54,8,view,simulated_baseline
2026-02-10T10:12:00.876251,sim_7b373d5f54,8,view,simulated_baseline
2026-02-10T10:13:46.876251,sim_7b373d5f54,9,wishlist,simulated_baseline
2026-02-10T10:14:28.876251,sim_7b373d5f54,8,view,simulated_baseline
2026-02-10T10:17:30.876251,sim_7b373d5f54,9,view,simulated_baseline
2026-02-06T15:07:16.876280,sim_9c41482a4e,14,view,simulated_baseline
2026-02-06T15:08:26.876280,sim_9c41482a4e,13,view,simulated_baseline
2026-02-06T15:10:18.876280,sim_9c41482a4e,7,view,simulated_baseline
2026-02-06T15:13:58.876280,sim_9c41482a4e,13,view,simulated_baseline
2026-02-06T15:14:17.876280,sim_9c41482a4e,7,view,simulated_baseline
2026-02-06T15:17:03.876280,sim_9c41482a4e,14,wishlist,simulated_baseline
2026-02-06T15:18:17.876280,sim_9c41482a4e,14,view,simulated_baseline
2026-02-21T10:06:04.876306,sim_dbfb9f4f6f,14,wishlist,simulated_baseline
2026-02-21T10:09:25.876306,sim_dbfb9f4f6f,13,add_to_cart,simulated_baseline
2026-02-21T10:12:22.876306,sim_dbfb9f4f6f,13,view,simulated_baseline
2026-02-21T10:13:30.876306,sim_dbfb9f4f6f,14,view,simulated_baseline
2026-02-21T10:14:41.876306,sim_dbfb9f4f6f,7,wishlist,simulated_baseline
2026-02-21T10:18:27.876306,sim_dbfb9f4f6f,14,view,simulated_baseline
2026-02-21T10:20:33.876306,sim_dbfb9f4f6f,14,add_to_cart,simulated_baseline
2026-02-01T05:04:55.876332,sim_bc5570b346,13,view,simulated_baseline
2026-02-01T05:07:56.876332,sim_bc5570b346,7,wishlist,simulated_baseline
2026-02-01T05:11:19.876332,sim_bc5570b346,13,view,simulated_baseline
2026-02-01T05:15:32.876332,sim_bc5570b346,13,wishlist,simulated_baseline
2026-02-01T05:20:28.876332,sim_bc5570b346,13,view,simulated_baseline
2026-02-20T12:06:22.876352,sim_b10151cf79,12,view,simulated_baseline
2026-02-20T12:09:47.876352,sim_b10151cf79,14,wishlist,simulated_baseline
2026-02-20T12:09:58.876352,sim_b10151cf79,10,view,simulated_baseline
2026-02-20T12:13:14.876352,sim_b10151cf79,10,wishlist,simulated_baseline
2026-02-20T12:17:49.876352,sim_b10151cf79,6,wishlist,simulated_baseline
2026-02-20T12:21:37.876352,sim_b10151cf79,10,view,simulated_baseline
2026-02-20T12:26:14.876352,sim_b10151cf79,11,wishlist,simulated_baseline
2026-02-20T12:28:21.876352,sim_b10151cf79,10,view,simulated_baseline
2026-02-20T12:31:40.876352,sim_b10151cf79,10,view,simulated_baseline
2026-02-20T12:32:46.876352,sim_b10151cf79,10,view,simulated_baseline
2026-01-29T03:08:09.876387,sim_2aeb684669,6,wishlist,simulated_baseline
2026-01-29T03:12:48.876387,sim_2aeb684669,5,view,simulated_baseline
2026-01-29T03:17:13.876387,sim_2aeb684669,6,view,simulated_baseline
2026-01-29T03:20:17.876387,sim_2aeb684669,11,view,simulated_baseline
2026-01-29T03:23:27.876387,sim_2aeb684669,11,view,simulated_baseline
2026-02-04T08:04:43.876407,sim_a74cf5c2be,9,view,simulated_baseline
2026-02-04T08:06:05.876407,sim_a74cf5c2be,5,view,simulated_baseline
2026-02-04T08:06:41.876407,sim_a74cf5c2be,8,view,simulated_baseline
2026-02-04T08:07:12.876407,sim_a74cf5c2be,12,view,simulated_baseline
2026-02-04T08:09:52.876407,sim_a74cf5c2be,9,view,simulated_baseline
2026-02-04T08:12:33.876407,sim_a74cf5c2be,8,wishlist,simulated_baseline
2026-02-04T08:13:55.876407,sim_a74cf5c2be,5,view,simulated_baseline
2026-01-26T19:06:48.876433,sim_a482e38922,6,wishlist,simulated_baseline
2026-01-26T19:10:25.876433,sim_a482e38922,11,view,simulated_baseline
2026-01-26T19:13:45.876433,sim_a482e38922,12,add_to_cart,simulated_baseline
2026-01-26T19:17:57.876433,sim_a482e38922,12,view,simulated_baseline
2026-01-26T19:19:48.876433,sim_a482e38922,10,view,simulated_baseline
2026-01-26T19:24:32.876433,sim_a482e38922,10,wishlist,simulated_baseline
2026-01-26T19:26:47.876433,sim_a482e38922,6,view,simulated_baseline
2026-01-26T19:28:17.876433,sim_a482e38922,12,view,simulated_baseline
2026-02-16T11:05:50.876462,sim_3c64547c2d,11,wishlist,simulated_baseline
2026-02-16T11:08:59.876462,sim_3c64547c2d,12,wishlist,simulated_baseline
2026-02-16T11:10:00.876462,sim_3c64547c2d,10,view,simulated_baseline
2026-02-16T11:12:55.876462,sim_3c64547c2d,6,view,simulated_baseline
2026-02-16T11:17:03.876462,sim_3c64547c2d,10,wishlist,simulated_baseline
2026-02-16T11:17:47.876462,sim_3c64547c2d,12,wishlist,simulated_baseline
2026-02-16T11:18:45.876462,sim_3c64547c2d,12,view,simulated_baseline
2026-02-16T11:21:03.876462,sim_3c64547c2d,6,wishlist,simulated_baseline
2026-02-16T11:24:02.876462,sim_3c64547c2d,10,view,simulated_baseline
2026-02-10T23:03:45.876495,sim_b848727909,8,add_to_cart,simulated_baseline
2026-02-10T23:07:29.876495,sim_b848727909,9,view,simulated_baseline
2026-02-10T23:08:08.876495,sim_b848727909,9,view,simulated_baseline
2026-02-10T23:12:51.876495,sim_b848727909,9,wishlist,simulated_baseline
2026-02-10T23:13:57.876495,sim_b848727909,6,view,simulated_baseline
2026-02-10T23:15:01.876495,sim_b848727909,9,view,simulated_baseline
2026-02-14T09:07:37.876518,sim_2b6166d987,8,add_to_cart,simulated_baseline
2026-02-14T09:10:55.876518,sim_2b6166d987,5,wishlist,simulated_baseline
2026-02-14T09:14:47.876518,sim_2b6166d987,9,view,simulated_baseline
2026-02-14T09:18:09.876518,sim_2b6166d987,9,view,simulated_baseline
2026-02-14T09:18:58.876518,sim_2b6166d987,5,view,simulated_baseline
2026-02-14T09:21:38.876518,sim_2b6166d987,8,view,simulated_baseline
2026-02-14T09:23:02.876518,sim_2b6166d987,9,view,simulated_baseline
2026-02-14T09:27:20.876518,sim_2b6166d987,8,view,simulated_baseline
2026-02-14T09:29:35.876518,sim_2b6166d987,9,view,simulated_baseline
2026-02-08T07:04:16.876549,sim_622af91446,8,view,simulated_baseline
2026-02-08T07:06:08.876549,sim_622af91446,13,view,simulated_baseline
2026-02-08T07:10:53.876549,sim_622af91446,9,view,simulated_baseline
2026-02-08T07:15:49.876549,sim_622af91446,5,view,simulated_baseline
2026-02-08T07:17:44.876549,sim_622af91446,9,view,simulated_baseline
2026-02-08T07:22:20.876549,sim_622af91446,5,view,simulated_baseline
2026-02-08T07:25:07.876549,sim_622af91446,8,view,simulated_baseline
2026-02-08T07:29:13.876549,sim_622af91446,5,add_to_cart,simulated_baseline
2026-02-19T05:03:36.876577,sim_5980aa1807,13,wishlist,simulated_baseline
2026-02-19T05:06:31.876577,sim_5980aa1807,7,view,simulated_baseline
2026-02-19T05:10:17.876577,sim_5980aa1807,7,view,simulated_baseline
2026-02-19T05:13:55.876577,sim_5980aa1807,13,wishlist,simulated_baseline
2026-02-19T05:16:24.876577,sim_5980aa1807,14,view,simulated_baseline
2026-02-21T04:07:46.876597,sim_c4367bd9fe,8,view,simulated_baseline
2026-02-21T04:09:25.876597,sim_c4367bd9fe,5,view,simulated_baseline
2026-02-21T04:10:03.876597,sim_c4367bd9fe,9,wishlist,simulated_baseline
2026-02-21T04:11:37.876597,sim_c4367bd9fe,8,wishlist,simulated_baseline
2026-02-21T04:13:31.876597,sim_c4367bd9fe,9,view,simulated_baseline
2026-02-21T04:14:57.876597,sim_c4367bd9fe,6,view,simulated_baseline
2026-02-21T04:17:30.876597,sim_c4367bd9fe,8,view,simulated_baseline
2026-02-21T04:21:57.876597,sim_c4367bd9fe,8,view,simulated_baseline
2026-02-21T04:25:17.876597,sim_c4367bd9fe,8,view,simulated_baseline
2026-02-09T06:03:30.876639,sim_4a5f11eafd,11,wishlist,simulated_baseline
2026-02-09T06:05:43.876639,sim_4a5f11eafd,5,view,simulated_baseline
2026-02-09T06:09:04.876639,sim_4a5f11eafd,12,view,simulated_baseline
2026-02-09T06:13:12.876639,sim_4a5f11eafd,10,view,simulated_baseline
2026-02-09T06:18:01.876639,sim_4a5f11eafd,11,view,simulated_baseline
2026-02-09T06:20:44.876639,sim_4a5f11eafd,12,view,simulated_baseline
2026-02-09T06:23:30.876639,sim_4a5f11eafd,11,wishlist,simulated_baseline
2026-02-09T06:25:07.876639,sim_4a5f11eafd,11,view,simulated_baseline
2026-02-14T16:07:50.876668,sim_c4b18f7015,5,view,simulated_baseline
2026-02-14T16:11:08.876668,sim_c4b18f7015,5,view,simulated_baseline
2026-02-14T16:13:44.876668,sim_c4b18f7015,5,view,simulated_baseline
2026-02-14T16:14:23.876668,sim_c4b18f7015,9,view,simulated_baseline
2026-02-14T16:19:05.876668,sim_c4b18f7015,9,view,simulated_baseline
2026-02-14T16:23:26.876668,sim_c4b18f7015,9,view,simulated_baseline
2026-02-14T16:25:25.876668,sim_c4b18f7015,8,view,simulated_baseline
2026-02-18T08:04:16.876693,sim_3939d3661e,10,wishlist,simulated_baseline
2026-02-18T08:09:03.876693,sim_3939d3661e,12,view,simulated_baseline
2026-02-18T08:10:57.876693,sim_3939d3661e,11,view,simulated_baseline
2026-02-18T08:13:36.876693,sim_3939d3661e,10,view,simulated_baseline
2026-02-18T08:18:29.876693,sim_3939d3661e,12,wishlist,simulated_baseline
2026-02-18T08:22:25.876693,sim_3939d3661e,10,add_to_cart,simulated_baseline
2026-02-18T08:27:22.876693,sim_3939d3661e,5,view,simulated_baseline
2026-02-18T08:28:03.876693,sim_3939d3661e,12,wishlist,simulated_baseline
2026-02-18T08:32:44.876693,sim_3939d3661e,10,add_to_cart,simulated_baseline
2026-02-13T12:06:30.876726,sim_b425f29752,11,view,simulated_baseline
2026-02-13T12:10:19.876726,sim_b425f29752,9,wishlist,simulated_baseline
2026-02-13T12:10:39.876726,sim_b425f29752,9,wishlist,simulated_baseline
2026-02-13T12:12:50.876726,sim_b425f29752,9,add_to_cart,simulated_baseline
2026-02-13T12:17:05.876726,sim_b425f29752,8,wishlist,simulated_baseline
2026-02-13T12:19:18.876726,sim_b425f29752,5,view,simulated_baseline
2026-02-13T12:22:36.876726,sim_b425f29752,9,view,simulated_baseline
2026-02-13T12:23:18.876726,sim_b425f29752,8,wishlist,simulated_baseline
2026-01-28T07:04:42.876755,sim_907880d638,11,view,simulated_baseline
2026-01-28T07:05:49.876755,sim_907880d638,6,view,simulated_baseline
2026-01-28T07:07:33.876755,sim_907880d638,11,wishlist,simulated_baseline
2026-01-28T07:07:46.876755,sim_907880d638,11,wishlist,simulated_baseline
2026-01-28T07:11:10.876755,sim_907880d638,11,view,simulated_baseline
2026-01-28T07:12:59.876755,sim_907880d638,8,wishlist,simulated_baseline
2026-02-03T13:06:31.876777,sim_daace68d81,11,view,simulated_baseline
2026-02-03T13:07:09.876777,sim_daace68d81,13,view,simulated_baseline
2026-02-03T13:07:38.876777,sim_daace68d81,11,view,simulated_baseline
2026-02-03T13:10:33.876777,sim_daace68d81,14,view,simulated_baseline
2026-02-03T13:11:10.876777,sim_daace68d81,6,view,simulated_baseline
2026-02-03T13:14:32.876777,sim_daace68d81,11,view,simulated_baseline
2026-02-03T13:16:37.876777,sim_daace68d81,12,view,simulated_baseline
2026-02-03T13:18:45.876777,sim_daace68d81,12,view,simulated_baseline
2026-02-10T21:07:01.876806,sim_d305739d55,14,view,simulated_baseline
2026-02-10T21:08:44.876806,sim_d305739d55,10,view,simulated_baseline
2026-02-10T21:10:45.876806,sim_d305739d55,13,view,simulated_baseline
2026-02-10T21:15:03.876806,sim_d305739d55,11,add_to_cart,simulated_baseline
2026-02-10T21:15:19.876806,sim_d305739d55,7,wishlist,simulated_baseline
2026-02-10T21:18:17.876806,sim_d305739d55,14,view,simulated_baseline
2026-02-10T21:22:41.876806,sim_d305739d55,7,view,simulated_baseline
2026-02-10T21:24:14.876806,sim_d305739d55,13,view,simulated_baseline
2026-02-10T21:25:15.876806,sim_d305739d55,14,wishlist,simulated_baseline
2026-02-10T21:29:51.876806,sim_d305739d55,13,view,simulated_baseline
2026-01-30T02:03:27.876840,sim_f5589fd0c5,11,view,simulated_baseline
2026-01-30T02:07:13.876840,sim_f5589fd0c5,7,view,simulated_baseline
2026-01-30T02:08:48.876840,sim_f5589fd0c5,9,view,simulated_baseline
2026-01-30T02:11:05.876840,sim_f5589fd0c5,12,view,simulated_baseline
2026-01-30T02:13:57.876840,sim_f5589fd0c5,13,view,simulated_baseline
2026-02-02T16:06:59.876860,sim_d87fe79329,14,wishlist,simulated_baseline
2026-02-02T16:07:33.876860,sim_d87fe79329,6,view,simulated_baseline
2026-02-02T16:10:19.876860,sim_d87fe79329,13,view,simulated_baseline
2026-02-02T16:14:22.876860,sim_d87fe79329,13,view,simulated_baseline
2026-02-02T16:17:31.876860,sim_d87fe79329,7,view,simulated_baseline
2026-02-02T16:18:38.876860,sim_d87fe79329,6,view,simulated_baseline
2026-02-02T16:23:18.876860,sim_d87fe79329,13,view,simulated_baseline
2026-02-02T16:25:08.876860,sim_d87fe79329,13,view,simulated_baseline
2026-01-28T06:04:11.876888,sim_c63c53d46f,13,wishlist,simulated_baseline
2026-01-28T06:08:49.876888,sim_c63c53d46f,7,view,simulated_baseline
2026-01-28T06:09:35.876888,sim_c63c53d46f,13,view,simulated_baseline
2026-01-28T06:13:35.876888,sim_c63c53d46f,7,view,simulated_baseline
2026-01-28T06:13:58.876888,sim_c63c53d46f,7,wishlist,simulated_baseline
2026-01-28T06:18:13.876888,sim_c63c53d46f,7,wishlist,simulated_baseline
2026-02-03T07:06:41.876911,sim_59c3eb290b,11,view,simulated_baseline
2026-02-03T07:11:02.876911,sim_59c3eb290b,11,view,simulated_baseline
2026-02-03T07:14:34.876911,sim_59c3eb290b,6,view,simulated_baseline
2026-02-03T07:16:44.876911,sim_59c3eb290b,11,wishlist,simulated_baseline
2026-02-03T07:17:28.876911,sim_59c3eb290b,10,view,simulated_baseline
2026-01-31T04:05:20.876931,sim_b00f330cb0,8,view,simulated_baseline
2026-01-31T04:08:33.876931,sim_b00f330cb0,9,wishlist,simulated_baseline
2026-01-31T04:10:09.876931,sim_b00f330cb0,9,wishlist,simulated_baseline
2026-01-31T04:12:07.876931,sim_b00f330cb0,9,view,simulated_baseline
2026-02-19T23:06:36.876948,sim_68c670ce67,10,wishlist,simulated_baseline
2026-02-19T23:09:55.876948,sim_68c670ce67,6,view,simulated_baseline
2026-02-19T23:14:18.876948,sim_68c670ce67,6,add_to_cart,simulated_baseline
2026-02-19T23:16:30.876948,sim_68c670ce67,6,view,simulated_baseline
2026-02-19T23:21:16.876948,sim_68c670ce67,12,view,simulated_baseline
2026-02-19T23:24:56.876948,sim_68c670ce67,11,wishlist,simulated_baseline
2026-02-19T23:27:59.876948,sim_68c670ce67,9,view,simulated_baseline
2026-02-19T23:29:12.876948,sim_68c670ce67,10,wishlist,simulated_baseline
2026-02-19T23:30:32.876948,sim_68c670ce67,12,view,simulated_baseline
2026-02-02T23:04:56.876980,sim_d5dfceaa84,13,view,simulated_baseline
2026-02-02T23:07:16.876980,sim_d5dfceaa84,7,view,simulated_baseline
2026-02-02T23:11:07.876980,sim_d5dfceaa84,7,view,simulated_baseline
2026-02-13T11:05:36.876993,sim_b5d64d1c28,14,wishlist,simulated_baseline
2026-02-13T11:07:18.876993,sim_b5d64d1c28,7,view,simulated_baseline
2026-02-13T11:08:18.876993,sim_b5d64d1c28,13,wishlist,simulated_baseline
2026-02-12T08:06:34.877006,sim_853e7a1223,9,view,simulated_baseline
2026-02-12T08:07:41.877006,sim_853e7a1223,9,wishlist,simulated_baseline
2026-02-12T08:10:10.877006,sim_853e7a1223,9,wishlist,simulated_baseline
2026-02-12T08:14:19.877006,sim_853e7a1223,9,view,simulated_baseline
2026-02-12T08:15:31.877006,sim_853e7a1223,9,view,simulated_baseline
2026-02-12T08:19:24.877006,sim_853e7a1223,8,add_to_cart,simulated_baseline
2026-02-12T08:21:14.877006,sim_853e7a1223,9,add_to_cart,simulated_baseline
2026-02-12T08:23:50.877006,sim_853e7a1223,5,view,simulated_baseline
2026-02-12T08:28:09.877006,sim_853e7a1223,7,view,simulated_baseline
2026-02-20T23:05:24.877038,sim_27fc09cb86,11,view,simulated_baseline
2026-02-20T23:07:21.877038,sim_27fc09cb86,10,view,simulated_baseline
2026-02-20T23:08:02.877038,sim_27fc09cb86,11,view,simulated_baseline
2026-02-20T23:08:42.877038,sim_27fc09cb86,6,view,simulated_baseline
2026-02-20T23:13:12.877038,sim_27fc09cb86,12,view,simulated_baseline
2026-02-20T23:17:53.877038,sim_27fc09cb86,10,wishlist,simulated_baseline
2026-02-13T00:05:57.877060,sim_399af1fb94,12,view,simulated_baseline
2026-02-13T00:07:40.877060,sim_399af1fb94,6,view,simulated_baseline
2026-02-13T00:12:20.877060,sim_399af1fb94,6,view,simulated_baseline
2026-02-13T00:15:43.877060,sim_399af1fb94,11,wishlist,simulated_baseline
2026-02-13T00:20:15.877060,sim_399af1fb94,7,view,simulated_baseline
2026-02-13T00:21:16.877060,sim_399af1fb94,12,wishlist,simulated_baseline
2026-02-02T12:05:53.877087,sim_7e2b3011ff,9,view,simulated_baseline
2026-02-02T12:10:02.877087,sim_7e2b3011ff,8,view,simulated_baseline
2026-02-02T12:10:25.877087,sim_7e2b3011ff,9,view,simulated_baseline
2026-01-27T21:07:36.877100,sim_f50c7578b3,6,view,simulated_baseline
2026-01-27T21:08:39.877100,sim_f50c7578b3,13,view,simulated_baseline
2026-01-27T21:10:23.877100,sim_f50c7578b3,5,view,simulated_baseline
2026-01-26T03:04:42.877114,sim_a052cd1b75,12,view,simulated_baseline
2026-01-26T03:07:10.877114,sim_a052cd1b75,10,view,simulated_baseline
2026-01-26T03:12:06.877114,sim_a052cd1b75,13,add_to_cart,simulated_baseline
2026-01-26T03:14:48.877114,sim_a052cd1b75,6,view,simulated_baseline
2026-01-26T03:19:41.877114,sim_a052cd1b75,12,view,simulated_baseline
2026-01-26T03:20:39.877114,sim_a052cd1b75,6,view,simulated_baseline
2026-01-26T03:25:08.877114,sim_a052cd1b75,10,view,simulated_baseline
2026-01-26T03:26:34.877114,sim_a052cd1b75,11,wishlist,simulated_baseline
2026-02-08T02:06:49.877143,sim_580d60ea3b,8,view,simulated_baseline
2026-02-08T02:08:10.877143,sim_580d60ea3b,5,wishlist,simulated_baseline
2026-02-08T02:12:09.877143,sim_580d60ea3b,5,view,simulated_baseline
2026-01-25T23:05:47.877156,sim_73b23376be,10,view,simulated_baseline
2026-01-25T23:08:37.877156,sim_73b23376be,13,wishlist,simulated_baseline
2026-01-25T23:09:17.877156,sim_73b23376be,10,wishlist,simulated_baseline
2026-01-25T23:12:04.877156,sim_73b23376be,6,wishlist,simulated_baseline
2026-01-25T23:13:38.877156,sim_73b23376be,12,view,simulated_baseline
2026-01-25T23:16:16.877156,sim_73b23376be,11,view,simulated_baseline
2026-01-25T23:20:27.877156,sim_73b23376be,10,view,simulated_baseline
2026-01-25T23:20:45.877156,sim_73b23376be,7,view,simulated_baseline
2026-01-25T23:23:21.877156,sim_73b23376be,11,wishlist,simulated_baseline
2026-01-25T23:27:09.877156,sim_73b23376be,11,add_to_cart,simulated_baseline
2026-02-09T23:07:57.877191,sim_1cd02e96f6,9,wishlist,simulated_baseline
2026-02-09T23:08:08.877191,sim_1cd02e96f6,8,view,simulated_baseline
2026-02-09T23:09:44.877191,sim_1cd02e96f6,5,view,simulated_baseline
2026-02-09T23:13:59.877191,sim_1cd02e96f6,9,view,simulated_baseline
2026-02-09T23:16:03.877191,sim_1cd02e96f6,10,view,simulated_baseline
2026-02-09T23:20:32.877191,sim_1cd02e96f6,14,view,simulated_baseline
2026-02-15T18:05:00.877214,sim_2e948a87e0,7,view,simulated_baseline
2026-02-15T18:05:20.877214,sim_2e948a87e0,13,wishlist,simulated_baseline
2026-02-15T18:09:01.877214,sim_2e948a87e0,14,view,simulated_baseline
2026-02-15T18:10:40.877214,sim_2e948a87e0,14,view,simulated_baseline
2026-02-15T18:11:30.877214,sim_2e948a87e0,14,view,simulated_baseline
2026-02-10T07:05:49.877234,sim_38bc73d4ad,12,view,simulated_baseline
2026-02-10T07:07:45.877234,sim_38bc73d4ad,12,wishlist,simulated_baseline
2026-02-10T07:08:27.877234,sim_38bc73d4ad,11,view,simulated_baseline
2026-02-10T07:08:44.877234,sim_38bc73d4ad,12,view,simulated_baseline
2026-02-10T07:12:16.877234,sim_38bc73d4ad,11,view,simulated_baseline
2026-02-09T18:04:07.877253,sim_0ed1936283,5,view,simulated_baseline
2026-02-09T18:06:55.877253,sim_0ed1936283,12,view,simulated_baseline
2026-02-09T18:11:51.877253,sim_0ed1936283,5,view,simulated_baseline
2026-02-09T18:16:11.877253,sim_0ed1936283,5,wishlist,simulated_baseline
2026-02-09T18:20:31.877253,sim_0ed1936283,5,view,simulated_baseline
2026-02-09T18:23:19.877253,sim_0ed1936283,5,wishlist,simulated_baseline
2026-02-09T18:27:19.877253,sim_0ed1936283,8,view,simulated_baseline
2026-02-07T11:07:18.877280,sim_8c87652eb8,13,add_to_cart,simulated_baseline
2026-02-07T11:08:41.877280,sim_8c87652eb8,13,wishlist,simulated_baseline
2026-02-07T11:12:33.877280,sim_8c87652eb8,13,add_to_cart,simulated_baseline
2026-02-07T11:17:12.877280,sim_8c87652eb8,13,view,simulated_baseline
2026-02-07T11:20:49.877280,sim_8c87652eb8,7,view,simulated_baseline
2026-02-07T11:21:25.877280,sim_8c87652eb8,7,view,simulated_baseline
2026-02-07T20:07:11.877303,sim_01f0634a8a,13,view,simulated_baseline
2026-02-07T20:08:34.877303,sim_01f0634a8a,14,wishlist,simulated_baseline
2026-02-07T20:11:11.877303,sim_01f0634a8a,7,add_to_cart,simulated_baseline
2026-02-07T20:14:24.877303,sim_01f0634a8a,7,view,simulated_baseline
2026-02-07T20:15:34.877303,sim_01f0634a8a,7,add_to_cart,simulated_baseline
2026-02-07T20:19:12.877303,sim_01f0634a8a,13,view,simulated_baseline
2026-02-07T20:21:05.877303,sim_01f0634a8a,7,view,simulated_baseline
2026-02-07T20:21:20.877303,sim_01f0634a8a,13,view,simulated_baseline
2026-01-24T12:03:36.877331,sim_5526ba6001,13,view,simulated_baseline
2026-01-24T12:03:59.877331,sim_5526ba6001,7,wishlist,simulated_baseline
2026-01-24T12:05:38.877331,sim_5526ba6001,7,add_to_cart,simulated_baseline
2026-01-24T12:06:33.877331,sim_5526ba6001,7,view,simulated_baseline
2026-01-26T18:03:42.877347,sim_34dfc53b36,13,wishlist,simulated_baseline
2026-01-26T18:05:44.877347,sim_34dfc53b36,14,view,simulated_baseline
2026-01-26T18:09:24.877347,sim_34dfc53b36,7,view,simulated_baseline
2026-01-26T18:11:03.877347,sim_34dfc53b36,13,view,simulated_baseline
2026-01-26T18:15:55.877347,sim_34dfc53b36,14,view,simulated_baseline
2026-01-26T18:19:06.877347,sim_34dfc53b36,9,view,simulated_baseline
2026-01-26T20:05:03.877370,sim_50e611f432,11,add_to_cart,simulated_baseline
2026-01-26T20:06:23.877370,sim_50e611f432,6,wishlist,simulated_baseline
2026-01-26T20:10:34.877370,sim_50e611f432,7,view,simulated_baseline
2026-01-26T20:12:16.877370,sim_50e611f432,10,wishlist,simulated_baseline
2026-01-27T18:07:46.877387,sim_692eaf4470,9,view,simulated_baseline
2026-01-27T18:08:23.877387,sim_692eaf4470,9,view,simulated_baseline
2026-01-27T18:11:42.877387,sim_692eaf4470,8,add_to_cart,simulated_baseline
2026-01-27T18:12:46.877387,sim_692eaf4470,5,view,simulated_baseline
2026-01-27T18:13:39.877387,sim_692eaf4470,8,view,simulated_baseline
2026-02-11T03:07:54.877406,sim_c084ccf1eb,9,view,simulated_baseline
2026-02-11T03:10:16.877406,sim_c084ccf1eb,9,view,simulated_baseline
2026-02-11T03:11:51.877406,sim_c084ccf1eb,5,wishlist,simulated_baseline
2026-02-11T03:14:40.877406,sim_c084ccf1eb,8,wishlist,simulated_baseline
2026-02-11T03:17:54.877406,sim_c084ccf1eb,5,view,simulated_baseline
2026-02-02T09:06:27.877425,sim_3084d75ae5,12,add_to_cart,simulated_baseline
2026-02-02T09:09:45.877425,sim_3084d75ae5,12,wishlist,simulated_baseline
2026-02-02T09:10:31.877425,sim_3084d75ae5,12,view,simulated_baseline
2026-02-02T09:12:08.877425,sim_3084d75ae5,6,wishlist,simulated_baseline
2026-02-14T21:06:05.877442,sim_981071434f,8,view,simulated_baseline
2026-02-14T21:07:13.877442,sim_981071434f,11,add_to_cart,simulated_baseline
2026-02-14T21:12:00.877442,sim_981071434f,12,view,simulated_baseline
2026-02-14T21:12:36.877442,sim_981071434f,12,wishlist,simulated_baseline
2026-02-01T17:06:46.877459,sim_6a4f48b145,9,view,simulated_baseline
2026-02-01T17:09:48.877459,sim_6a4f48b145,9,add_to_cart,simulated_baseline
2026-02-01T17:11:46.877459,sim_6a4f48b145,9,view,simulated_baseline
2026-02-01T17:13:39.877459,sim_6a4f48b145,5,view,simulated_baseline
2026-02-01T17:18:07.877459,sim_6a4f48b145,8,view,simulated_baseline
2026-02-01T17:18:55.877459,sim_6a4f48b145,5,add_to_cart,simulated_baseline
2026-02-01T17:19:34.877459,sim_6a4f48b145,8,view,simulated_baseline
2026-02-19T09:04:39.877484,sim_5c8a43ba4d,7,view,simulated_baseline
2026-02-19T09:05:52.877484,sim_5c8a43ba4d,13,view,simulated_baseline
2026-02-19T09:09:06.877484,sim_5c8a43ba4d,14,add_to_cart,simulated_baseline
2026-02-19T09:13:01.877484,sim_5c8a43ba4d,8,view,simulated_baseline
2026-02-19T09:16:43.877484,sim_5c8a43ba4d,14,view,simulated_baseline
2026-02-19T09:18:07.877484,sim_5c8a43ba4d,7,view,simulated_baseline
2026-02-19T09:19:59.877484,sim_5c8a43ba4d,9,view,simulated_baseline
2026-02-19T09:24:31.877484,sim_5c8a43ba4d,13,view,simulated_baseline
2026-01-29T20:07:31.877516,sim_2bca88441c,6,wishlist,simulated_baseline
2026-01-29T20:11:23.877516,sim_2bca88441c,8,add_to_cart,simulated_baseline
2026-01-29T20:12:12.877516,sim_2bca88441c,6,wishlist,simulated_baseline
2026-02-06T16:06:47.877529,sim_9e6ff8a531,14,view,simulated_baseline
2026-02-06T16:08:32.877529,sim_9e6ff8a531,7,view,simulated_baseline
2026-02-06T16:09:13.877529,sim_9e6ff8a531,7,view,simulated_baseline
2026-02-06T16:09:48.877529,sim_9e6ff8a531,8,view,simulated_baseline
2026-02-06T16:10:15.877529,sim_9e6ff8a531,7,view,simulated_baseline
2026-02-06T16:11:03.877529,sim_9e6ff8a531,13,view,simulated_baseline
2026-02-06T16:16:01.877529,sim_9e6ff8a531,7,add_to_cart,simulated_baseline
2026-02-06T16:18:55.877529,sim_9e6ff8a531,11,view,simulated_baseline
2026-02-06T16:21:45.877529,sim_9e6ff8a531,14,add_to_cart,simulated_baseline
2026-02-06T16:25:19.877529,sim_9e6ff8a531,8,wishlist,simulated_baseline
2026-02-14T21:07:21.877564,sim_55d925fdde,5,view,simulated_baseline
2026-02-14T21:07:32.877564,sim_55d925fdde,8,view,simulated_baseline
2026-02-14T21:10:22.877564,sim_55d925fdde,8,view,simulated_baseline
2026-02-14T21:14:32.877564,sim_55d925fdde,7,view,simulated_baseline
2026-02-14T21:15:17.877564,sim_55d925fdde,11,view,simulated_baseline
2026-02-14T21:15:52.877564,sim_55d925fdde,5,view,simulated_baseline
2026-02-14T21:19:09.877564,sim_55d925fdde,8,view,simulated_baseline
2026-02-14T21:23:44.877564,sim_55d925fdde,8,wishlist,simulated_baseline
2026-02-14T21:27:10.877564,sim_55d925fdde,9,view,simulated_baseline
2026-02-22T18:05:04.877597,sim_5b8dcf5222,13,view,simulated_baseline
2026-02-22T18:09:24.877597,sim_5b8dcf5222,13,view,simulated_baseline
2026-02-22T18:10:03.877597,sim_5b8dcf5222,7,wishlist,simulated_baseline
2026-02-22T18:12:41.877597,sim_5b8dcf5222,13,view,simulated_baseline
2026-02-22T18:16:12.877597,sim_5b8dcf5222,7,wishlist,simulated_baseline
2026-02-22T18:18:25.877597,sim_5b8dcf5222,13,view,simulated_baseline
2026-02-16T16:06:48.877619,sim_5bce07301c,6,view,simulated_baseline
2026-02-16T16:10:15.877619,sim_5bce07301c,6,view,simulated_baseline
2026-02-16T16:14:12.877619,sim_5bce07301c,8,view,simulated_baseline
2026-02-16T16:17:31.877619,sim_5bce07301c,10,view,simulated_baseline
2026-02-16T16:19:07.877619,sim_5bce07301c,11,view,simulated_baseline
2026-02-16T16:20:36.877619,sim_5bce07301c,6,wishlist,simulated_baseline
2026-02-17T15:08:07.877642,sim_40fa0a8add,11,view,simulated_baseline
2026-02-17T15:13:07.877642,sim_40fa0a8add,14,view,simulated_baseline
2026-02-17T15:17:27.877642,sim_40fa0a8add,7,wishlist,simulated_baseline
2026-02-17T15:21:10.877642,sim_40fa0a8add,7,view,simulated_baseline
2026-02-17T15:22:11.877642,sim_40fa0a8add,13,wishlist,simulated_baseline
2026-02-17T15:22:26.877642,sim_40fa0a8add,13,view,simulated_baseline
2026-02-17T15:24:05.877642,sim_40fa0a8add,13,add_to_cart,simulated_baseline
2026-02-09T05:06:47.877667,sim_0e75ffa15f,13,add_to_cart,simulated_baseline
2026-02-09T05:11:15.877667,sim_0e75ffa15f,6,wishlist,simulated_baseline
2026-02-09T05:14:21.877667,sim_0e75ffa15f,7,view,simulated_baseline
2026-02-22T21:07:25.877681,sim_1c01586e0b,6,view,simulated_baseline
2026-02-22T21:09:53.877681,sim_1c01586e0b,12,view,simulated_baseline
2026-02-22T21:12:45.877681,sim_1c01586e0b,6,view,simulated_baseline
2026-02-22T21:14:09.877681,sim_1c01586e0b,11,add_to_cart,simulated_baseline
2026-02-22T21:14:41.877681,sim_1c01586e0b,11,view,simulated_baseline
2026-02-22T21:17:43.877681,sim_1c01586e0b,6,view,simulated_baseline
2026-02-22T21:19:43.877681,sim_1c01586e0b,10,view,simulated_baseline
2026-02-14T14:03:57.877706,sim_c93f7bdc70,14,add_to_cart,simulated_baseline
2026-02-14T14:05:06.877706,sim_c93f7bdc70,14,view,simulated_baseline
2026-02-14T14:05:46.877706,sim_c93f7bdc70,14,view,simulated_baseline
2026-02-14T14:07:14.877706,sim_c93f7bdc70,14,view,simulated_baseline
2026-02-14T14:09:21.877706,sim_c93f7bdc70,13,add_to_cart,simulated_baseline
2026-02-14T14:13:39.877706,sim_c93f7bdc70,13,add_to_cart,simulated_baseline
2026-02-14T14:14:17.877706,sim_c93f7bdc70,14,view,simulated_baseline
2026-02-14T14:17:55.877706,sim_c93f7bdc70,14,view,simulated_baseline
2026-02-14T14:18:21.877706,sim_c93f7bdc70,13,wishlist,simulated_baseline
2026-02-14T14:19:24.877706,sim_c93f7bdc70,14,view,simulated_baseline
2026-02-14T07:06:40.877740,sim_63aab3c355,14,view,simulated_baseline
2026-02-14T07:11:06.877740,sim_63aab3c355,7,view,simulated_baseline
2026-02-14T07:13:47.877740,sim_63aab3c355,14,view,simulated_baseline
2026-02-14T07:17:41.877740,sim_63aab3c355,14,view,simulated_baseline
2026-02-14T07:21:25.877740,sim_63aab3c355,12,view,simulated_baseline
2026-02-14T07:25:21.877740,sim_63aab3c355,7,wishlist,simulated_baseline
2026-02-14T07:30:19.877740,sim_63aab3c355,13,wishlist,simulated_baseline
2026-02-14T07:33:17.877740,sim_63aab3c355,7,view,simulated_baseline
2026-01-27T09:06:43.877769,sim_5719c60e87,10,wishlist,simulated_baseline
2026-01-27T09:10:39.877769,sim_5719c60e87,8,wishlist,simulated_baseline
2026-01-27T09:12:47.877769,sim_5719c60e87,12,view,simulated_baseline
2026-02-01T00:06:19.877783,sim_91616fc9ee,5,view,simulated_baseline
2026-02-01T00:11:14.877783,sim_91616fc9ee,10,view,simulated_baseline
2026-02-01T00:12:25.877783,sim_91616fc9ee,8,view,simulated_baseline
2026-02-01T00:15:04.877783,sim_91616fc9ee,8,view,simulated_baseline
2026-02-01T00:19:54.877783,sim_91616fc9ee,9,view,simulated_baseline
2026-02-01T00:24:30.877783,sim_91616fc9ee,5,view,simulated_baseline
2026-02-01T00:25:12.877783,sim_91616fc9ee,9,add_to_cart,simulated_baseline
2026-02-01T00:29:13.877783,sim_91616fc9ee,9,view,simulated_baseline
2026-02-01T00:32:56.877783,sim_91616fc9ee,5,add_to_cart,simulated_baseline
2026-02-20T22:06:18.877814,sim_b5ac9eb72c,12,view,simulated_baseline
2026-02-20T22:10:48.877814,sim_b5ac9eb72c,12,view,simulated_baseline
2026-02-20T22:10:58.877814,sim_b5ac9eb72c,11,view,simulated_baseline
2026-02-20T22:13:22.877814,sim_b5ac9eb72c,12,view,simulated_baseline
2026-02-20T22:16:01.877814,sim_b5ac9eb72c,13,view,simulated_baseline
2026-02-20T22:20:32.877814,sim_b5ac9eb72c,13,view,simulated_baseline
2026-02-20T22:21:24.877814,sim_b5ac9eb72c,12,view,simulated_baseline
2026-02-20T22:24:52.877814,sim_b5ac9eb72c,11,view,simulated_baseline
2026-02-20T22:27:36.877814,sim_b5ac9eb72c,10,view,simulated_baseline
2026-02-01T09:05:15.877846,sim_5a6b23db91,8,view,simulated_baseline
2026-02-01T09:09:50.877846,sim_5a6b23db91,5,view,simulated_baseline
2026-02-01T09:14:17.877846,sim_5a6b23db91,8,view,simulated_baseline
2026-02-01T09:15:35.877846,sim_5a6b23db91,10,view,simulated_baseline
2026-01-27T03:03:37.877863,sim_5158519231,13,view,simulated_baseline
2026-01-27T03:05:44.877863,sim_5158519231,9,view,simulated_baseline
2026-01-27T03:06:04.877863,sim_5158519231,13,view,simulated_baseline
2026-01-27T03:10:58.877863,sim_5158519231,14,view,simulated_baseline
2026-02-17T10:03:48.877880,sim_de3f10cbf0,6,view,simulated_baseline
2026-02-17T10:07:51.877880,sim_de3f10cbf0,7,wishlist,simulated_baseline
2026-02-17T10:08:14.877880,sim_de3f10cbf0,7,view,simulated_baseline
2026-02-04T18:08:12.877893,sim_6e0627a58b,9,view,simulated_baseline
2026-02-04T18:09:14.877893,sim_6e0627a58b,9,view,simulated_baseline
2026-02-04T18:14:01.877893,sim_6e0627a58b,8,view,simulated_baseline
2026-02-04T18:18:37.877893,sim_6e0627a58b,5,view,simulated_baseline
2026-02-04T18:19:10.877893,sim_6e0627a58b,10,view,simulated_baseline
2026-02-04T18:23:09.877893,sim_6e0627a58b,10,wishlist,simulated_baseline
2026-02-04T18:23:20.877893,sim_6e0627a58b,11,wishlist,simulated_baseline
2026-02-04T18:26:57.877893,sim_6e0627a58b,9,view,simulated_baseline
2026-02-04T18:28:29.877893,sim_6e0627a58b,5,view,simulated_baseline
2026-02-17T21:03:56.877925,sim_def46a0e58,14,wishlist,simulated_baseline
2026-02-17T21:06:05.877925,sim_def46a0e58,13,wishlist,simulated_baseline
2026-02-17T21:10:14.877925,sim_def46a0e58,14,wishlist,simulated_baseline
2026-02-17T21:13:31.877925,sim_def46a0e58,14,view,simulated_baseline
2026-02-17T21:15:17.877925,sim_def46a0e58,9,view,simulated_baseline
2026-02-17T21:16:45.877925,sim_def46a0e58,7,view,simulated_baseline
2026-02-17T21:18:42.877925,sim_def46a0e58,13,view,simulated_baseline
2026-02-17T21:23:12.877925,sim_def46a0e58,14,view,simulated_baseline
2026-02-17T21:25:55.877925,sim_def46a0e58,7,add_to_cart,simulated_baseline
2026-02-17T21:30:38.877925,sim_def46a0e58,14,view,simulated_baseline
2026-02-01T07:06:23.877962,sim_37515fe336,12,view,simulated_baseline
2026-02-01T07:11:05.877962,sim_37515fe336,9,view,simulated_baseline
2026-02-01T07:13:53.877962,sim_37515fe336,8,view,simulated_baseline
2026-02-01T07:17:29.877962,sim_37515fe336,12,wishlist,simulated_baseline
2026-02-01T07:17:59.877962,sim_37515fe336,13,wishlist,simulated_baseline
2026-02-01T07:21:59.877962,sim_37515fe336,10,wishlist,simulated_baseline
2026-02-01T07:22:25.877962,sim_37515fe336,10,view,simulated_baseline
2026-02-01T07:23:32.877962,sim_37515fe336,11,view,simulated_baseline
2026-02-01T07:27:09.877962,sim_37515fe336,11,view,simulated_baseline
2026-02-01T07:27:51.877962,sim_37515fe336,7,view,simulated_baseline
2026-02-03T02:05:52.877997,sim_201ba982b4,14,view,simulated_baseline
2026-02-03T02:08:30.877997,sim_201ba982b4,14,view,simulated_baseline
2026-02-03T02:12:06.877997,sim_201ba982b4,13,view,simulated_baseline
2026-02-03T02:13:16.877997,sim_201ba982b4,13,add_to_cart,simulated_baseline
2026-02-03T02:15:45.877997,sim_201ba982b4,13,wishlist,simulated_baseline
2026-02-03T02:15:57.877997,sim_201ba982b4,14,add_to_cart,simulated_baseline
2026-02-03T02:20:23.877997,sim_201ba982b4,5,view,simulated_baseline
2026-02-03T02:23:00.877997,sim_201ba982b4,13,view,simulated_baseline
2026-02-03T02:24:04.877997,sim_201ba982b4,14,wishlist,simulated_baseline
2026-02-03T02:26:21.877997,sim_201ba982b4,7,view,simulated_baseline
2026-02-05T02:08:00.878036,sim_7f13ebc38a,5,view,simulated_baseline
2026-02-05T02:11:53.878036,sim_7f13ebc38a,9,view,simulated_baseline
2026-02-05T02:12:42.878036,sim_7f13ebc38a,8,view,simulated_baseline
2026-02-05T02:15:14.878036,sim_7f13ebc38a,8,view,simulated_baseline
2026-02-05T02:19:11.878036,sim_7f13ebc38a,8,view,simulated_baseline
2026-02-05T02:22:54.878036,sim_7f13ebc38a,8,view,simulated_baseline
2026-02-05T02:25:11.878036,sim_7f13ebc38a,5,wishlist,simulated_baseline
2026-02-05T02:27:05.878036,sim_7f13ebc38a,5,wishlist,simulated_baseline
2026-02-05T02:30:15.878036,sim_7f13ebc38a,9,view,simulated_baseline
2026-02-09T02:06:34.878067,sim_0a5a5ad585,14,view,simulated_baseline
2026-02-09T02:10:40.878067,sim_0a5a5ad585,7,view,simulated_baseline
2026-02-09T02:14:19.878067,sim_0a5a5ad585,7,view,simulated_baseline
2026-02-09T02:15:22.878067,sim_0a5a5ad585,14,add_to_cart,simulated_baseline
2026-02-09T02:15:36.878067,sim_0a5a5ad585,13,view,simulated_baseline
2026-02-09T02:17:47.878067,sim_0a5a5ad585,13,wishlist,simulated_baseline
2026-02-09T02:21:22.878067,sim_0a5a5ad585,13,add_to_cart,simulated_baseline
2026-02-11T05:07:10.878092,sim_02e3eeb6ef,14,add_to_cart,simulated_baseline
2026-02-11T05:07:22.878092,sim_02e3eeb6ef,14,view,simulated_baseline
2026-02-11T05:08:02.878092,sim_02e3eeb6ef,7,view,simulated_baseline
2026-02-18T08:04:19.878106,sim_ce775361da,10,view,simulated_baseline
2026-02-18T08:05:57.878106,sim_ce775361da,12,add_to_cart,simulated_baseline
2026-02-18T08:08:30.878106,sim_ce775361da,11,view,simulated_baseline
2026-02-18T08:11:04.878106,sim_ce775361da,12,view,simulated_baseline
2026-02-18T08:15:49.878106,sim_ce775361da,6,view,simulated_baseline
2026-02-18T08:19:08.878106,sim_ce775361da,10,view,simulated_baseline
2026-02-18T08:20:02.878106,sim_ce775361da,10,add_to_cart,simulated_baseline
2026-02-18T08:23:57.878106,sim_ce775361da,6,view,simulated_baseline
2026-02-18T08:28:11.878106,sim_ce775361da,13,view,simulated_baseline
2026-02-23T19:06:06.878138,sim_bcf2a10f43,11,view,simulated_baseline
2026-02-23T19:06:29.878138,sim_bcf2a10f43,6,add_to_cart,simulated_baseline
2026-02-23T19:09:14.878138,sim_bcf2a10f43,5,view,simulated_baseline
2026-02-23T19:13:58.878138,sim_bcf2a10f43,10,view,simulated_baseline
2026-02-23T19:18:25.878138,sim_bcf2a10f43,6,view,simulated_baseline
2026-02-23T19:21:04.878138,sim_bcf2a10f43,6,view,simulated_baseline
2026-02-23T19:25:28.878138,sim_bcf2a10f43,10,view,simulated_baseline
2026-02-23T19:25:42.878138,sim_bcf2a10f43,11,wishlist,simulated_baseline
2026-02-12T09:07:10.878167,sim_b2eceb31dd,8,view,simulated_baseline
2026-02-12T09:09:50.878167,sim_b2eceb31dd,8,view,simulated_baseline
2026-02-12T09:12:18.878167,sim_b2eceb31dd,5,view,simulated_baseline
2026-02-12T09:16:35.878167,sim_b2eceb31dd,8,view,simulated_baseline
2026-02-12T09:18:10.878167,sim_b2eceb31dd,9,view,simulated_baseline
2026-02-12T09:21:43.878167,sim_b2eceb31dd,9,add_to_cart,simulated_baseline
2026-02-08T21:05:32.878189,sim_7cb6e1bd54,10,wishlist,simulated_baseline
2026-02-08T21:07:07.878189,sim_7cb6e1bd54,12,view,simulated_baseline
2026-02-08T21:08:31.878189,sim_7cb6e1bd54,11,view,simulated_baseline
2026-02-08T21:10:47.878189,sim_7cb6e1bd54,11,view,simulated_baseline
2026-02-08T21:11:11.878189,sim_7cb6e1bd54,12,view,simulated_baseline
2026-02-08T21:14:16.878189,sim_7cb6e1bd54,11,view,simulated_baseline
2026-02-08T21:19:13.878189,sim_7cb6e1bd54,6,wishlist,simulated_baseline
2026-02-20T06:03:29.878215,sim_f13fa08112,5,add_to_cart,simulated_baseline
2026-02-20T06:04:31.878215,sim_f13fa08112,8,view,simulated_baseline
2026-02-20T06:07:35.878215,sim_f13fa08112,5,view,simulated_baseline
2026-02-20T06:08:36.878215,sim_f13fa08112,5,wishlist,simulated_baseline
2026-02-20T06:13:03.878215,sim_f13fa08112,9,view,simulated_baseline
2026-02-20T06:14:42.878215,sim_f13fa08112,9,view,simulated_baseline
2026-02-20T06:15:43.878215,sim_f13fa08112,8,view,simulated_baseline
2026-01-29T07:04:15.878240,sim_25644c3a8c,7,view,simulated_baseline
2026-01-29T07:08:36.878240,sim_25644c3a8c,7,view,simulated_baseline
2026-01-29T07:10:45.878240,sim_25644c3a8c,13,view,simulated_baseline
2026-01-29T07:11:54.878240,sim_25644c3a8c,13,add_to_cart,simulated_baseline
2026-01-29T07:14:15.878240,sim_25644c3a8c,14,view,simulated_baseline
2026-01-29T07:18:44.878240,sim_25644c3a8c,14,add_to_cart,simulated_baseline
2026-01-29T07:20:42.878240,sim_25644c3a8c,13,wishlist,simulated_baseline
2026-01-29T07:25:12.878240,sim_25644c3a8c,14,view,simulated_baseline
2026-01-29T07:26:26.878240,sim_25644c3a8c,14,view,simulated_baseline
2026-01-28T00:04:34.878271,sim_797aef9424,7,view,simulated_baseline
2026-01-28T00:05:20.878271,sim_797aef9424,7,view,simulated_baseline
2026-01-28T00:08:34.878271,sim_797aef9424,14,view,simulated_baseline
2026-01-28T00:09:24.878271,sim_797aef9424,7,view,simulated_baseline
2026-01-28T00:13:44.878271,sim_797aef9424,14,view,simulated_baseline
2026-01-28T00:16:18.878271,sim_797aef9424,8,view,simulated_baseline
2026-01-28T00:16:28.878271,sim_797aef9424,14,view,simulated_baseline
2026-01-28T00:19:56.878271,sim_797aef9424,14,add_to_cart,simulated_baseline
2026-01-28T00:20:15.878271,sim_797aef9424,8,view,simulated_baseline
2026-02-10T14:06:21.878303,sim_e5093f894a,12,wishlist,simulated_baseline
2026-02-10T14:08:55.878303,sim_e5093f894a,9,view,simulated_baseline
2026-02-10T14:11:07.878303,sim_e5093f894a,9,view,simulated_baseline
2026-02-10T14:12:41.878303,sim_e5093f894a,10,view,simulated_baseline
2026-02-10T14:14:57.878303,sim_e5093f894a,12,view,simulated_baseline
2026-02-10T14:19:57.878303,sim_e5093f894a,10,view,simulated_baseline
2026-02-21T13:06:57.878326,sim_20eee5a56e,11,wishlist,simulated_baseline
2026-02-21T13:08:38.878326,sim_20eee5a56e,10,view,simulated_baseline
2026-02-21T13:11:47.878326,sim_20eee5a56e,6,view,simulated_baseline
2026-02-21T13:13:06.878326,sim_20eee5a56e,11,wishlist,simulated_baseline
2026-02-21T13:13:52.878326,sim_20eee5a56e,6,view,simulated_baseline
2026-02-21T13:18:46.878326,sim_20eee5a56e,11,add_to_cart,simulated_baseline
2026-01-31T21:05:21.878348,sim_71ea79efdb,14,view,simulated_baseline
2026-01-31T21:06:55.878348,sim_71ea79efdb,9,view,simulated_baseline
2026-01-31T21:07:56.878348,sim_71ea79efdb,6,wishlist,simulated_baseline
2026-01-31T21:12:24.878348,sim_71ea79efdb,5,view,simulated_baseline
2026-01-31T21:12:52.878348,sim_71ea79efdb,5,wishlist,simulated_baseline
2026-01-31T21:15:47.878348,sim_71ea79efdb,5,view,simulated_baseline
2026-01-31T21:16:18.878348,sim_71ea79efdb,8,view,simulated_baseline
2026-01-31T21:17:42.878348,sim_71ea79efdb,8,view,simulated_baseline
2026-01-31T21:20:51.878348,sim_71ea79efdb,8,view,simulated_baseline
2026-01-31T21:21:03.878348,sim_71ea79efdb,9,view,simulated_baseline
2026-02-03T22:04:25.878386,sim_4611ab00fc,9,view,simulated_baseline
2026-02-03T22:09:01.878386,sim_4611ab00fc,12,view,simulated_baseline
2026-02-03T22:11:36.878386,sim_4611ab00fc,14,add_to_cart,simulated_baseline
2026-02-08T03:07:43.878400,sim_a66c15ecba,7,wishlist,simulated_baseline
2026-02-08T03:11:02.878400,sim_a66c15ecba,6,view,simulated_baseline
2026-02-08T03:14:00.878400,sim_a66c15ecba,12,add_to_cart,simulated_baseline
2026-02-08T03:14:19.878400,sim_a66c15ecba,14,view,simulated_baseline
2026-02-08T03:15:42.878400,sim_a66c15ecba,9,view,simulated_baseline
2026-02-08T03:17:11.878400,sim_a66c15ecba,6,view,simulated_baseline
2026-02-08T03:20:01.878400,sim_a66c15ecba,11,view,simulated_baseline
2026-01-26T18:03:54.878427,sim_299d6172d9,11,wishlist,simulated_baseline
2026-01-26T18:06:28.878427,sim_299d6172d9,13,add_to_cart,simulated_baseline
2026-01-26T18:10:31.878427,sim_299d6172d9,11,view,simulated_baseline
2026-01-26T18:12:01.878427,sim_299d6172d9,11,view,simulated_baseline
2026-01-26T18:16:21.878427,sim_299d6172d9,6,view,simulated_baseline
2026-02-12T14:03:56.878446,sim_48ad85361c,5,view,simulated_baseline
2026-02-12T14:08:08.878446,sim_48ad85361c,5,view,simulated_baseline
2026-02-12T14:10:16.878446,sim_48ad85361c,9,wishlist,simulated_baseline
2026-02-12T14:12:13.878446,sim_48ad85361c,14,view,simulated_baseline
2026-02-12T14:14:59.878446,sim_48ad85361c,5,view,simulated_baseline
2026-02-12T14:17:26.878446,sim_48ad85361c,5,view,simulated_baseline
2026-02-07T09:06:10.878469,sim_ad9be83358,14,wishlist,simulated_baseline
2026-02-07T09:06:23.878469,sim_ad9be83358,7,view,simulated_baseline
2026-02-07T09:09:43.878469,sim_ad9be83358,10,view,simulated_baseline
2026-02-07T09:14:27.878469,sim_ad9be83358,13,view,simulated_baseline
2026-02-07T09:14:53.878469,sim_ad9be83358,7,view,simulated_baseline
2026-02-07T09:16:02.878469,sim_ad9be83358,14,add_to_cart,simulated_baseline
2026-02-07T09:18:54.878469,sim_ad9be83358,13,view,simulated_baseline
2026-02-11T13:05:54.878495,sim_251049c2de,6,view,simulated_baseline
2026-02-11T13:07:01.878495,sim_251049c2de,10,view,simulated_baseline
2026-02-11T13:09:18.878495,sim_251049c2de,14,wishlist,simulated_baseline
2026-02-11T13:09:48.878495,sim_251049c2de,10,view,simulated_baseline
2026-02-11T13:12:31.878495,sim_251049c2de,10,wishlist,simulated_baseline
2026-02-11T13:14:03.878495,sim_251049c2de,12,view,simulated_baseline
2026-02-11T13:14:15.878495,sim_251049c2de,12,view,simulated_baseline
2026-02-11T13:19:13.878495,sim_251049c2de,6,wishlist,simulated_baseline
2026-02-11T13:22:45.878495,sim_251049c2de,10,view,simulated_baseline
2026-02-11T13:26:29.878495,sim_251049c2de,11,view,simulated_baseline
2026-01-30T13:03:50.878529,sim_0754e657b0,11,view,simulated_baseline
2026-01-30T13:07:27.878529,sim_0754e657b0,10,add_to_cart,simulated_baseline
2026-01-30T13:08:55.878529,sim_0754e657b0,11,view,simulated_baseline
2026-01-30T13:10:27.878529,sim_0754e657b0,11,view,simulated_baseline
2026-01-30T13:15:03.878529,sim_0754e657b0,6,view,simulated_baseline
2026-02-14T16:05:10.878549,sim_d635d2cc9d,5,view,simulated_baseline
2026-02-14T16:08:12.878549,sim_d635d2cc9d,5,view,simulated_baseline
2026-02-14T16:12:17.878549,sim_d635d2cc9d,10,view,simulated_baseline
2026-02-14T16:13:01.878549,sim_d635d2cc9d,5,view,simulated_baseline
2026-02-14T16:14:07.878549,sim_d635d2cc9d,5,wishlist,simulated_baseline
2026-02-14T16:18:52.878549,sim_d635d2cc9d,8,view,simulated_baseline
2026-02-14T16:22:40.878549,sim_d635d2cc9d,7,view,simulated_baseline
2026-02-09T00:03:33.878574,sim_88f466fc52,5,view,simulated_baseline
2026-02-09T00:06:02.878574,sim_88f466fc52,12,view,simulated_baseline
2026-02-09T00:06:33.878574,sim_88f466fc52,5,view,simulated_baseline
2026-02-18T10:05:57.878587,sim_b1f4f42792,7,view,simulated_baseline
2026-02-18T10:09:07.878587,sim_b1f4f42792,7,view,simulated_baseline
2026-02-18T10:10:06.878587,sim_b1f4f42792,7,view,simulated_baseline
2026-02-18T10:11:08.878587,sim_b1f4f42792,7,view,simulated_baseline
2026-02-18T10:13:24.878587,sim_b1f4f42792,11,view,simulated_baseline
2026-02-18T10:15:31.878587,sim_b1f4f42792,12,view,simulated_baseline
2026-02-09T23:06:23.878609,sim_bf1cac09ff,5,view,simulated_baseline
2026-02-09T23:07:46.878609,sim_bf1cac09ff,5,view,simulated_baseline
2026-02-09T23:08:02.878609,sim_bf1cac09ff,5,wishlist,simulated_baseline
2026-02-09T23:08:12.878609,sim_bf1cac09ff,9,view,simulated_baseline
2026-02-13T14:07:56.878626,sim_652feee96e,10,view,simulated_baseline
2026-02-13T14:10:08.878626,sim_652feee96e,10,view,simulated_baseline
2026-02-13T14:10:47.878626,sim_652feee96e,8,view,simulated_baseline
2026-02-13T14:12:57.878626,sim_652feee96e,6,wishlist,simulated_baseline
2026-02-13T14:14:44.878626,sim_652feee96e,12,view,simulated_baseline
2026-02-13T14:16:14.878626,sim_652feee96e,6,view,simulated_baseline
2026-02-13T14:19:46.878626,sim_652feee96e,14,view,simulated_baseline
2026-02-13T14:22:47.878626,sim_652feee96e,9,view,simulated_baseline
2026-02-13T14:24:12.878626,sim_652feee96e,11,view,simulated_baseline
2026-02-07T23:07:49.878657,sim_52e6610a94,6,view,simulated_baseline
2026-02-07T23:12:21.878657,sim_52e6610a94,11,view,simulated_baseline
2026-02-07T23:17:12.878657,sim_52e6610a94,12,view,simulated_baseline
2026-02-07T23:20:24.878657,sim_52e6610a94,10,view,simulated_baseline
2026-02-07T23:23:58.878657,sim_52e6610a94,10,view,simulated_baseline
2026-02-07T23:28:34.878657,sim_52e6610a94,6,view,simulated_baseline
2026-02-07T23:29:06.878657,sim_52e6610a94,6,view,simulated_baseline
2026-02-07T23:29:41.878657,sim_52e6610a94,11,add_to_cart,simulated_baseline
2026-02-07T23:33:41.878657,sim_52e6610a94,12,view,simulated_baseline
2026-02-07T23:37:32.878657,sim_52e6610a94,6,wishlist,simulated_baseline
2026-02-19T09:07:49.878693,sim_39787fa9e2,6,view,simulated_baseline
2026-02-19T09:11:17.878693,sim_39787fa9e2,12,wishlist,simulated_baseline
2026-02-19T09:14:20.878693,sim_39787fa9e2,11,view,simulated_baseline
2026-02-10T05:08:01.878706,sim_f48a42dbdb,9,wishlist,simulated_baseline
2026-02-10T05:10:44.878706,sim_f48a42dbdb,9,view,simulated_baseline
2026-02-10T05:15:43.878706,sim_f48a42dbdb,5,view,simulated_baseline
2026-02-10T05:18:32.878706,sim_f48a42dbdb,14,wishlist,simulated_baseline
2026-02-10T05:19:38.878706,sim_f48a42dbdb,8,view,simulated_baseline
2026-02-10T05:20:29.878706,sim_f48a42dbdb,5,view,simulated_baseline
2026-02-10T05:21:40.878706,sim_f48a42dbdb,9,view,simulated_baseline
2026-02-10T05:22:55.878706,sim_f48a42dbdb,8,wishlist,simulated_baseline
2026-02-19T21:04:20.878734,sim_387ad66fe4,5,view,simulated_baseline
2026-02-19T21:09:20.878734,sim_387ad66fe4,5,view,simulated_baseline
2026-02-19T21:13:33.878734,sim_387ad66fe4,5,view,simulated_baseline
2026-02-19T21:16:49.878734,sim_387ad66fe4,6,view,simulated_baseline
2026-02-19T21:18:05.878734,sim_387ad66fe4,9,view,simulated_baseline
2026-02-19T21:21:44.878734,sim_387ad66fe4,5,view,simulated_baseline
2026-02-19T21:24:49.878734,sim_387ad66fe4,5,wishlist,simulated_baseline
2026-02-02T00:03:38.878759,sim_9afb0d40fa,9,view,simulated_baseline
2026-02-02T00:05:45.878759,sim_9afb0d40fa,13,view,simulated_baseline
2026-02-02T00:06:57.878759,sim_9afb0d40fa,7,view,simulated_baseline
2026-02-19T09:05:07.878773,sim_11950261cd,12,view,simulated_baseline
2026-02-19T09:07:11.878773,sim_11950261cd,12,view,simulated_baseline
2026-02-19T09:08:15.878773,sim_11950261cd,10,add_to_cart,simulated_baseline
2026-02-19T09:12:02.878773,sim_11950261cd,9,view,simulated_baseline
2026-02-19T09:16:28.878773,sim_11950261cd,11,view,simulated_baseline
2026-02-19T09:19:06.878773,sim_11950261cd,6,wishlist,simulated_baseline
2026-02-19T09:23:46.878773,sim_11950261cd,10,view,simulated_baseline
2026-02-19T09:24:18.878773,sim_11950261cd,13,view,simulated_baseline
2026-02-09T11:05:20.878803,sim_9b7459bee4,8,view,simulated_baseline
2026-02-09T11:10:02.878803,sim_9b7459bee4,9,view,simulated_baseline
2026-02-09T11:14:45.878803,sim_9b7459bee4,8,add_to_cart,simulated_baseline
2026-02-09T11:18:24.878803,sim_9b7459bee4,5,add_to_cart,simulated_baseline
2026-01-24T20:04:23.878822,sim_82b4412c1a,10,view,simulated_baseline
2026-01-24T20:04:52.878822,sim_82b4412c1a,7,wishlist,simulated_baseline
2026-01-24T20:05:56.878822,sim_82b4412c1a,13,view,simulated_baseline
2026-01-24T20:08:01.878822,sim_82b4412c1a,14,view,simulated_baseline
2026-01-24T20:10:03.878822,sim_82b4412c1a,14,view,simulated_baseline
2026-01-24T20:12:59.878822,sim_82b4412c1a,14,add_to_cart,simulated_baseline
2026-01-24T20:14:00.878822,sim_82b4412c1a,13,view,simulated_baseline
2026-01-24T20:18:24.878822,sim_82b4412c1a,13,view,simulated_baseline
2026-01-24T20:19:19.878822,sim_82b4412c1a,14,view,simulated_baseline
2026-01-24T20:24:13.878822,sim_82b4412c1a,7,wishlist,simulated_baseline
2026-02-20T12:06:11.878857,sim_19cbdcbda2,7,wishlist,simulated_baseline
2026-02-20T12:08:52.878857,sim_19cbdcbda2,7,view,simulated_baseline
2026-02-20T12:09:20.878857,sim_19cbdcbda2,13,view,simulated_baseline
2026-02-20T12:09:51.878857,sim_19cbdcbda2,13,view,simulated_baseline
2026-02-20T12:11:19.878857,sim_19cbdcbda2,7,view,simulated_baseline
2026-02-20T12:15:01.878857,sim_19cbdcbda2,13,view,simulated_baseline
2026-02-20T12:19:36.878857,sim_19cbdcbda2,8,view,simulated_baseline
2026-02-20T12:20:36.878857,sim_19cbdcbda2,14,view,simulated_baseline
2026-02-02T12:05:21.878885,sim_76a6ef5b31,6,view,simulated_baseline
2026-02-02T12:06:42.878885,sim_76a6ef5b31,10,view,simulated_baseline
2026-02-02T12:09:07.878885,sim_76a6ef5b31,10,wishlist,simulated_baseline
2026-02-02T12:11:07.878885,sim_76a6ef5b31,12,wishlist,simulated_baseline
2026-02-02T12:15:00.878885,sim_76a6ef5b31,10,view,simulated_baseline
2026-02-02T12:15:31.878885,sim_76a6ef5b31,13,wishlist,simulated_baseline
2026-02-02T20:07:58.878908,sim_749d7909c3,11,view,simulated_baseline
2026-02-02T20:11:09.878908,sim_749d7909c3,11,view,simulated_baseline
2026-02-02T20:11:29.878908,sim_749d7909c3,6,view,simulated_baseline
2026-02-02T20:12:59.878908,sim_749d7909c3,10,view,simulated_baseline
2026-02-02T20:17:29.878908,sim_749d7909c3,11,view,simulated_baseline
2026-02-02T20:20:47.878908,sim_749d7909c3,12,wishlist,simulated_baseline
2026-02-02T20:21:08.878908,sim_749d7909c3,6,view,simulated_baseline
2026-02-02T20:25:20.878908,sim_749d7909c3,12,view,simulated_baseline
2026-02-14T01:08:05.878936,sim_e37efd1581,12,view,simulated_baseline
2026-02-14T01:09:46.878936,sim_e37efd1581,6,view,simulated_baseline
2026-02-14T01:11:30.878936,sim_e37efd1581,10,add_to_cart,simulated_baseline
2026-02-14T01:16:13.878936,sim_e37efd1581,10,wishlist,simulated_baseline
2026-02-14T01:19:49.878936,sim_e37efd1581,6,view,simulated_baseline
2026-02-14T01:22:21.878936,sim_e37efd1581,10,wishlist,simulated_baseline
2026-02-14T01:25:22.878936,sim_e37efd1581,11,view,simulated_baseline
2026-02-23T09:03:54.878962,sim_913c05766b,7,view,simulated_baseline
2026-02-23T09:06:47.878962,sim_913c05766b,7,view,simulated_baseline
2026-02-23T09:11:14.878962,sim_913c05766b,14,view,simulated_baseline
2026-02-23T09:11:25.878962,sim_913c05766b,7,view,simulated_baseline
2026-02-23T09:15:35.878962,sim_913c05766b,10,add_to_cart,simulated_baseline
2026-02-23T09:16:17.878962,sim_913c05766b,13,wishlist,simulated_baseline
2026-02-23T09:20:22.878962,sim_913c05766b,14,wishlist,simulated_baseline
2026-02-23T09:23:03.878962,sim_913c05766b,13,view,simulated_baseline
2026-02-23T09:26:19.878962,sim_913c05766b,7,view,simulated_baseline
2026-02-08T22:04:28.878993,sim_246ce47655,9,view,simulated_baseline
2026-02-08T22:06:35.878993,sim_246ce47655,5,wishlist,simulated_baseline
2026-02-08T22:07:16.878993,sim_246ce47655,8,view,simulated_baseline
2026-02-08T22:10:40.878993,sim_246ce47655,5,add_to_cart,simulated_baseline
2026-01-27T17:05:39.879009,sim_e9afcf8542,9,view,simulated_baseline
2026-01-27T17:07:12.879009,sim_e9afcf8542,10,view,simulated_baseline
2026-01-27T17:07:41.879009,sim_e9afcf8542,5,view,simulated_baseline
2026-01-27T17:11:49.879009,sim_e9afcf8542,5,view,simulated_baseline
2026-01-27T17:14:02.879009,sim_e9afcf8542,7,view,simulated_baseline
2026-01-27T17:17:41.879009,sim_e9afcf8542,13,view,simulated_baseline
2026-01-27T17:22:22.879009,sim_e9afcf8542,9,wishlist,simulated_baseline
2026-01-27T17:27:16.879009,sim_e9afcf8542,9,view,simulated_baseline
2026-01-27T17:30:20.879009,sim_e9afcf8542,8,view,simulated_baseline
2026-01-29T07:04:09.879041,sim_1dda36d203,6,wishlist,simulated_baseline
2026-01-29T07:06:16.879041,sim_1dda36d203,6,view,simulated_baseline
2026-01-29T07:09:38.879041,sim_1dda36d203,6,view,simulated_baseline
2026-01-29T07:13:31.879041,sim_1dda36d203,11,wishlist,simulated_baseline
2026-02-17T11:05:38.879058,sim_7c599cce08,8,add_to_cart,simulated_baseline
2026-02-17T11:07:46.879058,sim_7c599cce08,8,wishlist,simulated_baseline
2026-02-17T11:11:52.879058,sim_7c599cce08,8,view,simulated_baseline
2026-02-17T11:12:48.879058,sim_7c599cce08,8,view,simulated_baseline
2026-02-17T11:13:32.879058,sim_7c599cce08,8,view,simulated_baseline
2026-02-17T11:14:26.879058,sim_7c599cce08,8,add_to_cart,simulated_baseline
2026-02-17T11:18:34.879058,sim_7c599cce08,5,view,simulated_baseline
2026-02-17T11:22:15.879058,sim_7c599cce08,9,add_to_cart,simulated_baseline
2026-02-17T11:22:54.879058,sim_7c599cce08,12,wishlist,simulated_baseline
2026-02-17T11:25:07.879058,sim_7c599cce08,5,view,simulated_baseline
2026-02-17T17:04:29.879092,sim_7151aa5c31,8,view,simulated_baseline
2026-02-17T17:08:28.879092,sim_7151aa5c31,5,view,simulated_baseline
2026-02-17T17:13:04.879092,sim_7151aa5c31,6,add_to_cart,simulated_baseline
2026-02-17T17:17:45.879092,sim_7151aa5c31,9,wishlist,simulated_baseline
2026-01-29T23:03:38.879109,sim_5fc3c47e4a,14,view,simulated_baseline
2026-01-29T23:04:02.879109,sim_5fc3c47e4a,7,view,simulated_baseline
2026-01-29T23:06:12.879109,sim_5fc3c47e4a,6,view,simulated_baseline
2026-01-29T23:10:41.879109,sim_5fc3c47e4a,13,view,simulated_baseline
2026-01-29T23:14:41.879109,sim_5fc3c47e4a,13,view,simulated_baseline
2026-01-29T23:16:18.879109,sim_5fc3c47e4a,7,add_to_cart,simulated_baseline
2026-01-29T23:18:20.879109,sim_5fc3c47e4a,7,view,simulated_baseline
2026-02-14T03:06:10.879134,sim_2fa80a6aa3,5,view,simulated_baseline
2026-02-14T03:08:24.879134,sim_2fa80a6aa3,8,view,simulated_baseline
2026-02-14T03:12:28.879134,sim_2fa80a6aa3,5,wishlist,simulated_baseline
2026-02-14T03:17:06.879134,sim_2fa80a6aa3,8,wishlist,simulated_baseline
2026-02-14T03:17:37.879134,sim_2fa80a6aa3,14,view,simulated_baseline
2026-02-14T03:19:43.879134,sim_2fa80a6aa3,5,view,simulated_baseline
2026-02-14T03:21:52.879134,sim_2fa80a6aa3,8,add_to_cart,simulated_baseline
2026-02-14T03:22:08.879134,sim_2fa80a6aa3,5,add_to_cart,simulated_baseline
2026-02-14T03:24:30.879134,sim_2fa80a6aa3,8,view,simulated_baseline
2026-02-14T03:28:52.879134,sim_2fa80a6aa3,8,view,simulated_baseline
2026-02-12T19:08:02.879169,sim_9b03b9ef2a,9,view,simulated_baseline
2026-02-12T19:12:47.879169,sim_9b03b9ef2a,14,view,simulated_baseline
2026-02-12T19:17:16.879169,sim_9b03b9ef2a,7,add_to_cart,simulated_baseline
2026-02-12T19:19:46.879169,sim_9b03b9ef2a,7,view,simulated_baseline
2026-02-04T03:05:29.879186,sim_127fa6c9d0,9,view,simulated_baseline
2026-02-04T03:10:15.879186,sim_127fa6c9d0,14,view,simulated_baseline
2026-02-04T03:12:31.879186,sim_127fa6c9d0,9,view,simulated_baseline
2026-02-04T03:13:46.879186,sim_127fa6c9d0,8,view,simulated_baseline
2026-02-04T03:15:07.879186,sim_127fa6c9d0,5,view,simulated_baseline
2026-02-04T03:19:55.879186,sim_127fa6c9d0,14,wishlist,simulated_baseline
2026-02-04T03:22:57.879186,sim_127fa6c9d0,9,wishlist,simulated_baseline
2026-02-04T03:26:34.879186,sim_127fa6c9d0,9,wishlist,simulated_baseline
2026-02-04T03:28:13.879186,sim_127fa6c9d0,5,view,simulated_baseline
2026-02-05T10:05:52.879218,sim_0928ad2235,12,wishlist,simulated_baseline
2026-02-05T10:10:10.879218,sim_0928ad2235,11,wishlist,simulated_baseline
2026-02-05T10:10:29.879218,sim_0928ad2235,6,wishlist,simulated_baseline
2026-02-05T10:14:54.879218,sim_0928ad2235,7,view,simulated_baseline
2026-02-05T10:18:45.879218,sim_0928ad2235,12,view,simulated_baseline
2026-02-05T10:20:35.879218,sim_0928ad2235,6,view,simulated_baseline
2026-02-05T10:21:22.879218,sim_0928ad2235,12,view,simulated_baseline
2026-02-14T09:07:48.879247,sim_a5edc605e4,5,view,simulated_baseline
2026-02-14T09:08:16.879247,sim_a5edc605e4,8,view,simulated_baseline
2026-02-14T09:09:57.879247,sim_a5edc605e4,8,view,simulated_baseline
2026-02-16T21:04:00.879261,sim_ce9fe8f1b7,10,wishlist,simulated_baseline
2026-02-16T21:06:56.879261,sim_ce9fe8f1b7,10,view,simulated_baseline
2026-02-16T21:07:38.879261,sim_ce9fe8f1b7,6,wishlist,simulated_baseline
2026-02-16T21:09:33.879261,sim_ce9fe8f1b7,12,view,simulated_baseline
2026-02-16T21:11:56.879261,sim_ce9fe8f1b7,12,wishlist,simulated_baseline
2026-02-16T21:12:13.879261,sim_ce9fe8f1b7,10,view,simulated_baseline
2026-02-16T21:14:49.879261,sim_ce9fe8f1b7,7,view,simulated_baseline
2026-02-16T21:15:16.879261,sim_ce9fe8f1b7,10,view,simulated_baseline
2026-02-16T21:18:02.879261,sim_ce9fe8f1b7,6,view,simulated_baseline
2026-02-16T21:19:46.879261,sim_ce9fe8f1b7,6,view,simulated_baseline
2026-02-19T12:06:26.879295,sim_6a32c97eef,12,view,simulated_baseline
2026-02-19T12:08:10.879295,sim_6a32c97eef,10,view,simulated_baseline
2026-02-19T12:09:32.879295,sim_6a32c97eef,11,view,simulated_baseline
2026-02-22T18:08:06.879308,sim_0d75685572,7,view,simulated_baseline
2026-02-22T18:11:52.879308,sim_0d75685572,7,view,simulated_baseline
2026-02-22T18:16:49.879308,sim_0d75685572,14,view,simulated_baseline
2026-02-22T18:19:32.879308,sim_0d75685572,14,view,simulated_baseline
2026-02-22T18:21:52.879308,sim_0d75685572,13,add_to_cart,simulated_baseline
2026-02-22T18:22:29.879308,sim_0d75685572,7,view,simulated_baseline
2026-02-22T18:25:26.879308,sim_0d75685572,14,view,simulated_baseline
2026-02-04T18:07:27.879333,sim_3a2c34ad34,11,wishlist,simulated_baseline
2026-02-04T18:11:48.879333,sim_3a2c34ad34,10,view,simulated_baseline
2026-02-04T18:15:05.879333,sim_3a2c34ad34,6,view,simulated_baseline
2026-02-04T18:17:14.879333,sim_3a2c34ad34,12,view,simulated_baseline
2026-02-04T18:21:16.879333,sim_3a2c34ad34,10,view,simulated_baseline
2026-02-04T18:24:45.879333,sim_3a2c34ad34,6,view,simulated_baseline
2026-02-19T09:04:08.879356,sim_b97f1387e8,8,view,simulated_baseline
2026-02-19T09:06:22.879356,sim_b97f1387e8,9,view,simulated_baseline
2026-02-19T09:09:50.879356,sim_b97f1387e8,13,view,simulated_baseline
2026-02-19T09:10:17.879356,sim_b97f1387e8,5,view,simulated_baseline
2026-02-19T09:11:55.879356,sim_b97f1387e8,9,view,simulated_baseline
2026-02-19T09:15:07.879356,sim_b97f1387e8,12,wishlist,simulated_baseline
2026-02-19T09:16:44.879356,sim_b97f1387e8,7,view,simulated_baseline
2026-02-19T09:18:20.879356,sim_b97f1387e8,9,wishlist,simulated_baseline
2026-02-19T09:20:32.879356,sim_b97f1387e8,8,view,simulated_baseline
2026-02-19T09:21:39.879356,sim_b97f1387e8,9,view,simulated_baseline
2026-01-24T21:04:02.879390,sim_0f65d79287,12,add_to_cart,simulated_baseline
2026-01-24T21:06:33.879390,sim_0f65d79287,14,view,simulated_baseline
2026-01-24T21:07:38.879390,sim_0f65d79287,13,view,simulated_baseline
2026-01-24T21:08:12.879390,sim_0f65d79287,13,view,simulated_baseline
2026-01-24T21:10:29.879390,sim_0f65d79287,14,add_to_cart,simulated_baseline
2026-01-24T21:12:02.879390,sim_0f65d79287,13,view,simulated_baseline
2026-01-24T21:13:53.879390,sim_0f65d79287,8,wishlist,simulated_baseline
2026-01-31T16:04:13.879416,sim_fa193f16a7,5,view,simulated_baseline
2026-01-31T16:05:01.879416,sim_fa193f16a7,13,view,simulated_baseline
2026-01-31T16:09:51.879416,sim_fa193f16a7,7,wishlist,simulated_baseline
2026-01-31T16:13:56.879416,sim_fa193f16a7,7,view,simulated_baseline
2026-01-31T16:16:28.879416,sim_fa193f16a7,13,view,simulated_baseline
2026-01-31T16:18:22.879416,sim_fa193f16a7,13,view,simulated_baseline
2026-02-10T11:03:42.879439,sim_4b77fb329a,8,wishlist,simulated_baseline
2026-02-10T11:04:56.879439,sim_4b77fb329a,8,view,simulated_baseline
2026-02-10T11:05:38.879439,sim_4b77fb329a,13,view,simulated_baseline
2026-02-02T17:05:18.879452,sim_106318a94f,14,view,simulated_baseline
2026-02-02T17:09:19.879452,sim_106318a94f,6,view,simulated_baseline
2026-02-02T17:13:47.879452,sim_106318a94f,8,view,simulated_baseline
2026-02-02T17:16:02.879452,sim_106318a94f,12,view,simulated_baseline
2026-02-20T02:05:38.879469,sim_0ceeb70920,10,view,simulated_baseline
2026-02-20T02:08:05.879469,sim_0ceeb70920,12,view,simulated_baseline
2026-02-20T02:12:09.879469,sim_0ceeb70920,10,view,simulated_baseline
2026-02-20T02:15:11.879469,sim_0ceeb70920,14,wishlist,simulated_baseline
2026-02-20T02:19:17.879469,sim_0ceeb70920,8,view,simulated_baseline
2026-01-27T23:06:02.879489,sim_01869d2e9c,6,wishlist,simulated_baseline
2026-01-27T23:08:20.879489,sim_01869d2e9c,10,view,simulated_baseline
2026-01-27T23:11:54.879489,sim_01869d2e9c,10,view,simulated_baseline
2026-01-27T23:15:54.879489,sim_01869d2e9c,10,view,simulated_baseline
2026-01-27T23:17:55.879489,sim_01869d2e9c,10,view,simulated_baseline
2026-01-27T23:21:34.879489,sim_01869d2e9c,12,view,simulated_baseline
2026-01-27T23:25:38.879489,sim_01869d2e9c,11,view,simulated_baseline
2026-01-27T23:29:34.879489,sim_01869d2e9c,12,view,simulated_baseline
2026-01-27T23:33:44.879489,sim_01869d2e9c,10,view,simulated_baseline
2026-01-29T13:07:17.879521,sim_971aab7035,12,view,simulated_baseline
2026-01-29T13:07:54.879521,sim_971aab7035,6,view,simulated_baseline
2026-01-29T13:10:29.879521,sim_971aab7035,6,wishlist,simulated_baseline
2026-01-29T13:15:18.879521,sim_971aab7035,11,view,simulated_baseline
2026-01-29T13:19:15.879521,sim_971aab7035,11,view,simulated_baseline
2026-01-29T13:20:09.879521,sim_971aab7035,11,wishlist,simulated_baseline
2026-01-29T13:21:54.879521,sim_971aab7035,12,view,simulated_baseline
2026-01-29T13:24:56.879521,sim_971aab7035,11,wishlist,simulated_baseline
2026-01-29T13:25:16.879521,sim_971aab7035,12,wishlist,simulated_baseline
2026-02-13T23:06:55.879553,sim_1e71893179,10,wishlist,simulated_baseline
2026-02-13T23:11:38.879553,sim_1e71893179,12,view,simulated_baseline
2026-02-13T23:16:16.879553,sim_1e71893179,11,view,simulated_baseline
2026-01-27T06:07:57.879566,sim_7e82c92d33,7,view,simulated_baseline
2026-01-27T06:12:48.879566,sim_7e82c92d33,14,view,simulated_baseline
2026-01-27T06:12:59.879566,sim_7e82c92d33,14,wishlist,simulated_baseline
2026-01-27T23:08:14.879579,sim_3af27bb70d,12,view,simulated_baseline
2026-01-27T23:08:49.879579,sim_3af27bb70d,9,view,simulated_baseline
2026-01-27T23:12:54.879579,sim_3af27bb70d,11,wishlist,simulated_baseline
2026-02-12T14:06:43.879593,sim_d528327abf,9,wishlist,simulated_baseline
2026-02-12T14:09:00.879593,sim_d528327abf,13,view,simulated_baseline
2026-02-12T14:13:58.879593,sim_d528327abf,13,view,simulated_baseline
2026-02-12T14:17:06.879593,sim_d528327abf,14,view,simulated_baseline
2026-02-12T14:18:36.879593,sim_d528327abf,13,view,simulated_baseline
2026-02-12T14:21:15.879593,sim_d528327abf,14,wishlist,simulated_baseline
2026-02-18T19:07:35.879616,sim_6cb43b576d,13,view,simulated_baseline
2026-02-18T19:12:00.879616,sim_6cb43b576d,7,view,simulated_baseline
2026-02-18T19:16:26.879616,sim_6cb43b576d,5,view,simulated_baseline
2026-02-18T19:21:02.879616,sim_6cb43b576d,14,view,simulated_baseline
2026-02-18T19:25:02.879616,sim_6cb43b576d,14,view,simulated_baseline
2026-02-18T19:29:31.879616,sim_6cb43b576d,12,view,simulated_baseline
2026-02-18T19:34:12.879616,sim_6cb43b576d,13,wishlist,simulated_baseline
2026-02-18T19:38:05.879616,sim_6cb43b576d,14,view,simulated_baseline
2026-02-18T19:40:38.879616,sim_6cb43b576d,7,view,simulated_baseline
2026-02-21T17:07:16.879647,sim_6c3d67f64c,7,add_to_cart,simulated_baseline
2026-02-21T17:11:02.879647,sim_6c3d67f64c,7,view,simulated_baseline
2026-02-21T17:13:30.879647,sim_6c3d67f64c,7,view,simulated_baseline
2026-02-21T17:15:33.879647,sim_6c3d67f64c,14,wishlist,simulated_baseline
2026-02-21T17:15:53.879647,sim_6c3d67f64c,13,add_to_cart,simulated_baseline
2026-02-21T17:20:13.879647,sim_6c3d67f64c,13,view,simulated_baseline
2026-02-21T17:24:26.879647,sim_6c3d67f64c,7,view,simulated_baseline
2026-02-21T17:29:21.879647,sim_6c3d67f64c,7,view,simulated_baseline
2026-02-21T17:34:08.879647,sim_6c3d67f64c,14,view,simulated_baseline
2026-02-21T17:34:21.879647,sim_6c3d67f64c,13,view,simulated_baseline
2026-02-05T12:03:27.879685,sim_aa78aca240,10,wishlist,simulated_baseline
2026-02-05T12:08:20.879685,sim_aa78aca240,11,view,simulated_baseline
2026-02-05T12:12:40.879685,sim_aa78aca240,12,wishlist,simulated_baseline
2026-02-05T12:15:45.879685,sim_aa78aca240,11,view,simulated_baseline
2026-02-05T12:19:14.879685,sim_aa78aca240,14,view,simulated_baseline
2026-02-05T12:22:06.879685,sim_aa78aca240,10,view,simulated_baseline
2026-02-05T12:26:07.879685,sim_aa78aca240,12,view,simulated_baseline
2026-02-05T12:27:57.879685,sim_aa78aca240,11,view,simulated_baseline
2026-01-27T10:06:24.879714,sim_03e5355839,14,view,simulated_baseline
2026-01-27T10:09:19.879714,sim_03e5355839,8,view,simulated_baseline
2026-01-27T10:13:40.879714,sim_03e5355839,14,view,simulated_baseline
2026-01-27T10:14:13.879714,sim_03e5355839,11,view,simulated_baseline
2026-01-27T10:15:34.879714,sim_03e5355839,7,add_to_cart,simulated_baseline
2026-01-27T10:18:46.879714,sim_03e5355839,14,wishlist,simulated_baseline
2026-01-27T10:19:05.879714,sim_03e5355839,7,wishlist,simulated_baseline
2026-01-27T10:22:29.879714,sim_03e5355839,7,view,simulated_baseline
2026-02-19T09:04:15.879742,sim_0625f2222f,14,view,simulated_baseline
2026-02-19T09:04:34.879742,sim_0625f2222f,7,wishlist,simulated_baseline
2026-02-19T09:05:20.879742,sim_0625f2222f,14,view,simulated_baseline
2026-01-26T21:04:51.879756,sim_0a11349733,14,wishlist,simulated_baseline
2026-01-26T21:09:48.879756,sim_0a11349733,6,wishlist,simulated_baseline
2026-01-26T21:10:29.879756,sim_0a11349733,6,add_to_cart,simulated_baseline
2026-01-26T21:11:41.879756,sim_0a11349733,6,wishlist,simulated_baseline
2026-01-26T21:12:25.879756,sim_0a11349733,6,view,simulated_baseline
2026-01-26T21:17:16.879756,sim_0a11349733,12,view,simulated_baseline
2026-01-26T21:20:43.879756,sim_0a11349733,6,view,simulated_baseline
2026-01-26T21:25:15.879756,sim_0a11349733,6,view,simulated_baseline
2026-01-26T21:29:38.879756,sim_0a11349733,11,wishlist,simulated_baseline
2026-01-26T21:31:59.879756,sim_0a11349733,10,view,simulated_baseline
2026-02-01T21:06:56.879792,sim_c0c7f6e958,11,view,simulated_baseline
2026-02-01T21:11:50.879792,sim_c0c7f6e958,6,wishlist,simulated_baseline
2026-02-01T21:14:48.879792,sim_c0c7f6e958,6,view,simulated_baseline
2026-02-01T21:15:54.879792,sim_c0c7f6e958,10,view,simulated_baseline
2026-02-01T21:18:01.879792,sim_c0c7f6e958,8,view,simulated_baseline
2026-02-01T21:20:57.879792,sim_c0c7f6e958,10,view,simulated_baseline
2026-02-01T21:24:13.879792,sim_c0c7f6e958,10,wishlist,simulated_baseline
2026-02-01T21:26:03.879792,sim_c0c7f6e958,10,view,simulated_baseline
2026-02-01T21:30:57.879792,sim_c0c7f6e958,11,view,simulated_baseline
2026-02-08T16:07:33.879827,sim_2567a4cdce,7,wishlist,simulated_baseline
2026-02-08T16:10:57.879827,sim_2567a4cdce,13,wishlist,simulated_baseline
2026-02-08T16:11:33.879827,sim_2567a4cdce,14,view,simulated_baseline
2026-02-23T09:05:23.879840,sim_e45bd34815,8,view,simulated_baseline
2026-02-23T09:09:33.879840,sim_e45bd34815,5,add_to_cart,simulated_baseline
2026-02-23T09:13:35.879840,sim_e45bd34815,6,wishlist,simulated_baseline
2026-02-23T09:16:04.879840,sim_e45bd34815,8,add_to_cart,simulated_baseline
2026-02-23T09:18:16.879840,sim_e45bd34815,9,view,simulated_baseline
2026-02-23T09:22:47.879840,sim_e45bd34815,5,add_to_cart,simulated_baseline
2026-02-23T09:27:32.879840,sim_e45bd34815,5,view,simulated_baseline
2026-02-23T09:31:16.879840,sim_e45bd34815,5,view,simulated_baseline
2026-01-31T16:07:29.879869,sim_db15e4a3c8,9,view,simulated_baseline
2026-01-31T16:10:50.879869,sim_db15e4a3c8,8,wishlist,simulated_baseline
2026-01-31T16:12:19.879869,sim_db15e4a3c8,5,view,simulated_baseline
2026-01-31T16:17:08.879869,sim_db15e4a3c8,8,view,simulated_baseline
2026-01-31T16:20:59.879869,sim_db15e4a3c8,5,view,simulated_baseline
2026-01-31T16:24:23.879869,sim_db15e4a3c8,5,view,simulated_baseline
2026-01-31T16:24:36.879869,sim_db15e4a3c8,5,view,simulated_baseline
2026-01-31T16:24:58.879869,sim_db15e4a3c8,5,view,simulated_baseline
2026-01-31T16:25:42.879869,sim_db15e4a3c8,9,view,simulated_baseline
2026-01-25T22:05:30.879900,sim_c5518015b7,11,view,simulated_baseline
2026-01-25T22:07:11.879900,sim_c5518015b7,6,view,simulated_baseline
2026-01-25T22:11:52.879900,sim_c5518015b7,6,view,simulated_baseline
2026-01-25T22:14:48.879900,sim_c5518015b7,10,view,simulated_baseline
2026-01-25T22:15:40.879900,sim_c5518015b7,11,view,simulated_baseline
2026-02-14T17:07:24.879920,sim_2d9aacc0a5,12,view,simulated_baseline
2026-02-14T17:11:03.879920,sim_2d9aacc0a5,13,wishlist,simulated_baseline
2026-02-14T17:12:46.879920,sim_2d9aacc0a5,6,view,simulated_baseline
2026-02-14T17:15:58.879920,sim_2d9aacc0a5,14,view,simulated_baseline
2026-02-21T11:03:31.879936,sim_3901240ac2,10,view,simulated_baseline
2026-02-21T11:04:26.879936,sim_3901240ac2,11,view,simulated_baseline
2026-02-21T11:04:50.879936,sim_3901240ac2,10,view,simulated_baseline
2026-02-21T11:09:06.879936,sim_3901240ac2,12,view,simulated_baseline
2026-02-21T11:09:51.879936,sim_3901240ac2,12,view,simulated_baseline
2026-02-13T11:06:30.879956,sim_f21c347531,6,view,simulated_baseline
2026-02-13T11:10:27.879956,sim_f21c347531,6,view,simulated_baseline
2026-02-13T11:14:09.879956,sim_f21c347531,12,view,simulated_baseline
2026-02-13T11:18:10.879956,sim_f21c347531,10,view,simulated_baseline
2026-02-13T11:20:51.879956,sim_f21c347531,11,view,simulated_baseline
2026-02-13T11:25:41.879956,sim_f21c347531,12,view,simulated_baseline
2026-02-22T03:07:31.879978,sim_5188d5b02e,5,add_to_cart,simulated_baseline
2026-02-22T03:10:18.879978,sim_5188d5b02e,8,view,simulated_baseline
2026-02-22T03:10:57.879978,sim_5188d5b02e,8,wishlist,simulated_baseline
2026-02-22T03:11:51.879978,sim_5188d5b02e,13,wishlist,simulated_baseline
2026-02-22T03:16:34.879978,sim_5188d5b02e,5,view,simulated_baseline
2026-02-22T03:18:03.879978,sim_5188d5b02e,8,view,simulated_baseline
2026-02-22T03:21:44.879978,sim_5188d5b02e,9,view,simulated_baseline
2026-02-22T10:06:21.880004,sim_5aec448d50,6,wishlist,simulated_baseline
2026-02-22T10:09:53.880004,sim_5aec448d50,6,add_to_cart,simulated_baseline
2026-02-22T10:12:36.880004,sim_5aec448d50,6,view,simulated_baseline
2026-01-31T01:07:01.880022,sim_571b5f1427,9,view,simulated_baseline
2026-01-31T01:11:06.880022,sim_571b5f1427,5,view,simulated_baseline
2026-01-31T01:14:11.880022,sim_571b5f1427,9,view,simulated_baseline
2026-01-31T01:15:35.880022,sim_571b5f1427,9,view,simulated_baseline
2026-01-31T01:18:12.880022,sim_571b5f1427,13,view,simulated_baseline
2026-01-31T01:20:45.880022,sim_571b5f1427,5,view,simulated_baseline
2026-02-03T02:04:55.880044,sim_0ef4046de5,5,add_to_cart,simulated_baseline
2026-02-03T02:09:49.880044,sim_0ef4046de5,8,view,simulated_baseline
2026-02-03T02:12:10.880044,sim_0ef4046de5,5,add_to_cart,simulated_baseline
2026-02-03T02:14:24.880044,sim_0ef4046de5,8,view,simulated_baseline
2026-02-03T02:15:00.880044,sim_0ef4046de5,9,view,simulated_baseline
2026-02-03T02:16:15.880044,sim_0ef4046de5,8,view,simulated_baseline
2026-02-03T02:21:01.880044,sim_0ef4046de5,9,view,simulated_baseline
2026-02-03T02:22:08.880044,sim_0ef4046de5,9,view,simulated_baseline
2026-02-03T02:23:56.880044,sim_0ef4046de5,8,view,simulated_baseline
2026-02-03T02:27:56.880044,sim_0ef4046de5,5,view,simulated_baseline
2026-02-06T07:06:33.880079,sim_9674af851f,7,wishlist,simulated_baseline
2026-02-06T07:08:25.880079,sim_9674af851f,8,view,simulated_baseline
2026-02-06T07:13:15.880079,sim_9674af851f,8,view,simulated_baseline
2026-02-06T07:16:35.880079,sim_9674af851f,9,wishlist,simulated_baseline
2026-02-06T07:18:37.880079,sim_9674af851f,8,add_to_cart,simulated_baseline
2026-02-06T07:19:31.880079,sim_9674af851f,9,view,simulated_baseline
2026-02-06T07:21:34.880079,sim_9674af851f,8,add_to_cart,simulated_baseline
2026-01-30T02:03:39.880105,sim_4d767de1d3,9,view,simulated_baseline
2026-01-30T02:05:24.880105,sim_4d767de1d3,8,wishlist,simulated_baseline
2026-01-30T02:09:50.880105,sim_4d767de1d3,12,view,simulated_baseline
2026-01-30T02:14:34.880105,sim_4d767de1d3,9,view,simulated_baseline
2026-01-30T02:16:33.880105,sim_4d767de1d3,5,view,simulated_baseline
2026-01-30T02:20:17.880105,sim_4d767de1d3,5,view,simulated_baseline
2026-01-27T05:05:41.880346,sim_83861438e4,12,view,simulated_baseline
2026-01-27T05:07:03.880346,sim_83861438e4,6,view,simulated_baseline
2026-01-27T05:10:32.880346,sim_83861438e4,6,wishlist,simulated_baseline
2026-01-27T05:11:25.880346,sim_83861438e4,6,view,simulated_baseline
2026-01-27T05:15:32.880346,sim_83861438e4,10,view,simulated_baseline
2026-01-27T05:18:16.880346,sim_83861438e4,11,view,simulated_baseline
2026-01-27T05:19:25.880346,sim_83861438e4,8,view,simulated_baseline
2026-01-27T05:24:20.880346,sim_83861438e4,12,view,simulated_baseline
2026-01-27T05:25:23.880346,sim_83861438e4,11,add_to_cart,simulated_baseline
2026-01-29T21:07:33.880383,sim_e03d78e54c,14,view,simulated_baseline
2026-01-29T21:08:33.880383,sim_e03d78e54c,9,wishlist,simulated_baseline
2026-01-29T21:12:28.880383,sim_e03d78e54c,9,view,simulated_baseline
2026-01-29T21:14:58.880383,sim_e03d78e54c,9,view,simulated_baseline
2026-02-14T09:04:19.880403,sim_03512f3bf4,8,wishlist,simulated_baseline
2026-02-14T09:05:11.880403,sim_03512f3bf4,9,view,simulated_baseline
2026-02-14T09:09:16.880403,sim_03512f3bf4,5,wishlist,simulated_baseline
2026-02-14T09:12:17.880403,sim_03512f3bf4,5,view,simulated_baseline
2026-02-14T09:17:02.880403,sim_03512f3bf4,9,wishlist,simulated_baseline
2026-02-03T16:03:35.880424,sim_071bbcfd27,10,wishlist,simulated_baseline
2026-02-03T16:07:24.880424,sim_071bbcfd27,10,view,simulated_baseline
2026-02-03T16:11:50.880424,sim_071bbcfd27,8,wishlist,simulated_baseline
2026-02-03T16:14:11.880424,sim_071bbcfd27,6,view,simulated_baseline
2026-02-03T16:16:16.880424,sim_071bbcfd27,6,view,simulated_baseline
2026-02-03T16:21:13.880424,sim_071bbcfd27,6,view,simulated_baseline
2026-02-02T12:06:19.880448,sim_39954b3fe2,6,view,simulated_baseline
2026-02-02T12:10:55.880448,sim_39954b3fe2,11,wishlist,simulated_baseline
2026-02-02T12:13:05.880448,sim_39954b3fe2,6,view,simulated_baseline
2026-02-02T12:14:56.880448,sim_39954b3fe2,8,view,simulated_baseline
2026-02-02T12:17:47.880448,sim_39954b3fe2,6,add_to_cart,simulated_baseline
2026-02-02T12:20:32.880448,sim_39954b3fe2,6,add_to_cart,simulated_baseline
2026-01-30T05:08:02.880471,sim_b26e3f109a,10,add_to_cart,simulated_baseline
2026-01-30T05:11:53.880471,sim_b26e3f109a,12,view,simulated_baseline
2026-01-30T05:16:03.880471,sim_b26e3f109a,10,view,simulated_baseline
2026-01-30T05:20:13.880471,sim_b26e3f109a,14,add_to_cart,simulated_baseline
2026-02-11T10:04:52.880490,sim_e0b02d3abd,8,add_to_cart,simulated_baseline
2026-02-11T10:07:14.880490,sim_e0b02d3abd,8,view,simulated_baseline
2026-02-11T10:11:37.880490,sim_e0b02d3abd,5,view,simulated_baseline
2026-02-11T10:15:21.880490,sim_e0b02d3abd,9,view,simulated_baseline
2026-02-11T10:18:56.880490,sim_e0b02d3abd,9,view,simulated_baseline
2026-02-11T10:20:52.880490,sim_e0b02d3abd,5,add_to_cart,simulated_baseline
2026-02-11T10:23:27.880490,sim_e0b02d3abd,5,view,simulated_baseline
2026-02-11T10:28:03.880490,sim_e0b02d3abd,7,view,simulated_baseline
2026-02-10T18:03:49.880519,sim_26d1e4ad58,5,view,simulated_baseline
2026-02-10T18:05:45.880519,sim_26d1e4ad58,9,add_to_cart,simulated_baseline
2026-02-10T18:10:36.880519,sim_26d1e4ad58,5,view,simulated_baseline
2026-02-10T18:11:30.880519,sim_26d1e4ad58,5,view,simulated_baseline
2026-02-10T18:16:06.880519,sim_26d1e4ad58,8,view,simulated_baseline
2026-02-10T18:20:37.880519,sim_26d1e4ad58,9,add_to_cart,simulated_baseline
2026-02-10T01:06:52.880541,sim_b692369b4b,7,view,simulated_baseline
2026-02-10T01:07:35.880541,sim_b692369b4b,10,view,simulated_baseline
2026-02-10T01:07:58.880541,sim_b692369b4b,12,view,simulated_baseline
2026-02-10T01:10:41.880541,sim_b692369b4b,12,view,simulated_baseline
2026-02-10T01:10:54.880541,sim_b692369b4b,11,view,simulated_baseline
2026-02-10T01:12:12.880541,sim_b692369b4b,12,view,simulated_baseline
2026-02-10T01:17:12.880541,sim_b692369b4b,10,add_to_cart,simulated_baseline
2026-02-10T01:20:41.880541,sim_b692369b4b,5,view,simulated_baseline
2026-02-10T01:21:12.880541,sim_b692369b4b,11,view,simulated_baseline
2026-02-18T17:04:36.880574,sim_27b3a64b24,6,view,simulated_baseline
2026-02-18T17:08:15.880574,sim_27b3a64b24,6,wishlist,simulated_baseline
2026-02-18T17:11:36.880574,sim_27b3a64b24,5,view,simulated_baseline
2026-02-18T17:15:12.880574,sim_27b3a64b24,11,view,simulated_baseline
2026-02-18T17:20:00.880574,sim_27b3a64b24,12,view,simulated_baseline
2026-02-18T17:24:36.880574,sim_27b3a64b24,11,view,simulated_baseline
2026-02-18T17:27:15.880574,sim_27b3a64b24,12,add_to_cart,simulated_baseline
2026-02-18T17:28:22.880574,sim_27b3a64b24,11,view,simulated_baseline
2026-02-10T23:05:48.880629,sim_87b4e520cb,10,wishlist,simulated_baseline
2026-02-10T23:06:10.880629,sim_87b4e520cb,6,view,simulated_baseline
2026-02-10T23:10:11.880629,sim_87b4e520cb,11,view,simulated_baseline
2026-02-10T23:14:35.880629,sim_87b4e520cb,6,view,simulated_baseline
2026-02-10T23:17:17.880629,sim_87b4e520cb,10,view,simulated_baseline
2026-02-10T23:17:45.880629,sim_87b4e520cb,11,wishlist,simulated_baseline
2026-02-10T23:22:12.880629,sim_87b4e520cb,12,view,simulated_baseline
2026-02-10T23:22:36.880629,sim_87b4e520cb,6,view,simulated_baseline
2026-02-10T23:25:49.880629,sim_87b4e520cb,14,wishlist,simulated_baseline
2026-02-10T23:29:34.880629,sim_87b4e520cb,6,view,simulated_baseline
2026-02-11T12:07:53.880694,sim_7d2e5249cd,10,wishlist,simulated_baseline
2026-02-11T12:10:26.880694,sim_7d2e5249cd,6,view,simulated_baseline
2026-02-11T12:13:25.880694,sim_7d2e5249cd,6,wishlist,simulated_baseline
2026-02-11T12:18:05.880694,sim_7d2e5249cd,6,add_to_cart,simulated_baseline
2026-02-11T12:22:56.880694,sim_7d2e5249cd,11,view,simulated_baseline
2026-02-14T04:03:51.880730,sim_53992557f6,12,view,simulated_baseline
2026-02-14T04:06:59.880730,sim_53992557f6,11,view,simulated_baseline
2026-02-14T04:10:26.880730,sim_53992557f6,7,wishlist,simulated_baseline
2026-02-08T14:04:13.880753,sim_e49d96a47d,8,view,simulated_baseline
2026-02-08T14:08:33.880753,sim_e49d96a47d,8,wishlist,simulated_baseline
2026-02-08T14:08:49.880753,sim_e49d96a47d,9,view,simulated_baseline
2026-02-08T14:11:07.880753,sim_e49d96a47d,14,view,simulated_baseline
2026-02-08T14:12:19.880753,sim_e49d96a47d,6,wishlist,simulated_baseline
2026-02-08T14:12:38.880753,sim_e49d96a47d,8,wishlist,simulated_baseline
2026-02-08T14:17:16.880753,sim_e49d96a47d,5,wishlist,simulated_baseline
2026-02-04T10:05:51.880799,sim_09236fd2e4,5,view,simulated_baseline
2026-02-04T10:08:25.880799,sim_09236fd2e4,8,view,simulated_baseline
2026-02-04T10:11:53.880799,sim_09236fd2e4,5,view,simulated_baseline
2026-02-04T10:14:59.880799,sim_09236fd2e4,8,view,simulated_baseline
2026-02-04T10:18:36.880799,sim_09236fd2e4,8,wishlist,simulated_baseline
2026-02-05T10:07:16.880838,sim_8261b2c4a5,8,view,simulated_baseline
2026-02-05T10:08:44.880838,sim_8261b2c4a5,8,view,simulated_baseline
2026-02-05T10:11:46.880838,sim_8261b2c4a5,8,view,simulated_baseline
2026-02-05T10:14:47.880838,sim_8261b2c4a5,9,view,simulated_baseline
2026-02-05T10:17:43.880838,sim_8261b2c4a5,14,view,simulated_baseline
2026-02-05T10:22:35.880838,sim_8261b2c4a5,9,add_to_cart,simulated_baseline
2026-02-05T10:27:26.880838,sim_8261b2c4a5,8,view,simulated_baseline
2026-02-05T10:27:51.880838,sim_8261b2c4a5,8,view,simulated_baseline
2026-01-30T06:04:04.880894,sim_f3a2974c9d,10,view,simulated_baseline
2026-01-30T06:08:09.880894,sim_f3a2974c9d,12,add_to_cart,simulated_baseline
2026-01-30T06:09:49.880894,sim_f3a2974c9d,12,view,simulated_baseline
2026-01-30T06:14:05.880894,sim_f3a2974c9d,10,add_to_cart,simulated_baseline
2026-01-30T06:15:21.880894,sim_f3a2974c9d,12,view,simulated_baseline
2026-01-27T11:08:07.880940,sim_f798ca3e74,8,view,simulated_baseline
2026-01-27T11:12:06.880940,sim_f798ca3e74,8,add_to_cart,simulated_baseline
2026-01-27T11:16:50.880940,sim_f798ca3e74,8,view,simulated_baseline
2026-01-27T11:19:43.880940,sim_f798ca3e74,8,view,simulated_baseline
2026-01-27T11:21:32.880940,sim_f798ca3e74,9,add_to_cart,simulated_baseline
2026-01-27T11:24:24.880940,sim_f798ca3e74,9,view,simulated_baseline
2026-01-27T11:26:29.880940,sim_f798ca3e74,9,view,simulated_baseline
2026-01-27T11:29:15.880940,sim_f798ca3e74,6,wishlist,simulated_baseline
2026-01-27T11:31:57.880940,sim_f798ca3e74,5,view,simulated_baseline
2026-01-27T11:36:08.880940,sim_f798ca3e74,9,wishlist,simulated_baseline
2026-01-31T12:06:13.881026,sim_4f6bd07d0e,13,view,simulated_baseline
2026-01-31T12:07:54.881026,sim_4f6bd07d0e,7,view,simulated_baseline
2026-01-31T12:12:43.881026,sim_4f6bd07d0e,13,add_to_cart,simulated_baseline
2026-01-31T12:17:14.881026,sim_4f6bd07d0e,9,view,simulated_baseline
2026-01-31T12:21:46.881026,sim_4f6bd07d0e,7,view,simulated_baseline
2026-01-31T12:24:47.881026,sim_4f6bd07d0e,7,view,simulated_baseline
2026-02-14T21:03:48.881073,sim_5dcdc49d31,8,view,simulated_baseline
2026-02-14T21:06:19.881073,sim_5dcdc49d31,8,add_to_cart,simulated_baseline
2026-02-14T21:08:47.881073,sim_5dcdc49d31,5,view,simulated_baseline
2026-02-14T21:11:35.881073,sim_5dcdc49d31,5,wishlist,simulated_baseline
2026-02-14T21:14:00.881073,sim_5dcdc49d31,9,wishlist,simulated_baseline
2026-02-14T21:16:51.881073,sim_5dcdc49d31,8,view,simulated_baseline
2026-02-14T21:17:37.881073,sim_5dcdc49d31,8,wishlist,simulated_baseline
2026-02-14T21:21:23.881073,sim_5dcdc49d31,5,view,simulated_baseline
2026-02-14T21:23:04.881073,sim_5dcdc49d31,5,view,simulated_baseline
2026-01-27T20:08:01.881131,sim_2d479c0f0f,13,view,simulated_baseline
2026-01-27T20:09:57.881131,sim_2d479c0f0f,7,view,simulated_baseline
2026-01-27T20:13:32.881131,sim_2d479c0f0f,14,view,simulated_baseline
2026-01-27T20:14:18.881131,sim_2d479c0f0f,13,add_to_cart,simulated_baseline
2026-01-27T20:17:56.881131,sim_2d479c0f0f,5,view,simulated_baseline
2026-01-27T20:21:09.881131,sim_2d479c0f0f,7,view,simulated_baseline
2026-01-27T20:25:38.881131,sim_2d479c0f0f,14,view,simulated_baseline
2026-01-27T20:30:31.881131,sim_2d479c0f0f,14,view,simulated_baseline
2026-02-02T04:06:41.881161,sim_ce6c09fddb,9,view,simulated_baseline
2026-02-02T04:11:31.881161,sim_ce6c09fddb,9,wishlist,simulated_baseline
2026-02-02T04:12:42.881161,sim_ce6c09fddb,14,view,simulated_baseline
2026-02-02T04:14:25.881161,sim_ce6c09fddb,9,wishlist,simulated_baseline
2026-02-02T04:19:11.881161,sim_ce6c09fddb,5,wishlist,simulated_baseline
2026-02-02T04:20:28.881161,sim_ce6c09fddb,14,view,simulated_baseline
2026-02-14T01:08:01.881185,sim_010bb9d395,11,view,simulated_baseline
2026-02-14T01:12:27.881185,sim_010bb9d395,6,view,simulated_baseline
2026-02-14T01:13:34.881185,sim_010bb9d395,7,wishlist,simulated_baseline
2026-02-14T01:18:00.881185,sim_010bb9d395,11,view,simulated_baseline
2026-02-14T01:20:41.881185,sim_010bb9d395,10,wishlist,simulated_baseline
2026-02-17T01:06:57.881205,sim_9ab29aca17,5,view,simulated_baseline
2026-02-17T01:08:42.881205,sim_9ab29aca17,5,add_to_cart,simulated_baseline
2026-02-17T01:10:19.881205,sim_9ab29aca17,5,add_to_cart,simulated_baseline
2026-01-24T22:04:05.881219,sim_35d8794b05,12,view,simulated_baseline
2026-01-24T22:06:39.881219,sim_35d8794b05,12,view,simulated_baseline
2026-01-24T22:11:01.881219,sim_35d8794b05,10,view,simulated_baseline
2026-01-24T22:11:32.881219,sim_35d8794b05,10,view,simulated_baseline
2026-01-24T22:15:37.881219,sim_35d8794b05,7,view,simulated_baseline
2026-01-24T22:20:20.881219,sim_35d8794b05,11,view,simulated_baseline
2026-01-24T22:22:50.881219,sim_35d8794b05,7,view,simulated_baseline
2026-01-24T22:25:57.881219,sim_35d8794b05,11,view,simulated_baseline
2026-02-06T22:07:09.881247,sim_4241d21c78,14,view,simulated_baseline
2026-02-06T22:10:15.881247,sim_4241d21c78,13,view,simulated_baseline
2026-02-06T22:13:00.881247,sim_4241d21c78,7,view,simulated_baseline
2026-02-06T22:13:47.881247,sim_4241d21c78,7,view,simulated_baseline
2026-02-06T22:18:45.881247,sim_4241d21c78,7,view,simulated_baseline
2026-02-06T22:23:12.881247,sim_4241d21c78,14,view,simulated_baseline
2026-02-06T22:27:51.881247,sim_4241d21c78,14,add_to_cart,simulated_baseline
2026-02-06T22:28:19.881247,sim_4241d21c78,12,wishlist,simulated_baseline
2026-02-06T22:30:20.881247,sim_4241d21c78,13,add_to_cart,simulated_baseline
2026-02-19T09:03:59.881280,sim_b64ee6e573,6,view,simulated_baseline
2026-02-19T09:06:58.881280,sim_b64ee6e573,6,view,simulated_baseline
2026-02-19T09:07:43.881280,sim_b64ee6e573,10,view,simulated_baseline
2026-02-19T09:12:16.881280,sim_b64ee6e573,12,wishlist,simulated_baseline
2026-02-19T09:17:06.881280,sim_b64ee6e573,12,wishlist,simulated_baseline
2026-02-05T13:06:11.881301,sim_3317df835c,5,add_to_cart,simulated_baseline
2026-02-05T13:08:40.881301,sim_3317df835c,5,view,simulated_baseline
2026-02-05T13:12:34.881301,sim_3317df835c,9,view,simulated_baseline
2026-02-05T13:15:12.881301,sim_3317df835c,5,view,simulated_baseline
2026-02-05T13:15:30.881301,sim_3317df835c,6,view,simulated_baseline
2026-02-05T13:18:47.881301,sim_3317df835c,5,add_to_cart,simulated_baseline
2026-02-05T13:19:03.881301,sim_3317df835c,9,view,simulated_baseline
2026-02-17T17:06:33.881328,sim_95b8e29c65,14,view,simulated_baseline
2026-02-17T17:08:20.881328,sim_95b8e29c65,14,view,simulated_baseline
2026-02-17T17:12:58.881328,sim_95b8e29c65,14,view,simulated_baseline
2026-02-08T12:05:36.881341,sim_af94862dbd,12,add_to_cart,simulated_baseline
2026-02-08T12:08:05.881341,sim_af94862dbd,12,wishlist,simulated_baseline
2026-02-08T12:10:30.881341,sim_af94862dbd,6,add_to_cart,simulated_baseline
2026-02-08T12:13:26.881341,sim_af94862dbd,14,view,simulated_baseline
2026-02-08T12:15:29.881341,sim_af94862dbd,11,view,simulated_baseline
2026-02-08T12:17:20.881341,sim_af94862dbd,11,view,simulated_baseline
2026-02-08T12:21:23.881341,sim_af94862dbd,13,view,simulated_baseline
2026-02-08T12:24:49.881341,sim_af94862dbd,11,view,simulated_baseline
2026-02-08T12:26:52.881341,sim_af94862dbd,10,view,simulated_baseline
2026-01-31T19:05:03.881376,sim_42e5bc4bd5,14,wishlist,simulated_baseline
2026-01-31T19:05:21.881376,sim_42e5bc4bd5,7,view,simulated_baseline
2026-01-31T19:06:51.881376,sim_42e5bc4bd5,7,view,simulated_baseline
2026-01-31T19:08:57.881376,sim_42e5bc4bd5,13,wishlist,simulated_baseline
2026-02-01T10:05:48.881393,sim_7ba7548672,12,add_to_cart,simulated_baseline
2026-02-01T10:08:14.881393,sim_7ba7548672,6,wishlist,simulated_baseline
2026-02-01T10:10:18.881393,sim_7ba7548672,11,wishlist,simulated_baseline
2026-01-24T21:05:49.881417,sim_1e5b5ba82f,9,view,simulated_baseline
2026-01-24T21:09:06.881417,sim_1e5b5ba82f,5,view,simulated_baseline
2026-01-24T21:09:28.881417,sim_1e5b5ba82f,9,view,simulated_baseline
2026-01-24T21:09:41.881417,sim_1e5b5ba82f,8,add_to_cart,simulated_baseline
2026-01-24T21:12:18.881417,sim_1e5b5ba82f,9,wishlist,simulated_baseline
2026-01-24T21:15:21.881417,sim_1e5b5ba82f,9,view,simulated_baseline
2026-01-24T21:17:54.881417,sim_1e5b5ba82f,9,view,simulated_baseline
2026-01-24T21:18:47.881417,sim_1e5b5ba82f,5,wishlist,simulated_baseline
2026-01-24T21:19:01.881417,sim_1e5b5ba82f,8,view,simulated_baseline
2026-01-24T21:22:52.881417,sim_1e5b5ba82f,8,view,simulated_baseline
2026-01-27T05:06:08.881479,sim_ffd037bc7e,14,view,simulated_baseline
2026-01-27T05:09:51.881479,sim_ffd037bc7e,12,view,simulated_baseline
2026-01-27T05:14:49.881479,sim_ffd037bc7e,12,view,simulated_baseline
2026-01-27T05:15:05.881479,sim_ffd037bc7e,12,wishlist,simulated_baseline
2026-02-17T05:06:53.881498,sim_7a871e288e,13,wishlist,simulated_baseline
2026-02-17T05:08:44.881498,sim_7a871e288e,13,wishlist,simulated_baseline
2026-02-17T05:13:12.881498,sim_7a871e288e,13,view,simulated_baseline
2026-02-17T05:14:04.881498,sim_7a871e288e,14,view,simulated_baseline
2026-02-17T05:17:23.881498,sim_7a871e288e,6,add_to_cart,simulated_baseline
2026-02-17T05:22:17.881498,sim_7a871e288e,13,add_to_cart,simulated_baseline
2026-02-17T05:25:21.881498,sim_7a871e288e,7,view,simulated_baseline
2026-02-10T03:07:57.881524,sim_655f4bbc65,11,view,simulated_baseline
2026-02-10T03:12:09.881524,sim_655f4bbc65,8,view,simulated_baseline
2026-02-10T03:15:19.881524,sim_655f4bbc65,5,view,simulated_baseline
2026-02-10T03:18:19.881524,sim_655f4bbc65,8,view,simulated_baseline
2026-02-10T03:20:07.881524,sim_655f4bbc65,8,wishlist,simulated_baseline
2026-02-10T03:21:38.881524,sim_655f4bbc65,8,wishlist,simulated_baseline
2026-02-23T06:08:09.881551,sim_756f074330,14,view,simulated_baseline
2026-02-23T06:10:30.881551,sim_756f074330,14,view,simulated_baseline
2026-02-23T06:14:26.881551,sim_756f074330,7,wishlist,simulated_baseline
2026-02-23T06:18:27.881551,sim_756f074330,13,view,simulated_baseline
2026-02-23T06:22:41.881551,sim_756f074330,13,view,simulated_baseline
2026-02-23T06:27:35.881551,sim_756f074330,13,add_to_cart,simulated_baseline
2026-02-23T06:28:38.881551,sim_756f074330,14,view,simulated_baseline
2026-02-23T06:31:56.881551,sim_756f074330,7,view,simulated_baseline
2026-02-08T08:07:00.881579,sim_7e0d748aed,14,view,simulated_baseline
2026-02-08T08:09:37.881579,sim_7e0d748aed,5,view,simulated_baseline
2026-02-08T08:11:01.881579,sim_7e0d748aed,13,view,simulated_baseline
2026-02-08T08:14:54.881579,sim_7e0d748aed,11,view,simulated_baseline
2026-02-08T08:17:51.881579,sim_7e0d748aed,9,view,simulated_baseline
2026-02-08T08:18:33.881579,sim_7e0d748aed,8,view,simulated_baseline
2026-02-08T08:21:33.881579,sim_7e0d748aed,9,view,simulated_baseline
2026-02-08T08:25:32.881579,sim_7e0d748aed,9,view,simulated_baseline
2026-02-08T08:27:49.881579,sim_7e0d748aed,9,view,simulated_baseline
2026-02-08T08:31:40.881579,sim_7e0d748aed,13,wishlist,simulated_baseline
2026-02-13T16:06:24.881614,sim_ce75244f5f,10,wishlist,simulated_baseline
2026-02-13T16:06:47.881614,sim_ce75244f5f,6,view,simulated_baseline
2026-02-13T16:10:49.881614,sim_ce75244f5f,11,view,simulated_baseline
2026-02-13T16:13:28.881614,sim_ce75244f5f,10,view,simulated_baseline
2026-02-13T16:14:52.881614,sim_ce75244f5f,12,view,simulated_baseline
2026-02-13T16:17:02.881614,sim_ce75244f5f,10,view,simulated_baseline
2026-02-13T16:21:32.881614,sim_ce75244f5f,11,wishlist,simulated_baseline
2026-01-29T06:07:54.881640,sim_5520558637,5,view,simulated_baseline
2026-01-29T06:08:53.881640,sim_5520558637,9,view,simulated_baseline
2026-01-29T06:13:13.881640,sim_5520558637,6,wishlist,simulated_baseline
2026-01-29T16:04:07.881655,sim_6c0a08779e,9,wishlist,simulated_baseline
2026-01-29T16:08:02.881655,sim_6c0a08779e,5,view,simulated_baseline
2026-01-29T16:11:19.881655,sim_6c0a08779e,5,view,simulated_baseline
2026-01-29T16:16:08.881655,sim_6c0a08779e,10,wishlist,simulated_baseline
2026-01-29T16:20:02.881655,sim_6c0a08779e,9,add_to_cart,simulated_baseline
2026-01-29T16:23:05.881655,sim_6c0a08779e,9,view,simulated_baseline
2026-01-29T16:27:32.881655,sim_6c0a08779e,13,view,simulated_baseline
2026-01-24T21:06:32.881681,sim_946c906784,14,view,simulated_baseline
2026-01-24T21:08:17.881681,sim_946c906784,14,view,simulated_baseline
2026-01-24T21:08:40.881681,sim_946c906784,7,view,simulated_baseline
2026-01-24T21:11:14.881681,sim_946c906784,7,view,simulated_baseline
2026-01-24T21:14:25.881681,sim_946c906784,6,view,simulated_baseline
2026-01-24T21:18:48.881681,sim_946c906784,8,wishlist,simulated_baseline
2026-01-24T21:22:38.881681,sim_946c906784,13,view,simulated_baseline
2026-01-24T21:27:16.881681,sim_946c906784,13,wishlist,simulated_baseline
2026-01-24T21:31:12.881681,sim_946c906784,7,view,simulated_baseline
2026-02-05T07:07:05.881713,sim_29cc11f978,9,view,simulated_baseline
2026-02-05T07:08:58.881713,sim_29cc11f978,9,view,simulated_baseline
2026-02-05T07:10:06.881713,sim_29cc11f978,5,view,simulated_baseline
2026-02-05T07:14:46.881713,sim_29cc11f978,12,wishlist,simulated_baseline
2026-02-05T07:15:44.881713,sim_29cc11f978,9,view,simulated_baseline
2026-02-05T07:16:06.881713,sim_29cc11f978,13,view,simulated_baseline
2026-02-05T07:16:30.881713,sim_29cc11f978,9,view,simulated_baseline
2026-02-05T07:21:19.881713,sim_29cc11f978,8,add_to_cart,simulated_baseline
2026-02-01T17:07:13.881743,sim_f3ce60abc7,10,view,simulated_baseline
2026-02-01T17:10:43.881743,sim_f3ce60abc7,11,view,simulated_baseline
2026-02-01T17:14:14.881743,sim_f3ce60abc7,10,wishlist,simulated_baseline
2026-02-01T17:14:26.881743,sim_f3ce60abc7,6,add_to_cart,simulated_baseline
2026-02-13T17:07:13.881760,sim_ca03dba6e3,5,view,simulated_baseline
2026-02-13T17:11:31.881760,sim_ca03dba6e3,8,view,simulated_baseline
2026-02-13T17:12:06.881760,sim_ca03dba6e3,5,add_to_cart,simulated_baseline
2026-02-13T17:12:49.881760,sim_ca03dba6e3,9,view,simulated_baseline
2026-02-13T17:13:02.881760,sim_ca03dba6e3,8,view,simulated_baseline
2026-02-13T17:17:50.881760,sim_ca03dba6e3,9,view,simulated_baseline
2026-02-06T09:06:49.881782,sim_6d7a955236,10,view,simulated_baseline
2026-02-06T09:08:00.881782,sim_6d7a955236,14,view,simulated_baseline
2026-02-06T09:09:02.881782,sim_6d7a955236,7,wishlist,simulated_baseline
2026-02-06T09:13:52.881782,sim_6d7a955236,13,view,simulated_baseline
2026-02-06T09:17:28.881782,sim_6d7a955236,13,add_to_cart,simulated_baseline
2026-02-06T09:19:28.881782,sim_6d7a955236,7,wishlist,simulated_baseline
2026-02-06T09:21:37.881782,sim_6d7a955236,13,view,simulated_baseline
2026-02-16T07:03:28.881809,sim_d45e5d08c4,11,view,simulated_baseline
2026-02-16T07:07:41.881809,sim_d45e5d08c4,11,view,simulated_baseline
2026-02-16T07:10:36.881809,sim_d45e5d08c4,12,add_to_cart,simulated_baseline
2026-02-16T07:11:45.881809,sim_d45e5d08c4,12,view,simulated_baseline
2026-02-16T07:15:24.881809,sim_d45e5d08c4,6,view,simulated_baseline
2026-02-16T07:17:02.881809,sim_d45e5d08c4,6,add_to_cart,simulated_baseline
2026-02-22T20:06:56.881831,sim_2754ee43ad,8,view,simulated_baseline
2026-02-22T20:11:09.881831,sim_2754ee43ad,8,wishlist,simulated_baseline
2026-02-22T20:12:24.881831,sim_2754ee43ad,5,wishlist,simulated_baseline
2026-02-01T04:06:02.881845,sim_dbf8eea2e5,11,view,simulated_baseline
2026-02-01T04:07:46.881845,sim_dbf8eea2e5,8,view,simulated_baseline
2026-02-01T04:11:31.881845,sim_dbf8eea2e5,11,add_to_cart,simulated_baseline
2026-02-01T04:15:04.881845,sim_dbf8eea2e5,6,view,simulated_baseline
2026-02-01T04:15:38.881845,sim_dbf8eea2e5,6,view,simulated_baseline
2026-02-01T04:15:52.881845,sim_dbf8eea2e5,6,add_to_cart,simulated_baseline
2026-02-01T04:18:59.881845,sim_dbf8eea2e5,12,view,simulated_baseline
2026-02-01T04:20:24.881845,sim_dbf8eea2e5,12,wishlist,simulated_baseline
2026-02-18T10:04:10.881874,sim_225690b626,8,view,simulated_baseline
2026-02-18T10:07:55.881874,sim_225690b626,14,view,simulated_baseline
2026-02-18T10:08:32.881874,sim_225690b626,10,view,simulated_baseline
2026-02-11T17:06:50.881888,sim_61286a0a1b,11,view,simulated_baseline
2026-02-11T17:08:57.881888,sim_61286a0a1b,10,view,simulated_baseline
2026-02-11T17:11:29.881888,sim_61286a0a1b,6,view,simulated_baseline
2026-02-11T17:13:14.881888,sim_61286a0a1b,12,view,simulated_baseline
2026-02-11T17:16:58.881888,sim_61286a0a1b,12,wishlist,simulated_baseline
2026-02-04T05:07:26.881907,sim_471fb4041c,12,add_to_cart,simulated_baseline
2026-02-04T05:08:26.881907,sim_471fb4041c,8,add_to_cart,simulated_baseline
2026-02-04T05:10:58.881907,sim_471fb4041c,11,add_to_cart,simulated_baseline
2026-02-04T05:12:32.881907,sim_471fb4041c,11,view,simulated_baseline
2026-02-04T05:13:57.881907,sim_471fb4041c,10,wishlist,simulated_baseline
2026-02-04T05:18:24.881907,sim_471fb4041c,12,view,simulated_baseline
2026-02-04T05:23:23.881907,sim_471fb4041c,6,view,simulated_baseline
2026-02-11T03:08:13.881934,sim_6138f906ad,7,add_to_cart,simulated_baseline
2026-02-11T03:09:12.881934,sim_6138f906ad,5,view,simulated_baseline
2026-02-11T03:12:27.881934,sim_6138f906ad,5,view,simulated_baseline
2026-02-11T03:14:28.881934,sim_6138f906ad,9,view,simulated_baseline
2026-02-11T03:16:22.881934,sim_6138f906ad,5,view,simulated_baseline
2026-02-11T03:17:22.881934,sim_6138f906ad,5,wishlist,simulated_baseline
2026-02-11T03:21:41.881934,sim_6138f906ad,9,wishlist,simulated_baseline
2026-02-11T03:26:01.881934,sim_6138f906ad,5,view,simulated_baseline
2026-02-11T03:28:24.881934,sim_6138f906ad,9,view,simulated_baseline
2026-02-11T03:29:27.881934,sim_6138f906ad,6,view,simulated_baseline
2026-02-16T07:08:07.881968,sim_d28118f43f,14,view,simulated_baseline
2026-02-16T07:09:17.881968,sim_d28118f43f,10,wishlist,simulated_baseline
2026-02-16T07:11:27.881968,sim_d28118f43f,13,view,simulated_baseline
2026-02-16T07:15:53.881968,sim_d28118f43f,8,view,simulated_baseline
2026-02-16T07:18:26.881968,sim_d28118f43f,7,view,simulated_baseline
2026-02-16T07:21:56.881968,sim_d28118f43f,7,view,simulated_baseline
2026-02-16T07:23:16.881968,sim_d28118f43f,14,view,simulated_baseline
2026-02-16T07:27:31.881968,sim_d28118f43f,13,view,simulated_baseline
2026-02-16T07:30:31.881968,sim_d28118f43f,9,view,simulated_baseline
2026-02-17T05:07:18.882023,sim_5184562188,5,wishlist,simulated_baseline
2026-02-17T05:08:42.882023,sim_5184562188,8,wishlist,simulated_baseline
2026-02-17T05:09:45.882023,sim_5184562188,7,view,simulated_baseline
2026-02-17T05:12:16.882023,sim_5184562188,9,view,simulated_baseline
2026-02-17T05:12:39.882023,sim_5184562188,11,view,simulated_baseline
2026-02-17T05:15:35.882023,sim_5184562188,9,wishlist,simulated_baseline
2026-02-17T05:18:03.882023,sim_5184562188,9,view,simulated_baseline
2026-02-17T05:23:03.882023,sim_5184562188,9,wishlist,simulated_baseline
2026-02-17T05:25:36.882023,sim_5184562188,10,wishlist,simulated_baseline
2026-02-16T14:03:39.882057,sim_551c788717,11,view,simulated_baseline
2026-02-16T14:04:37.882057,sim_551c788717,9,view,simulated_baseline
2026-02-16T14:07:18.882057,sim_551c788717,8,view,simulated_baseline
2026-02-16T14:11:14.882057,sim_551c788717,9,wishlist,simulated_baseline
2026-02-09T01:05:58.882074,sim_3539ce4f3e,5,view,simulated_baseline
2026-02-09T01:10:42.882074,sim_3539ce4f3e,13,view,simulated_baseline
2026-02-09T01:11:01.882074,sim_3539ce4f3e,9,view,simulated_baseline
2026-02-09T01:13:53.882074,sim_3539ce4f3e,10,view,simulated_baseline
2026-02-09T01:15:57.882074,sim_3539ce4f3e,9,view,simulated_baseline
2026-02-16T02:05:04.882094,sim_08e42f5a7e,9,view,simulated_baseline
2026-02-16T02:07:46.882094,sim_08e42f5a7e,9,view,simulated_baseline
2026-02-16T02:08:28.882094,sim_08e42f5a7e,5,view,simulated_baseline
2026-01-30T07:06:58.882108,sim_c15a8f3b39,9,view,simulated_baseline
2026-01-30T07:09:11.882108,sim_c15a8f3b39,8,wishlist,simulated_baseline
2026-01-30T07:13:29.882108,sim_c15a8f3b39,5,add_to_cart,simulated_baseline
2026-01-30T07:14:30.882108,sim_c15a8f3b39,8,view,simulated_baseline
2026-01-30T07:16:09.882108,sim_c15a8f3b39,13,view,simulated_baseline
2026-01-30T07:19:38.882108,sim_c15a8f3b39,8,view,simulated_baseline
2026-01-26T00:06:54.882131,sim_75718935ac,8,view,simulated_baseline
2026-01-26T00:10:40.882131,sim_75718935ac,5,view,simulated_baseline
2026-01-26T00:13:25.882131,sim_75718935ac,8,wishlist,simulated_baseline
2026-01-26T00:16:50.882131,sim_75718935ac,5,view,simulated_baseline
2026-01-26T00:19:50.882131,sim_75718935ac,8,wishlist,simulated_baseline
2026-01-26T00:20:05.882131,sim_75718935ac,9,view,simulated_baseline
2026-01-26T00:24:20.882131,sim_75718935ac,9,view,simulated_baseline
2026-01-26T00:25:35.882131,sim_75718935ac,5,wishlist,simulated_baseline
2026-01-26T00:29:45.882131,sim_75718935ac,9,view,simulated_baseline
2026-01-26T00:31:23.882131,sim_75718935ac,5,wishlist,simulated_baseline
2026-02-20T19:08:04.882165,sim_a5f87a7797,12,view,simulated_baseline
2026-02-20T19:09:24.882165,sim_a5f87a7797,6,view,simulated_baseline
2026-02-20T19:13:13.882165,sim_a5f87a7797,6,add_to_cart,simulated_baseline
2026-02-20T19:13:58.882165,sim_a5f87a7797,5,view,simulated_baseline
2026-02-13T06:06:08.882182,sim_d30d208376,11,view,simulated_baseline
2026-02-13T06:10:39.882182,sim_d30d208376,11,wishlist,simulated_baseline
2026-02-13T06:14:57.882182,sim_d30d208376,6,wishlist,simulated_baseline
2026-02-13T06:18:10.882182,sim_d30d208376,13,view,simulated_baseline
2026-02-22T12:05:35.882199,sim_3b7b405d2e,12,view,simulated_baseline
2026-02-22T12:07:01.882199,sim_3b7b405d2e,12,wishlist,simulated_baseline
2026-02-22T12:08:11.882199,sim_3b7b405d2e,10,add_to_cart,simulated_baseline
2026-02-22T12:09:46.882199,sim_3b7b405d2e,12,view,simulated_baseline
2026-02-22T12:11:45.882199,sim_3b7b405d2e,6,view,simulated_baseline
2026-02-22T12:15:13.882199,sim_3b7b405d2e,9,view,simulated_baseline
2026-02-22T12:15:45.882199,sim_3b7b405d2e,10,add_to_cart,simulated_baseline
2026-02-22T12:18:20.882199,sim_3b7b405d2e,9,view,simulated_baseline
2026-02-22T12:23:10.882199,sim_3b7b405d2e,6,wishlist,simulated_baseline
2026-01-25T04:04:09.882231,sim_63af53e80d,9,add_to_cart,simulated_baseline
2026-01-25T04:06:21.882231,sim_63af53e80d,5,wishlist,simulated_baseline
2026-01-25T04:10:43.882231,sim_63af53e80d,9,view,simulated_baseline
2026-01-25T04:11:05.882231,sim_63af53e80d,9,wishlist,simulated_baseline
2026-02-08T05:05:58.882247,sim_ed3064e898,12,view,simulated_baseline
2026-02-08T05:07:55.882247,sim_ed3064e898,11,add_to_cart,simulated_baseline
2026-02-08T05:10:17.882247,sim_ed3064e898,10,view,simulated_baseline
2026-02-08T05:15:02.882247,sim_ed3064e898,12,wishlist,simulated_baseline
2026-02-08T05:17:23.882247,sim_ed3064e898,6,view,simulated_baseline
2026-02-08T05:20:06.882247,sim_ed3064e898,11,wishlist,simulated_baseline
2026-02-08T05:23:11.882247,sim_ed3064e898,5,view,simulated_baseline
2026-02-08T05:26:47.882247,sim_ed3064e898,10,view,simulated_baseline
2026-02-08T05:28:31.882247,sim_ed3064e898,6,view,simulated_baseline
2026-02-08T05:29:49.882247,sim_ed3064e898,11,view,simulated_baseline
2026-02-14T01:06:50.882282,sim_821f240819,5,view,simulated_baseline
2026-02-14T01:07:55.882282,sim_821f240819,8,view,simulated_baseline
2026-02-14T01:10:21.882282,sim_821f240819,5,view,simulated_baseline
2026-02-14T01:10:48.882282,sim_821f240819,5,view,simulated_baseline
2026-02-14T01:14:26.882282,sim_821f240819,5,view,simulated_baseline
2026-02-14T01:16:04.882282,sim_821f240819,8,view,simulated_baseline
2026-02-14T01:20:29.882282,sim_821f240819,5,view,simulated_baseline
2026-02-14T01:22:28.882282,sim_821f240819,14,view,simulated_baseline
2026-02-16T03:04:11.882311,sim_99cc88794e,10,view,simulated_baseline
2026-02-16T03:07:36.882311,sim_99cc88794e,11,view,simulated_baseline
2026-02-16T03:11:31.882311,sim_99cc88794e,6,view,simulated_baseline
2026-02-16T03:14:01.882311,sim_99cc88794e,6,view,simulated_baseline
2026-02-16T03:16:30.882311,sim_99cc88794e,10,view,simulated_baseline
2026-02-16T03:20:16.882311,sim_99cc88794e,12,view,simulated_baseline
2026-02-01T10:04:09.882334,sim_7ad690f031,13,add_to_cart,simulated_baseline
2026-02-01T10:08:40.882334,sim_7ad690f031,14,view,simulated_baseline
2026-02-01T10:13:03.882334,sim_7ad690f031,14,view,simulated_baseline
2026-02-15T16:03:48.882347,sim_aadb51cc2c,13,view,simulated_baseline
2026-02-15T16:06:55.882347,sim_aadb51cc2c,9,view,simulated_baseline
2026-02-15T16:10:06.882347,sim_aadb51cc2c,9,view,simulated_baseline
2026-02-15T16:10:26.882347,sim_aadb51cc2c,8,view,simulated_baseline
2026-01-26T14:04:05.882365,sim_f51e57be34,8,view,simulated_baseline
2026-01-26T14:05:10.882365,sim_f51e57be34,7,view,simulated_baseline
2026-01-26T14:10:07.882365,sim_f51e57be34,5,view,simulated_baseline
2026-01-26T14:10:30.882365,sim_f51e57be34,8,add_to_cart,simulated_baseline
2026-01-26T14:11:14.882365,sim_f51e57be34,8,view,simulated_baseline
2026-01-26T14:15:34.882365,sim_f51e57be34,5,wishlist,simulated_baseline
2026-01-26T14:18:21.882365,sim_f51e57be34,5,view,simulated_baseline
2026-01-26T14:22:31.882365,sim_f51e57be34,9,view,simulated_baseline
2026-01-26T14:27:24.882365,sim_f51e57be34,8,wishlist,simulated_baseline
2026-01-26T14:30:25.882365,sim_f51e57be34,13,view,simulated_baseline
2026-02-23T21:03:39.882400,sim_83639335b7,8,add_to_cart,simulated_baseline
2026-02-23T21:06:25.882400,sim_83639335b7,9,view,simulated_baseline
2026-02-23T21:08:27.882400,sim_83639335b7,9,view,simulated_baseline
2026-02-23T21:11:17.882400,sim_83639335b7,5,view,simulated_baseline
2026-02-23T21:12:09.882400,sim_83639335b7,8,wishlist,simulated_baseline
2026-02-23T21:14:56.882400,sim_83639335b7,8,add_to_cart,simulated_baseline
2026-02-23T21:15:37.882400,sim_83639335b7,7,view,simulated_baseline
2026-02-23T21:16:11.882400,sim_83639335b7,5,view,simulated_baseline
2026-02-14T13:07:21.882428,sim_e300203236,10,view,simulated_baseline
2026-02-14T13:08:21.882428,sim_e300203236,11,view,simulated_baseline
2026-02-14T13:10:05.882428,sim_e300203236,10,add_to_cart,simulated_baseline
2026-02-14T13:12:17.882428,sim_e300203236,12,view,simulated_baseline
2026-02-24T07:05:51.882447,sim_c0dbe75197,13,view,simulated_baseline
2026-02-24T07:10:21.882447,sim_c0dbe75197,7,view,simulated_baseline
2026-02-24T07:10:35.882447,sim_c0dbe75197,14,view,simulated_baseline
2026-02-24T07:14:57.882447,sim_c0dbe75197,13,wishlist,simulated_baseline
2026-02-24T07:18:56.882447,sim_c0dbe75197,14,wishlist,simulated_baseline
2026-02-24T07:20:12.882447,sim_c0dbe75197,11,wishlist,simulated_baseline
2026-01-25T07:06:31.882477,sim_b04a8e7030,7,wishlist,simulated_baseline
2026-01-25T07:07:41.882477,sim_b04a8e7030,13,add_to_cart,simulated_baseline
2026-01-25T07:08:30.882477,sim_b04a8e7030,11,add_to_cart,simulated_baseline
2026-02-15T14:05:52.882497,sim_ac0dc5d0b7,14,view,simulated_baseline
2026-02-15T14:06:35.882497,sim_ac0dc5d0b7,5,view,simulated_baseline
2026-02-15T14:10:06.882497,sim_ac0dc5d0b7,14,view,simulated_baseline
2026-02-15T14:13:50.882497,sim_ac0dc5d0b7,13,view,simulated_baseline
2026-02-15T14:14:08.882497,sim_ac0dc5d0b7,7,view,simulated_baseline
2026-02-15T14:18:42.882497,sim_ac0dc5d0b7,7,view,simulated_baseline
2026-02-23T19:05:09.882521,sim_1db3ac862b,12,view,simulated_baseline
2026-02-23T19:10:04.882521,sim_1db3ac862b,5,wishlist,simulated_baseline
2026-02-23T19:10:58.882521,sim_1db3ac862b,11,wishlist,simulated_baseline
2026-02-23T19:13:18.882521,sim_1db3ac862b,7,add_to_cart,simulated_baseline
2026-02-23T19:17:51.882521,sim_1db3ac862b,6,view,simulated_baseline
2026-02-23T19:20:17.882521,sim_1db3ac862b,11,view,simulated_baseline
2026-02-23T19:22:03.882521,sim_1db3ac862b,10,wishlist,simulated_baseline
2026-02-23T19:25:39.882521,sim_1db3ac862b,10,view,simulated_baseline
2026-02-19T22:08:05.882550,sim_8c745b5434,8,view,simulated_baseline
2026-02-19T22:09:48.882550,sim_8c745b5434,14,add_to_cart,simulated_baseline
2026-02-19T22:10:46.882550,sim_8c745b5434,11,view,simulated_baseline
2026-02-19T22:15:00.882550,sim_8c745b5434,8,wishlist,simulated_baseline
2026-02-19T22:18:46.882550,sim_8c745b5434,5,view,simulated_baseline
2026-02-19T22:21:47.882550,sim_8c745b5434,5,view,simulated_baseline
2026-02-19T22:23:38.882550,sim_8c745b5434,9,wishlist,simulated_baseline
2026-02-19T22:27:41.882550,sim_8c745b5434,9,wishlist,simulated_baseline
2026-02-13T18:04:24.882579,sim_ce7c2947a7,10,view,simulated_baseline
2026-02-13T18:08:25.882579,sim_ce7c2947a7,13,view,simulated_baseline
2026-02-13T18:12:07.882579,sim_ce7c2947a7,11,view,simulated_baseline
2026-02-13T18:16:10.882579,sim_ce7c2947a7,11,add_to_cart,simulated_baseline
2026-02-09T17:06:20.882597,sim_08a0d4491a,8,view,simulated_baseline
2026-02-09T17:07:17.882597,sim_08a0d4491a,5,add_to_cart,simulated_baseline
2026-02-09T17:08:37.882597,sim_08a0d4491a,8,view,simulated_baseline
2026-02-09T17:10:08.882597,sim_08a0d4491a,6,view,simulated_baseline
2026-02-09T17:14:21.882597,sim_08a0d4491a,9,view,simulated_baseline
2026-02-09T17:18:57.882597,sim_08a0d4491a,9,view,simulated_baseline
2026-02-09T17:20:20.882597,sim_08a0d4491a,9,view,simulated_baseline
2026-02-05T01:05:01.882623,sim_e524edc072,9,view,simulated_baseline
2026-02-05T01:08:21.882623,sim_e524edc072,9,view,simulated_baseline
2026-02-05T01:12:06.882623,sim_e524edc072,5,view,simulated_baseline
2026-02-05T01:13:24.882623,sim_e524edc072,8,view,simulated_baseline
2026-02-05T01:13:57.882623,sim_e524edc072,10,view,simulated_baseline
2026-02-05T01:15:11.882623,sim_e524edc072,5,add_to_cart,simulated_baseline
2026-02-05T01:18:38.882623,sim_e524edc072,9,wishlist,simulated_baseline
2026-02-05T01:19:32.882623,sim_e524edc072,8,wishlist,simulated_baseline
2026-02-16T23:04:14.882652,sim_3a20bcc2cf,9,view,simulated_baseline
2026-02-16T23:06:46.882652,sim_3a20bcc2cf,5,view,simulated_baseline
2026-02-16T23:09:33.882652,sim_3a20bcc2cf,5,wishlist,simulated_baseline
2026-02-16T23:13:40.882652,sim_3a20bcc2cf,5,wishlist,simulated_baseline
2026-02-16T23:15:24.882652,sim_3a20bcc2cf,9,view,simulated_baseline
2026-02-16T23:16:14.882652,sim_3a20bcc2cf,5,view,simulated_baseline
2026-02-16T23:21:06.882652,sim_3a20bcc2cf,14,view,simulated_baseline
2026-02-16T23:23:36.882652,sim_3a20bcc2cf,5,view,simulated_baseline
2026-02-09T02:04:17.882681,sim_74a24957f7,10,view,simulated_baseline
2026-02-09T02:06:18.882681,sim_74a24957f7,12,view,simulated_baseline
2026-02-09T02:09:06.882681,sim_74a24957f7,12,view,simulated_baseline
2026-02-09T02:13:22.882681,sim_74a24957f7,11,view,simulated_baseline
2026-02-09T02:18:03.882681,sim_74a24957f7,6,view,simulated_baseline
2026-02-09T02:20:27.882681,sim_74a24957f7,12,add_to_cart,simulated_baseline
2026-02-09T02:22:23.882681,sim_74a24957f7,12,view,simulated_baseline
2026-02-04T07:06:29.882707,sim_e8185c281c,7,view,simulated_baseline
2026-02-04T07:07:38.882707,sim_e8185c281c,7,wishlist,simulated_baseline
2026-02-04T07:11:08.882707,sim_e8185c281c,14,view,simulated_baseline
2026-02-04T07:12:11.882707,sim_e8185c281c,13,view,simulated_baseline
2026-02-04T07:13:40.882707,sim_e8185c281c,5,wishlist,simulated_baseline
2026-02-15T05:04:54.882726,sim_84ba8f5fb6,5,view,simulated_baseline
2026-02-15T05:07:06.882726,sim_84ba8f5fb6,9,view,simulated_baseline
2026-02-15T05:11:00.882726,sim_84ba8f5fb6,8,view,simulated_baseline
2026-02-15T05:14:22.882726,sim_84ba8f5fb6,9,view,simulated_baseline
2026-02-15T05:16:43.882726,sim_84ba8f5fb6,5,view,simulated_baseline
2026-02-15T05:17:59.882726,sim_84ba8f5fb6,11,wishlist,simulated_baseline
2026-02-15T05:21:30.882726,sim_84ba8f5fb6,9,wishlist,simulated_baseline
2026-02-15T05:23:33.882726,sim_84ba8f5fb6,5,view,simulated_baseline
2026-02-15T05:26:32.882726,sim_84ba8f5fb6,9,view,simulated_baseline
2026-02-12T13:06:45.882758,sim_bd898f50e6,11,view,simulated_baseline
2026-02-12T13:07:53.882758,sim_bd898f50e6,11,view,simulated_baseline
2026-02-12T13:09:54.882758,sim_bd898f50e6,11,view,simulated_baseline
2026-02-12T13:12:49.882758,sim_bd898f50e6,9,view,simulated_baseline
2026-02-12T13:13:39.882758,sim_bd898f50e6,11,add_to_cart,simulated_baseline
2026-02-12T13:16:39.882758,sim_bd898f50e6,12,view,simulated_baseline
2026-02-12T13:17:38.882758,sim_bd898f50e6,10,view,simulated_baseline
2026-02-07T21:07:11.882783,sim_e86170dc14,9,view,simulated_baseline
2026-02-07T21:09:09.882783,sim_e86170dc14,5,view,simulated_baseline
2026-02-07T21:10:33.882783,sim_e86170dc14,13,view,simulated_baseline
2026-02-07T21:14:02.882783,sim_e86170dc14,8,view,simulated_baseline
2026-02-07T21:17:44.882783,sim_e86170dc14,5,view,simulated_baseline
2026-02-07T21:18:17.882783,sim_e86170dc14,9,view,simulated_baseline
2026-02-07T21:20:30.882783,sim_e86170dc14,8,add_to_cart,simulated_baseline
2026-02-07T21:21:06.882783,sim_e86170dc14,14,view,simulated_baseline
2026-02-01T07:04:29.882812,sim_1d0880562b,11,view,simulated_baseline
2026-02-01T07:07:39.882812,sim_1d0880562b,7,wishlist,simulated_baseline
2026-02-01T07:10:58.882812,sim_1d0880562b,13,view,simulated_baseline
2026-02-01T07:14:12.882812,sim_1d0880562b,13,view,simulated_baseline
2026-02-01T07:18:43.882812,sim_1d0880562b,14,view,simulated_baseline
2026-02-01T07:21:59.882812,sim_1d0880562b,7,wishlist,simulated_baseline
2026-02-01T07:23:01.882812,sim_1d0880562b,7,wishlist,simulated_baseline
2026-02-01T07:27:23.882812,sim_1d0880562b,14,view,simulated_baseline
2026-02-16T12:05:57.882840,sim_0572cff3b2,12,view,simulated_baseline
2026-02-16T12:10:32.882840,sim_0572cff3b2,12,add_to_cart,simulated_baseline
2026-02-16T12:11:13.882840,sim_0572cff3b2,10,wishlist,simulated_baseline
2026-02-16T12:15:30.882840,sim_0572cff3b2,13,view,simulated_baseline
2026-02-16T12:18:50.882840,sim_0572cff3b2,10,add_to_cart,simulated_baseline
2026-02-16T12:21:56.882840,sim_0572cff3b2,11,view,simulated_baseline
2026-02-16T12:24:29.882840,sim_0572cff3b2,10,wishlist,simulated_baseline
2026-02-16T12:25:09.882840,sim_0572cff3b2,11,view,simulated_baseline
2026-02-16T12:25:56.882840,sim_0572cff3b2,10,view,simulated_baseline
2026-02-09T10:06:06.882873,sim_990a1cb676,8,view,simulated_baseline
2026-02-09T10:10:41.882873,sim_990a1cb676,9,view,simulated_baseline
2026-02-09T10:13:51.882873,sim_990a1cb676,5,view,simulated_baseline
2026-02-09T10:18:37.882873,sim_990a1cb676,9,view,simulated_baseline
2026-02-09T10:23:08.882873,sim_990a1cb676,8,view,simulated_baseline
2026-02-09T10:27:16.882873,sim_990a1cb676,9,view,simulated_baseline
2026-02-09T10:32:01.882873,sim_990a1cb676,5,view,simulated_baseline
2026-02-09T10:34:32.882873,sim_990a1cb676,8,view,simulated_baseline
2026-02-09T10:36:19.882873,sim_990a1cb676,8,view,simulated_baseline
2026-02-09T10:39:14.882873,sim_990a1cb676,5,view,simulated_baseline
2026-01-31T16:08:12.882911,sim_18809f14f1,12,view,simulated_baseline
2026-01-31T16:08:47.882911,sim_18809f14f1,10,wishlist,simulated_baseline
2026-01-31T16:09:29.882911,sim_18809f14f1,9,view,simulated_baseline
2026-02-19T10:05:46.882926,sim_67ff015325,10,view,simulated_baseline
2026-02-19T10:08:45.882926,sim_67ff015325,11,add_to_cart,simulated_baseline
2026-02-19T10:08:56.882926,sim_67ff015325,6,wishlist,simulated_baseline
2026-02-19T10:12:06.882926,sim_67ff015325,6,view,simulated_baseline
2026-02-19T10:14:56.882926,sim_67ff015325,6,wishlist,simulated_baseline
2026-02-19T10:16:13.882926,sim_67ff015325,10,view,simulated_baseline
2026-02-19T10:19:29.882926,sim_67ff015325,11,view,simulated_baseline
2026-02-21T23:07:32.882951,sim_4500359219,10,view,simulated_baseline
2026-02-21T23:08:45.882951,sim_4500359219,12,wishlist,simulated_baseline
2026-02-21T23:08:57.882951,sim_4500359219,12,view,simulated_baseline
2026-02-21T23:12:42.882951,sim_4500359219,11,view,simulated_baseline
2026-02-21T23:15:34.882951,sim_4500359219,11,view,simulated_baseline
2026-02-21T23:16:38.882951,sim_4500359219,10,wishlist,simulated_baseline
2026-02-21T23:19:17.882951,sim_4500359219,10,add_to_cart,simulated_baseline
2026-02-21T23:19:43.882951,sim_4500359219,11,view,simulated_baseline
2026-02-21T23:21:53.882951,sim_4500359219,10,view,simulated_baseline
2026-02-12T07:07:43.882983,sim_59a7c68b34,11,view,simulated_baseline
2026-02-12T07:10:21.882983,sim_59a7c68b34,10,add_to_cart,simulated_baseline
2026-02-12T07:14:38.882983,sim_59a7c68b34,6,view,simulated_baseline
2026-02-12T07:15:22.882983,sim_59a7c68b34,12,wishlist,simulated_baseline
2026-02-12T07:19:45.882983,sim_59a7c68b34,11,view,simulated_baseline
2026-02-12T07:21:19.882983,sim_59a7c68b34,12,view,simulated_baseline
2026-02-12T07:24:32.882983,sim_59a7c68b34,12,view,simulated_baseline
2026-02-12T07:24:45.882983,sim_59a7c68b34,14,view,simulated_baseline
2026-02-12T07:25:29.882983,sim_59a7c68b34,7,wishlist,simulated_baseline
2026-02-12T13:04:21.883015,sim_26f255da06,5,wishlist,simulated_baseline
2026-02-12T13:06:23.883015,sim_26f255da06,5,view,simulated_baseline
2026-02-12T13:09:22.883015,sim_26f255da06,9,view,simulated_baseline
2026-02-12T13:13:14.883015,sim_26f255da06,8,view,simulated_baseline
2026-02-12T13:17:54.883015,sim_26f255da06,8,view,simulated_baseline
2026-02-12T13:19:58.883015,sim_26f255da06,9,view,simulated_baseline
2026-02-21T04:07:38.883037,sim_33e911e113,7,wishlist,simulated_baseline
2026-02-21T04:11:39.883037,sim_33e911e113,13,view,simulated_baseline
2026-02-21T04:13:04.883037,sim_33e911e113,14,view,simulated_baseline
2026-02-01T12:04:31.883051,sim_bdeebf5697,12,view,simulated_baseline
2026-02-01T12:05:35.883051,sim_bdeebf5697,10,wishlist,simulated_baseline
2026-02-01T12:10:04.883051,sim_bdeebf5697,12,wishlist,simulated_baseline
2026-02-01T12:14:41.883051,sim_bdeebf5697,6,view,simulated_baseline
2026-02-01T12:17:00.883051,sim_bdeebf5697,10,view,simulated_baseline
2026-02-01T12:17:30.883051,sim_bdeebf5697,6,add_to_cart,simulated_baseline
2026-02-01T12:19:49.883051,sim_bdeebf5697,10,view,simulated_baseline
2026-02-01T12:20:28.883051,sim_bdeebf5697,11,view,simulated_baseline
2026-02-01T12:22:54.883051,sim_bdeebf5697,10,wishlist,simulated_baseline
2026-02-01T12:23:39.883051,sim_bdeebf5697,6,wishlist,simulated_baseline
2026-02-14T08:06:02.883085,sim_41c33e8a69,13,view,simulated_baseline
2026-02-14T08:08:10.883085,sim_41c33e8a69,14,view,simulated_baseline
2026-02-14T08:09:28.883085,sim_41c33e8a69,13,view,simulated_baseline
2026-02-14T08:09:58.883085,sim_41c33e8a69,13,wishlist,simulated_baseline
2026-01-29T00:04:31.883102,sim_a70067a3bd,13,wishlist,simulated_baseline
2026-01-29T00:09:16.883102,sim_a70067a3bd,7,wishlist,simulated_baseline
2026-01-29T00:10:13.883102,sim_a70067a3bd,13,view,simulated_baseline
2026-01-29T00:12:02.883102,sim_a70067a3bd,7,wishlist,simulated_baseline
2026-02-17T06:06:23.883119,sim_d3341b138d,10,wishlist,simulated_baseline
2026-02-17T06:08:31.883119,sim_d3341b138d,10,view,simulated_baseline
2026-02-17T06:09:09.883119,sim_d3341b138d,11,view,simulated_baseline
2026-02-17T06:14:07.883119,sim_d3341b138d,10,wishlist,simulated_baseline
2026-02-17T06:16:08.883119,sim_d3341b138d,11,view,simulated_baseline
2026-02-17T06:16:39.883119,sim_d3341b138d,10,view,simulated_baseline
2026-02-18T23:05:35.883143,sim_078660c7b9,12,wishlist,simulated_baseline
2026-02-18T23:10:22.883143,sim_078660c7b9,7,view,simulated_baseline
2026-02-18T23:15:04.883143,sim_078660c7b9,10,add_to_cart,simulated_baseline
2026-02-18T23:19:58.883143,sim_078660c7b9,10,add_to_cart,simulated_baseline
2026-02-18T23:24:32.883143,sim_078660c7b9,11,view,simulated_baseline
2026-02-12T15:04:18.883163,sim_3b2513eb1a,9,add_to_cart,simulated_baseline
2026-02-12T15:08:15.883163,sim_3b2513eb1a,5,add_to_cart,simulated_baseline
2026-02-12T15:11:41.883163,sim_3b2513eb1a,8,view,simulated_baseline
2026-02-12T15:15:06.883163,sim_3b2513eb1a,9,add_to_cart,simulated_baseline
2026-02-12T15:19:49.883163,sim_3b2513eb1a,8,view,simulated_baseline
2026-02-12T15:24:39.883163,sim_3b2513eb1a,9,add_to_cart,simulated_baseline
2026-02-12T15:27:00.883163,sim_3b2513eb1a,8,view,simulated_baseline
2026-02-11T07:04:19.883189,sim_46eeb7de46,6,view,simulated_baseline
2026-02-11T07:05:06.883189,sim_46eeb7de46,10,view,simulated_baseline
2026-02-11T07:09:19.883189,sim_46eeb7de46,12,view,simulated_baseline
2026-02-19T01:05:39.883202,sim_aa8bdd7ca2,7,view,simulated_baseline
2026-02-19T01:08:09.883202,sim_aa8bdd7ca2,11,view,simulated_baseline
2026-02-19T01:08:26.883202,sim_aa8bdd7ca2,11,view,simulated_baseline
2026-02-19T01:10:36.883202,sim_aa8bdd7ca2,6,wishlist,simulated_baseline
2026-02-19T01:15:23.883202,sim_aa8bdd7ca2,12,wishlist,simulated_baseline
2026-02-19T01:16:13.883202,sim_aa8bdd7ca2,5,view,simulated_baseline
2026-02-19T01:16:35.883202,sim_aa8bdd7ca2,12,view,simulated_baseline
2026-02-07T06:07:40.883228,sim_d09ff05787,5,wishlist,simulated_baseline
2026-02-07T06:10:14.883228,sim_d09ff05787,9,view,simulated_baseline
2026-02-07T06:10:54.883228,sim_d09ff05787,5,wishlist,simulated_baseline
2026-02-07T06:14:08.883228,sim_d09ff05787,5,view,simulated_baseline
2026-02-07T06:16:45.883228,sim_d09ff05787,10,view,simulated_baseline
2026-02-07T06:18:25.883228,sim_d09ff05787,5,view,simulated_baseline
2026-02-07T17:07:18.883250,sim_b9aa7f212c,11,view,simulated_baseline
2026-02-07T17:09:43.883250,sim_b9aa7f212c,10,view,simulated_baseline
2026-02-07T17:14:27.883250,sim_b9aa7f212c,6,wishlist,simulated_baseline
2026-02-07T17:16:59.883250,sim_b9aa7f212c,12,view,simulated_baseline
2026-02-07T17:20:22.883250,sim_b9aa7f212c,10,view,simulated_baseline
2026-02-07T17:20:40.883250,sim_b9aa7f212c,6,wishlist,simulated_baseline
2026-02-07T17:23:07.883250,sim_b9aa7f212c,6,view,simulated_baseline
2026-02-07T17:24:09.883250,sim_b9aa7f212c,11,view,simulated_baseline
2026-02-07T17:26:54.883250,sim_b9aa7f212c,12,view,simulated_baseline
2026-02-11T00:07:06.883282,sim_cfe203983c,8,wishlist,simulated_baseline
2026-02-11T00:09:21.883282,sim_cfe203983c,8,view,simulated_baseline
2026-02-11T00:11:41.883282,sim_cfe203983c,8,view,simulated_baseline
2026-02-04T00:05:19.883296,sim_a9368121af,5,view,simulated_baseline
2026-02-04T00:08:12.883296,sim_a9368121af,5,view,simulated_baseline
2026-02-04T00:10:03.883296,sim_a9368121af,9,view,simulated_baseline
2026-02-04T00:15:02.883296,sim_a9368121af,9,view,simulated_baseline
2026-02-08T02:04:16.883313,sim_025b8fe63a,5,wishlist,simulated_baseline
2026-02-08T02:06:22.883313,sim_025b8fe63a,9,view,simulated_baseline
2026-02-08T02:10:40.883313,sim_025b8fe63a,5,view,simulated_baseline
2026-02-08T02:14:08.883313,sim_025b8fe63a,8,view,simulated_baseline
2026-02-08T02:17:54.883313,sim_025b8fe63a,8,view,simulated_baseline
2026-02-08T02:18:42.883313,sim_025b8fe63a,9,view,simulated_baseline
2026-02-08T02:23:17.883313,sim_025b8fe63a,9,wishlist,simulated_baseline
2026-02-08T02:27:47.883313,sim_025b8fe63a,8,view,simulated_baseline
2026-02-08T02:31:47.883313,sim_025b8fe63a,5,view,simulated_baseline
2026-02-08T02:32:48.883313,sim_025b8fe63a,8,view,simulated_baseline
2026-02-13T16:07:28.883350,sim_d0e39437f7,11,view,simulated_baseline
2026-02-13T16:11:47.883350,sim_d0e39437f7,10,view,simulated_baseline
2026-02-13T16:13:02.883350,sim_d0e39437f7,12,wishlist,simulated_baseline
2026-02-20T09:04:14.883363,sim_1d4440af14,5,wishlist,simulated_baseline
2026-02-20T09:08:28.883363,sim_1d4440af14,8,view,simulated_baseline
2026-02-20T09:09:22.883363,sim_1d4440af14,14,wishlist,simulated_baseline
2026-02-20T09:13:24.883363,sim_1d4440af14,13,view,simulated_baseline
2026-02-20T09:14:01.883363,sim_1d4440af14,14,view,simulated_baseline
2026-02-20T09:17:49.883363,sim_1d4440af14,7,view,simulated_baseline
2026-02-20T09:21:52.883363,sim_1d4440af14,14,view,simulated_baseline
2026-02-20T09:22:02.883363,sim_1d4440af14,13,view,simulated_baseline
2026-02-20T09:26:24.883363,sim_1d4440af14,7,wishlist,simulated_baseline
2026-02-06T03:05:54.883395,sim_db1ff250af,8,wishlist,simulated_baseline
2026-02-06T03:08:34.883395,sim_db1ff250af,8,view,simulated_baseline
2026-02-06T03:09:00.883395,sim_db1ff250af,9,view,simulated_baseline
2026-02-06T03:12:41.883395,sim_db1ff250af,9,view,simulated_baseline
2026-02-06T03:13:01.883395,sim_db1ff250af,8,add_to_cart,simulated_baseline
2026-02-06T03:16:05.883395,sim_db1ff250af,9,add_to_cart,simulated_baseline
2026-02-06T03:17:18.883395,sim_db1ff250af,8,view,simulated_baseline
2026-02-06T03:21:21.883395,sim_db1ff250af,11,view,simulated_baseline
2026-02-06T03:26:04.883395,sim_db1ff250af,8,view,simulated_baseline
2026-02-09T07:05:31.883427,sim_e2f990a4a5,5,view,simulated_baseline
2026-02-09T07:07:37.883427,sim_e2f990a4a5,9,view,simulated_baseline
2026-02-09T07:11:08.883427,sim_e2f990a4a5,5,view,simulated_baseline
2026-02-09T07:13:56.883427,sim_e2f990a4a5,5,view,simulated_baseline
2026-02-09T07:15:00.883427,sim_e2f990a4a5,9,view,simulated_baseline
2026-02-09T07:17:36.883427,sim_e2f990a4a5,9,view,simulated_baseline
2026-01-27T03:05:12.883449,sim_cb9f02697b,9,add_to_cart,simulated_baseline
2026-01-27T03:08:28.883449,sim_cb9f02697b,9,add_to_cart,simulated_baseline
2026-01-27T03:12:05.883449,sim_cb9f02697b,5,add_to_cart,simulated_baseline
2026-01-27T03:16:37.883449,sim_cb9f02697b,5,view,simulated_baseline
2026-01-27T03:17:25.883449,sim_cb9f02697b,8,view,simulated_baseline
2026-02-09T07:07:11.883469,sim_0a06326beb,5,view,simulated_baseline
2026-02-09T07:09:31.883469,sim_0a06326beb,5,view,simulated_baseline
2026-02-09T07:12:21.883469,sim_0a06326beb,9,view,simulated_baseline
2026-02-09T07:15:08.883469,sim_0a06326beb,8,view,simulated_baseline
2026-02-09T07:17:36.883469,sim_0a06326beb,9,view,simulated_baseline
2026-02-09T07:20:57.883469,sim_0a06326beb,5,view,simulated_baseline
2026-02-09T07:24:28.883469,sim_0a06326beb,5,view,simulated_baseline
2026-02-09T07:25:57.883469,sim_0a06326beb,8,wishlist,simulated_baseline
2026-02-09T07:26:42.883469,sim_0a06326beb,9,view,simulated_baseline
2026-02-09T07:29:16.883469,sim_0a06326beb,8,view,simulated_baseline
2026-01-29T08:03:45.883504,sim_8fb0843317,6,view,simulated_baseline
2026-01-29T08:05:52.883504,sim_8fb0843317,10,view,simulated_baseline
2026-01-29T08:08:49.883504,sim_8fb0843317,14,view,simulated_baseline
2026-01-29T08:13:29.883504,sim_8fb0843317,6,view,simulated_baseline
2026-01-27T01:04:39.883520,sim_c17957bb91,6,view,simulated_baseline
2026-01-27T01:06:50.883520,sim_c17957bb91,11,view,simulated_baseline
2026-01-27T01:07:44.883520,sim_c17957bb91,12,view,simulated_baseline
2026-01-27T01:11:55.883520,sim_c17957bb91,10,view,simulated_baseline
2026-01-27T01:14:58.883520,sim_c17957bb91,12,view,simulated_baseline
2026-02-20T09:05:35.883539,sim_2a7c7766d7,5,view,simulated_baseline
2026-02-20T09:09:06.883539,sim_2a7c7766d7,8,view,simulated_baseline
2026-02-20T09:10:46.883539,sim_2a7c7766d7,9,view,simulated_baseline
2026-02-20T09:13:11.883539,sim_2a7c7766d7,13,view,simulated_baseline
2026-02-20T09:15:11.883539,sim_2a7c7766d7,5,add_to_cart,simulated_baseline
2026-02-16T16:07:21.883559,sim_719f21eb0a,14,view,simulated_baseline
2026-02-16T16:09:07.883559,sim_719f21eb0a,7,view,simulated_baseline
2026-02-16T16:13:57.883559,sim_719f21eb0a,7,view,simulated_baseline
2026-02-16T16:17:33.883559,sim_719f21eb0a,5,wishlist,simulated_baseline
2026-02-10T10:06:35.883577,sim_b1b320d19d,7,add_to_cart,simulated_baseline
2026-02-10T10:10:26.883577,sim_b1b320d19d,13,wishlist,simulated_baseline
2026-02-10T10:12:49.883577,sim_b1b320d19d,5,add_to_cart,simulated_baseline
2026-02-10T10:16:34.883577,sim_b1b320d19d,14,view,simulated_baseline
2026-02-10T10:17:22.883577,sim_b1b320d19d,10,view,simulated_baseline
2026-02-10T10:19:01.883577,sim_b1b320d19d,13,wishlist,simulated_baseline
2026-02-10T10:23:20.883577,sim_b1b320d19d,7,view,simulated_baseline
2026-02-10T10:27:59.883577,sim_b1b320d19d,13,view,simulated_baseline
2026-02-10T10:32:34.883577,sim_b1b320d19d,13,view,simulated_baseline
2026-02-10T10:35:54.883577,sim_b1b320d19d,7,view,simulated_baseline
2026-02-13T11:05:42.883612,sim_43687aaa9b,8,wishlist,simulated_baseline
2026-02-13T11:09:06.883612,sim_43687aaa9b,5,view,simulated_baseline
2026-02-13T11:10:41.883612,sim_43687aaa9b,5,view,simulated_baseline
2026-02-13T11:12:45.883612,sim_43687aaa9b,9,view,simulated_baseline
2026-02-13T11:16:24.883612,sim_43687aaa9b,8,view,simulated_baseline
2026-02-13T11:18:36.883612,sim_43687aaa9b,5,wishlist,simulated_baseline
2026-02-13T11:21:39.883612,sim_43687aaa9b,5,view,simulated_baseline
2026-02-13T11:25:22.883612,sim_43687aaa9b,5,view,simulated_baseline
2026-02-13T11:28:08.883612,sim_43687aaa9b,11,wishlist,simulated_baseline
2026-02-13T11:31:09.883612,sim_43687aaa9b,8,view,simulated_baseline
2026-02-09T11:05:52.883647,sim_2b85adea2b,5,view,simulated_baseline
2026-02-09T11:09:53.883647,sim_2b85adea2b,7,wishlist,simulated_baseline
2026-02-09T11:10:26.883647,sim_2b85adea2b,12,add_to_cart,simulated_baseline
2026-02-09T11:12:37.883647,sim_2b85adea2b,14,add_to_cart,simulated_baseline
2026-02-09T11:13:05.883647,sim_2b85adea2b,14,view,simulated_baseline
2026-02-09T11:17:49.883647,sim_2b85adea2b,7,view,simulated_baseline
2026-02-09T11:20:18.883647,sim_2b85adea2b,13,view,simulated_baseline
2026-02-09T11:20:49.883647,sim_2b85adea2b,13,view,simulated_baseline
2026-02-09T11:21:44.883647,sim_2b85adea2b,7,view,simulated_baseline
2026-02-09T11:25:28.883647,sim_2b85adea2b,14,view,simulated_baseline
2026-02-20T11:06:17.883681,sim_4e82254091,11,view,simulated_baseline
2026-02-20T11:08:55.883681,sim_4e82254091,8,view,simulated_baseline
2026-02-20T11:10:22.883681,sim_4e82254091,12,add_to_cart,simulated_baseline
2026-02-20T11:13:25.883681,sim_4e82254091,8,add_to_cart,simulated_baseline
2026-01-25T01:05:59.883698,sim_5cf0545457,14,view,simulated_baseline
2026-01-25T01:06:45.883698,sim_5cf0545457,13,view,simulated_baseline
2026-01-25T01:08:53.883698,sim_5cf0545457,8,add_to_cart,simulated_baseline
2026-01-25T01:11:10.883698,sim_5cf0545457,7,wishlist,simulated_baseline
2026-01-25T01:13:11.883698,sim_5cf0545457,14,view,simulated_baseline
2026-01-25T01:16:23.883698,sim_5cf0545457,14,add_to_cart,simulated_baseline
2026-01-25T01:20:06.883698,sim_5cf0545457,9,view,simulated_baseline
2026-01-25T01:21:48.883698,sim_5cf0545457,7,view,simulated_baseline
2026-01-25T01:24:52.883698,sim_5cf0545457,13,view,simulated_baseline
2026-01-25T01:27:44.883698,sim_5cf0545457,7,add_to_cart,simulated_baseline
2026-02-01T09:04:55.883734,sim_f668f2b71b,12,view,simulated_baseline
2026-02-01T09:05:09.883734,sim_f668f2b71b,12,wishlist,simulated_baseline
2026-02-01T09:07:33.883734,sim_f668f2b71b,12,add_to_cart,simulated_baseline
2026-02-01T09:11:17.883734,sim_f668f2b71b,6,wishlist,simulated_baseline
2026-02-01T09:12:14.883734,sim_f668f2b71b,11,wishlist,simulated_baseline
2026-02-01T09:16:32.883734,sim_f668f2b71b,13,view,simulated_baseline
2026-02-01T09:19:25.883734,sim_f668f2b71b,10,view,simulated_baseline
2026-02-01T09:21:53.883734,sim_f668f2b71b,13,wishlist,simulated_baseline
2026-02-22T03:07:46.883766,sim_3ab2346132,12,add_to_cart,simulated_baseline
2026-02-22T03:12:08.883766,sim_3ab2346132,8,add_to_cart,simulated_baseline
2026-02-22T03:13:01.883766,sim_3ab2346132,11,view,simulated_baseline
2026-02-22T03:17:52.883766,sim_3ab2346132,6,view,simulated_baseline
2026-02-22T03:22:22.883766,sim_3ab2346132,5,add_to_cart,simulated_baseline
2026-02-22T03:23:08.883766,sim_3ab2346132,7,view,simulated_baseline
2026-02-08T02:04:04.883791,sim_22b282d658,9,view,simulated_baseline
2026-02-08T02:04:58.883791,sim_22b282d658,5,view,simulated_baseline
2026-02-08T02:09:39.883791,sim_22b282d658,5,wishlist,simulated_baseline
2026-02-08T02:14:09.883791,sim_22b282d658,9,view,simulated_baseline
2026-02-08T02:14:23.883791,sim_22b282d658,8,wishlist,simulated_baseline
2026-02-08T02:18:23.883791,sim_22b282d658,8,view,simulated_baseline
2026-02-08T02:21:35.883791,sim_22b282d658,5,wishlist,simulated_baseline
2026-02-10T13:03:51.883816,sim_91577d47b8,9,view,simulated_baseline
2026-02-10T13:06:07.883816,sim_91577d47b8,10,wishlist,simulated_baseline
2026-02-10T13:07:14.883816,sim_91577d47b8,6,view,simulated_baseline
2026-02-10T13:10:03.883816,sim_91577d47b8,10,view,simulated_baseline
2026-02-10T13:14:02.883816,sim_91577d47b8,12,wishlist,simulated_baseline
2026-02-10T13:16:39.883816,sim_91577d47b8,6,view,simulated_baseline
2026-02-10T13:20:56.883816,sim_91577d47b8,6,view,simulated_baseline
2026-02-10T13:23:48.883816,sim_91577d47b8,10,wishlist,simulated_baseline
2026-02-10T13:26:53.883816,sim_91577d47b8,11,view,simulated_baseline
2026-01-31T17:07:31.883848,sim_eeafa14a7d,8,wishlist,simulated_baseline
2026-01-31T17:10:06.883848,sim_eeafa14a7d,14,view,simulated_baseline
2026-01-31T17:13:05.883848,sim_eeafa14a7d,5,view,simulated_baseline
2026-01-31T17:15:28.883848,sim_eeafa14a7d,13,wishlist,simulated_baseline
2026-01-31T17:19:32.883848,sim_eeafa14a7d,13,view,simulated_baseline
2026-02-17T07:06:55.883869,sim_75db0190ec,7,view,simulated_baseline
2026-02-17T07:09:03.883869,sim_75db0190ec,10,view,simulated_baseline
2026-02-17T07:12:45.883869,sim_75db0190ec,6,view,simulated_baseline
2026-02-19T17:04:09.883882,sim_1df92c0be6,11,view,simulated_baseline
2026-02-19T17:07:03.883882,sim_1df92c0be6,9,view,simulated_baseline
2026-02-19T17:11:00.883882,sim_1df92c0be6,6,view,simulated_baseline
2026-02-19T17:12:51.883882,sim_1df92c0be6,10,wishlist,simulated_baseline
2026-02-19T17:13:34.883882,sim_1df92c0be6,12,wishlist,simulated_baseline
2026-02-19T17:14:00.883882,sim_1df92c0be6,10,view,simulated_baseline
2026-02-19T17:16:48.883882,sim_1df92c0be6,6,view,simulated_baseline
2026-02-19T17:20:40.883882,sim_1df92c0be6,10,wishlist,simulated_baseline
2026-02-19T17:21:36.883882,sim_1df92c0be6,10,view,simulated_baseline
2026-02-19T02:06:33.883915,sim_89d8d0f323,5,view,simulated_baseline
2026-02-19T02:10:00.883915,sim_89d8d0f323,6,view,simulated_baseline
2026-02-19T02:14:01.883915,sim_89d8d0f323,10,wishlist,simulated_baseline
2026-02-19T02:16:54.883915,sim_89d8d0f323,10,wishlist,simulated_baseline
2026-02-19T02:21:13.883915,sim_89d8d0f323,12,view,simulated_baseline
2026-02-01T05:06:00.883934,sim_d875f093f9,12,view,simulated_baseline
2026-02-01T05:07:29.883934,sim_d875f093f9,6,view,simulated_baseline
2026-02-01T05:10:14.883934,sim_d875f093f9,10,view,simulated_baseline
2026-02-01T05:11:00.883934,sim_d875f093f9,6,wishlist,simulated_baseline
2026-02-01T05:14:18.883934,sim_d875f093f9,6,add_to_cart,simulated_baseline
2026-02-01T05:15:47.883934,sim_d875f093f9,10,view,simulated_baseline
2026-02-20T03:08:02.883957,sim_db9f361854,8,view,simulated_baseline
2026-02-20T03:08:15.883957,sim_db9f361854,6,view,simulated_baseline
2026-02-20T03:12:47.883957,sim_db9f361854,14,wishlist,simulated_baseline
2026-02-20T03:15:27.883957,sim_db9f361854,8,view,simulated_baseline
2026-02-20T03:19:16.883957,sim_db9f361854,8,view,simulated_baseline
2026-02-20T03:23:57.883957,sim_db9f361854,9,wishlist,simulated_baseline
2026-02-20T03:27:11.883957,sim_db9f361854,5,wishlist,simulated_baseline
2026-02-20T03:28:38.883957,sim_db9f361854,6,view,simulated_baseline
2026-02-02T22:04:39.883994,sim_3a18b1bf97,8,add_to_cart,simulated_baseline
2026-02-02T22:07:06.883994,sim_3a18b1bf97,13,view,simulated_baseline
2026-02-02T22:07:28.883994,sim_3a18b1bf97,7,wishlist,simulated_baseline
2026-02-02T22:11:52.883994,sim_3a18b1bf97,13,add_to_cart,simulated_baseline
2026-02-02T22:12:29.883994,sim_3a18b1bf97,14,view,simulated_baseline
2026-02-02T22:12:45.883994,sim_3a18b1bf97,8,view,simulated_baseline
2026-02-02T22:17:41.883994,sim_3a18b1bf97,13,view,simulated_baseline
2026-02-18T11:05:26.884021,sim_4aca88d4b8,10,view,simulated_baseline
2026-02-18T11:08:19.884021,sim_4aca88d4b8,12,wishlist,simulated_baseline
2026-02-18T11:12:30.884021,sim_4aca88d4b8,13,view,simulated_baseline
2026-02-18T11:16:46.884021,sim_4aca88d4b8,10,view,simulated_baseline
2026-02-18T11:21:42.884021,sim_4aca88d4b8,11,wishlist,simulated_baseline
2026-02-18T11:25:33.884021,sim_4aca88d4b8,6,view,simulated_baseline
2026-02-18T11:27:07.884021,sim_4aca88d4b8,12,wishlist,simulated_baseline
2026-01-26T03:05:22.884047,sim_67faac6a21,6,wishlist,simulated_baseline
2026-01-26T03:08:37.884047,sim_67faac6a21,10,view,simulated_baseline
2026-01-26T03:12:04.884047,sim_67faac6a21,10,view,simulated_baseline
2026-01-26T03:14:30.884047,sim_67faac6a21,6,wishlist,simulated_baseline
2026-01-26T03:16:37.884047,sim_67faac6a21,11,view,simulated_baseline
2026-02-21T09:04:39.884067,sim_beb04766b8,12,view,simulated_baseline
2026-02-21T09:05:25.884067,sim_beb04766b8,14,view,simulated_baseline
2026-02-21T09:09:43.884067,sim_beb04766b8,7,view,simulated_baseline
2026-02-21T09:10:50.884067,sim_beb04766b8,7,view,simulated_baseline
2026-02-21T09:14:11.884067,sim_beb04766b8,7,view,simulated_baseline
2026-02-21T09:17:53.884067,sim_beb04766b8,7,view,simulated_baseline
2026-02-21T09:21:41.884067,sim_beb04766b8,7,add_to_cart,simulated_baseline
2026-02-21T09:22:00.884067,sim_beb04766b8,14,wishlist,simulated_baseline
2026-02-15T20:03:42.884095,sim_8558bb805a,8,view,simulated_baseline
2026-02-15T20:06:55.884095,sim_8558bb805a,8,view,simulated_baseline
2026-02-15T20:09:29.884095,sim_8558bb805a,8,wishlist,simulated_baseline
2026-02-15T20:13:57.884095,sim_8558bb805a,10,wishlist,simulated_baseline
2026-02-15T20:18:34.884095,sim_8558bb805a,9,view,simulated_baseline
2026-02-15T20:21:46.884095,sim_8558bb805a,11,view,simulated_baseline
2026-02-15T20:23:03.884095,sim_8558bb805a,8,view,simulated_baseline
2026-02-15T20:27:26.884095,sim_8558bb805a,8,view,simulated_baseline
2026-02-15T20:31:00.884095,sim_8558bb805a,9,view,simulated_baseline
2026-02-15T20:34:40.884095,sim_8558bb805a,5,view,simulated_baseline
2026-02-19T11:07:12.884130,sim_c35aabd269,7,view,simulated_baseline
2026-02-19T11:09:36.884130,sim_c35aabd269,7,view,simulated_baseline
2026-02-19T11:13:51.884130,sim_c35aabd269,13,view,simulated_baseline
2026-02-19T11:15:03.884130,sim_c35aabd269,13,wishlist,simulated_baseline
2026-02-19T11:19:42.884130,sim_c35aabd269,7,view,simulated_baseline
2026-02-19T11:22:32.884130,sim_c35aabd269,7,view,simulated_baseline
2026-02-19T11:03:27.884152,sim_8fa4b058ad,5,view,simulated_baseline
2026-02-19T11:04:09.884152,sim_8fa4b058ad,14,wishlist,simulated_baseline
2026-02-19T11:05:08.884152,sim_8fa4b058ad,9,view,simulated_baseline
2026-02-19T11:07:48.884152,sim_8fa4b058ad,9,view,simulated_baseline
2026-02-19T11:10:51.884152,sim_8fa4b058ad,12,view,simulated_baseline
2026-02-19T11:14:30.884152,sim_8fa4b058ad,14,view,simulated_baseline
2026-02-19T11:15:25.884152,sim_8fa4b058ad,8,view,simulated_baseline
2026-02-19T11:18:39.884152,sim_8fa4b058ad,5,add_to_cart,simulated_baseline
2026-02-19T11:18:50.884152,sim_8fa4b058ad,9,add_to_cart,simulated_baseline
2026-02-19T11:20:59.884152,sim_8fa4b058ad,8,view,simulated_baseline
2026-02-21T00:04:03.884187,sim_aa32543bb1,12,view,simulated_baseline
2026-02-21T00:09:03.884187,sim_aa32543bb1,10,view,simulated_baseline
2026-02-21T00:11:43.884187,sim_aa32543bb1,12,wishlist,simulated_baseline
2026-02-21T00:12:12.884187,sim_aa32543bb1,12,add_to_cart,simulated_baseline
2026-02-21T00:12:36.884187,sim_aa32543bb1,12,view,simulated_baseline
2026-02-21T00:17:22.884187,sim_aa32543bb1,10,view,simulated_baseline
2026-02-21T00:20:24.884187,sim_aa32543bb1,6,add_to_cart,simulated_baseline
2026-02-21T00:24:18.884187,sim_aa32543bb1,10,view,simulated_baseline
2026-02-21T00:24:39.884187,sim_aa32543bb1,6,view,simulated_baseline
2026-02-21T00:27:17.884187,sim_aa32543bb1,11,view,simulated_baseline
2026-02-19T13:03:35.884226,sim_2f98c6b42d,12,view,simulated_baseline
2026-02-19T13:05:54.884226,sim_2f98c6b42d,7,wishlist,simulated_baseline
2026-02-19T13:09:11.884226,sim_2f98c6b42d,10,wishlist,simulated_baseline
2026-02-19T13:11:54.884226,sim_2f98c6b42d,12,view,simulated_baseline
2026-02-19T13:14:39.884226,sim_2f98c6b42d,12,view,simulated_baseline
2026-02-13T13:05:15.884245,sim_74e1f03e18,14,add_to_cart,simulated_baseline
2026-02-13T13:09:44.884245,sim_74e1f03e18,13,view,simulated_baseline
2026-02-13T13:10:32.884245,sim_74e1f03e18,13,wishlist,simulated_baseline
2026-02-13T13:15:31.884245,sim_74e1f03e18,14,wishlist,simulated_baseline
2026-02-13T13:17:35.884245,sim_74e1f03e18,10,wishlist,simulated_baseline
2026-02-13T13:20:31.884245,sim_74e1f03e18,14,add_to_cart,simulated_baseline
2026-02-13T13:22:19.884245,sim_74e1f03e18,14,view,simulated_baseline
2026-02-13T13:22:32.884245,sim_74e1f03e18,14,view,simulated_baseline
2026-02-13T13:23:56.884245,sim_74e1f03e18,7,view,simulated_baseline
2026-02-03T04:06:20.884278,sim_7dcc8d3523,5,view,simulated_baseline
2026-02-03T04:10:45.884278,sim_7dcc8d3523,11,add_to_cart,simulated_baseline
2026-02-03T04:11:55.884278,sim_7dcc8d3523,11,view,simulated_baseline
2026-02-03T04:13:05.884278,sim_7dcc8d3523,9,view,simulated_baseline
2026-02-03T04:15:25.884278,sim_7dcc8d3523,6,view,simulated_baseline
2026-02-03T04:16:01.884278,sim_7dcc8d3523,6,wishlist,simulated_baseline
2026-01-30T13:06:03.884301,sim_75d45ee366,5,wishlist,simulated_baseline
2026-01-30T13:10:52.884301,sim_75d45ee366,5,view,simulated_baseline
2026-01-30T13:12:47.884301,sim_75d45ee366,5,view,simulated_baseline
2026-02-11T15:06:28.884314,sim_ce2d3017d0,8,view,simulated_baseline
2026-02-11T15:10:20.884314,sim_ce2d3017d0,5,view,simulated_baseline
2026-02-11T15:13:13.884314,sim_ce2d3017d0,9,wishlist,simulated_baseline
2026-02-11T15:14:13.884314,sim_ce2d3017d0,5,wishlist,simulated_baseline
2026-02-11T15:17:19.884314,sim_ce2d3017d0,5,add_to_cart,simulated_baseline
2026-02-11T15:19:39.884314,sim_ce2d3017d0,5,view,simulated_baseline
2026-02-11T15:21:27.884314,sim_ce2d3017d0,8,view,simulated_baseline
2026-02-11T15:24:50.884314,sim_ce2d3017d0,5,view,simulated_baseline
2026-02-11T15:27:10.884314,sim_ce2d3017d0,8,view,simulated_baseline
2026-02-13T21:07:32.884346,sim_378927af84,12,view,simulated_baseline
2026-02-13T21:11:46.884346,sim_378927af84,9,view,simulated_baseline
2026-02-13T21:15:54.884346,sim_378927af84,5,view,simulated_baseline
2026-02-13T21:18:20.884346,sim_378927af84,8,wishlist,simulated_baseline
2026-02-13T21:18:44.884346,sim_378927af84,5,wishlist,simulated_baseline
2026-02-13T21:19:15.884346,sim_378927af84,8,view,simulated_baseline
2026-02-09T17:05:32.884368,sim_c51fd8d928,5,view,simulated_baseline
2026-02-09T17:09:33.884368,sim_c51fd8d928,9,wishlist,simulated_baseline
2026-02-09T17:13:02.884368,sim_c51fd8d928,9,view,simulated_baseline
2026-02-09T17:13:20.884368,sim_c51fd8d928,8,wishlist,simulated_baseline
2026-02-09T17:16:28.884368,sim_c51fd8d928,13,view,simulated_baseline
2026-02-09T17:21:01.884368,sim_c51fd8d928,9,view,simulated_baseline
2026-02-09T17:24:46.884368,sim_c51fd8d928,13,view,simulated_baseline
2026-02-09T17:29:15.884368,sim_c51fd8d928,5,add_to_cart,simulated_baseline
2026-02-09T17:29:44.884368,sim_c51fd8d928,8,view,simulated_baseline
2026-02-09T17:33:18.884368,sim_c51fd8d928,5,wishlist,simulated_baseline
2026-02-23T15:05:12.884403,sim_70a27ff110,10,view,simulated_baseline
2026-02-23T15:06:46.884403,sim_70a27ff110,10,view,simulated_baseline
2026-02-23T15:08:12.884403,sim_70a27ff110,10,view,simulated_baseline
2026-02-23T15:10:07.884403,sim_70a27ff110,6,view,simulated_baseline
2026-02-23T15:12:13.884403,sim_70a27ff110,9,view,simulated_baseline
2026-01-29T20:07:31.884423,sim_f6d56b069a,10,view,simulated_baseline
2026-01-29T20:10:24.884423,sim_f6d56b069a,6,view,simulated_baseline
2026-01-29T20:11:03.884423,sim_f6d56b069a,11,view,simulated_baseline
2026-01-29T20:14:43.884423,sim_f6d56b069a,10,wishlist,simulated_baseline
2026-01-29T20:16:27.884423,sim_f6d56b069a,10,wishlist,simulated_baseline
2026-01-29T20:16:47.884423,sim_f6d56b069a,10,add_to_cart,simulated_baseline
2026-02-15T15:03:38.884445,sim_713be2cedf,12,view,simulated_baseline
2026-02-15T15:04:36.884445,sim_713be2cedf,6,view,simulated_baseline
2026-02-15T15:05:11.884445,sim_713be2cedf,10,view,simulated_baseline
2026-02-15T15:07:24.884445,sim_713be2cedf,11,view,simulated_baseline
2026-02-15T15:12:02.884445,sim_713be2cedf,10,view,simulated_baseline
2026-02-15T15:13:06.884445,sim_713be2cedf,6,view,simulated_baseline
2026-02-15T15:15:14.884445,sim_713be2cedf,12,add_to_cart,simulated_baseline
2026-02-15T15:16:50.884445,sim_713be2cedf,12,wishlist,simulated_baseline
2026-02-15T15:18:45.884445,sim_713be2cedf,10,wishlist,simulated_baseline
2026-02-15T15:18:55.884445,sim_713be2cedf,10,view,simulated_baseline
2026-02-17T04:07:25.884480,sim_1e43e5f52f,11,wishlist,simulated_baseline
2026-02-17T04:10:44.884480,sim_1e43e5f52f,10,view,simulated_baseline
2026-02-17T04:12:08.884480,sim_1e43e5f52f,11,view,simulated_baseline
2026-02-17T04:14:18.884480,sim_1e43e5f52f,12,view,simulated_baseline
2026-02-17T04:16:19.884480,sim_1e43e5f52f,10,view,simulated_baseline
2026-02-17T04:17:11.884480,sim_1e43e5f52f,11,view,simulated_baseline
2026-02-17T04:18:00.884480,sim_1e43e5f52f,11,add_to_cart,simulated_baseline
2026-02-17T04:22:53.884480,sim_1e43e5f52f,12,wishlist,simulated_baseline
2026-02-17T04:23:37.884480,sim_1e43e5f52f,12,view,simulated_baseline
2026-02-17T04:24:17.884480,sim_1e43e5f52f,11,wishlist,simulated_baseline
2026-01-24T14:05:41.884514,sim_f54315d844,13,view,simulated_baseline
2026-01-24T14:09:55.884514,sim_f54315d844,9,view,simulated_baseline
2026-01-24T14:10:51.884514,sim_f54315d844,8,wishlist,simulated_baseline
2026-01-24T14:11:14.884514,sim_f54315d844,9,wishlist,simulated_baseline
2026-01-24T14:14:29.884514,sim_f54315d844,9,view,simulated_baseline
2026-02-16T22:05:22.884534,sim_f95e4b2ba6,9,view,simulated_baseline
2026-02-16T22:08:02.884534,sim_f95e4b2ba6,8,view,simulated_baseline
2026-02-16T22:10:59.884534,sim_f95e4b2ba6,5,view,simulated_baseline
2026-02-16T22:12:41.884534,sim_f95e4b2ba6,5,wishlist,simulated_baseline
2026-02-14T17:06:35.884551,sim_4e6652db65,14,view,simulated_baseline
2026-02-14T17:11:09.884551,sim_4e6652db65,7,view,simulated_baseline
2026-02-14T17:11:25.884551,sim_4e6652db65,14,view,simulated_baseline
2026-02-12T16:06:56.884565,sim_e5fd6be8d9,7,view,simulated_baseline
2026-02-12T16:07:32.884565,sim_e5fd6be8d9,8,view,simulated_baseline
2026-02-12T16:09:25.884565,sim_e5fd6be8d9,14,add_to_cart,simulated_baseline
2026-02-12T16:11:00.884565,sim_e5fd6be8d9,13,view,simulated_baseline
2026-02-12T16:11:30.884565,sim_e5fd6be8d9,7,view,simulated_baseline
2026-02-12T16:15:45.884565,sim_e5fd6be8d9,13,view,simulated_baseline
2026-02-12T16:18:07.884565,sim_e5fd6be8d9,14,view,simulated_baseline
2026-02-12T16:22:45.884565,sim_e5fd6be8d9,7,wishlist,simulated_baseline
2026-02-12T16:26:40.884565,sim_e5fd6be8d9,14,add_to_cart,simulated_baseline
2026-02-18T17:05:49.884596,sim_31a7307f3c,7,wishlist,simulated_baseline
2026-02-18T17:07:35.884596,sim_31a7307f3c,13,view,simulated_baseline
2026-02-18T17:08:56.884596,sim_31a7307f3c,13,view,simulated_baseline
2026-02-18T17:12:04.884596,sim_31a7307f3c,14,wishlist,simulated_baseline
2026-02-18T17:14:08.884596,sim_31a7307f3c,13,view,simulated_baseline
2026-02-18T17:17:26.884596,sim_31a7307f3c,11,view,simulated_baseline
2026-02-02T22:07:45.884618,sim_93307f5d99,9,wishlist,simulated_baseline
2026-02-02T22:09:13.884618,sim_93307f5d99,8,view,simulated_baseline
2026-02-02T22:10:35.884618,sim_93307f5d99,9,view,simulated_baseline
2026-02-02T22:14:22.884618,sim_93307f5d99,8,wishlist,simulated_baseline
2026-02-12T05:04:41.884635,sim_d3886ee065,7,view,simulated_baseline
2026-02-12T05:07:38.884635,sim_d3886ee065,5,wishlist,simulated_baseline
2026-02-12T05:11:12.884635,sim_d3886ee065,6,add_to_cart,simulated_baseline
2026-02-12T05:14:37.884635,sim_d3886ee065,14,view,simulated_baseline
2026-02-12T05:16:25.884635,sim_d3886ee065,14,add_to_cart,simulated_baseline
2026-02-12T05:19:10.884635,sim_d3886ee065,7,view,simulated_baseline
2026-02-12T05:23:45.884635,sim_d3886ee065,7,view,simulated_baseline
2026-02-12T05:26:38.884635,sim_d3886ee065,14,add_to_cart,simulated_baseline
2026-02-12T05:27:10.884635,sim_d3886ee065,6,wishlist,simulated_baseline
2026-02-10T11:05:36.884670,sim_cea6102927,10,view,simulated_baseline
2026-02-10T11:09:37.884670,sim_cea6102927,6,view,simulated_baseline
2026-02-10T11:09:51.884670,sim_cea6102927,10,view,simulated_baseline
2026-02-22T11:03:31.884684,sim_4ee5cad57c,8,view,simulated_baseline
2026-02-22T11:06:44.884684,sim_4ee5cad57c,5,wishlist,simulated_baseline
2026-02-22T11:10:31.884684,sim_4ee5cad57c,9,view,simulated_baseline
2026-02-22T11:11:01.884684,sim_4ee5cad57c,13,add_to_cart,simulated_baseline
2026-02-22T11:13:31.884684,sim_4ee5cad57c,8,view,simulated_baseline
2026-02-22T11:18:23.884684,sim_4ee5cad57c,9,add_to_cart,simulated_baseline
2026-02-22T11:20:34.884684,sim_4ee5cad57c,9,view,simulated_baseline
2026-02-22T11:24:41.884684,sim_4ee5cad57c,8,view,simulated_baseline
2026-02-22T11:27:07.884684,sim_4ee5cad57c,9,view,simulated_baseline
2026-02-22T11:28:33.884684,sim_4ee5cad57c,9,wishlist,simulated_baseline
2026-01-30T11:07:11.884719,sim_70e2042cdc,7,view,simulated_baseline
2026-01-30T11:09:41.884719,sim_70e2042cdc,5,view,simulated_baseline
2026-01-30T11:09:58.884719,sim_70e2042cdc,7,view,simulated_baseline
2026-01-30T11:14:23.884719,sim_70e2042cdc,7,view,simulated_baseline
2026-01-30T11:15:02.884719,sim_70e2042cdc,7,view,simulated_baseline
2026-02-05T16:04:10.884738,sim_c3a47e991a,7,view,simulated_baseline
2026-02-05T16:04:44.884738,sim_c3a47e991a,5,view,simulated_baseline
2026-02-05T16:08:29.884738,sim_c3a47e991a,13,view,simulated_baseline
2026-02-05T16:09:35.884738,sim_c3a47e991a,7,view,simulated_baseline
2026-02-05T16:12:58.884738,sim_c3a47e991a,8,view,simulated_baseline
2026-02-05T16:14:24.884738,sim_c3a47e991a,13,wishlist,simulated_baseline
2026-02-05T16:14:39.884738,sim_c3a47e991a,14,add_to_cart,simulated_baseline
2026-02-05T16:17:39.884738,sim_c3a47e991a,13,view,simulated_baseline
2026-02-12T20:04:29.884767,sim_59ab32d3ca,7,view,simulated_baseline
2026-02-12T20:04:48.884767,sim_59ab32d3ca,14,view,simulated_baseline
2026-02-12T20:06:38.884767,sim_59ab32d3ca,14,view,simulated_baseline
2026-02-12T20:10:40.884767,sim_59ab32d3ca,7,view,simulated_baseline
2026-02-12T20:12:59.884767,sim_59ab32d3ca,14,view,simulated_baseline
2026-02-01T16:04:58.884786,sim_3632d81f35,7,view,simulated_baseline
2026-02-01T16:07:20.884786,sim_3632d81f35,13,wishlist,simulated_baseline
2026-02-01T16:08:40.884786,sim_3632d81f35,14,view,simulated_baseline
2026-02-01T16:09:27.884786,sim_3632d81f35,13,view,simulated_baseline
2026-02-01T16:10:55.884786,sim_3632d81f35,14,view,simulated_baseline
2026-02-01T16:12:00.884786,sim_3632d81f35,7,view,simulated_baseline
2026-02-01T16:12:54.884786,sim_3632d81f35,11,wishlist,simulated_baseline
2026-02-01T16:17:14.884786,sim_3632d81f35,14,view,simulated_baseline
2026-02-01T16:20:12.884786,sim_3632d81f35,6,view,simulated_baseline
2026-02-01T16:24:13.884786,sim_3632d81f35,14,view,simulated_baseline
2026-02-13T02:03:31.884821,sim_e58aa73c84,12,view,simulated_baseline
2026-02-13T02:07:44.884821,sim_e58aa73c84,11,view,simulated_baseline
2026-02-13T02:10:02.884821,sim_e58aa73c84,7,view,simulated_baseline
2026-02-13T02:13:59.884821,sim_e58aa73c84,12,wishlist,simulated_baseline
2026-02-13T02:16:28.884821,sim_e58aa73c84,12,view,simulated_baseline
2026-01-26T16:05:53.884842,sim_9660fea1dc,5,view,simulated_baseline
2026-01-26T16:10:31.884842,sim_9660fea1dc,8,wishlist,simulated_baseline
2026-01-26T16:14:10.884842,sim_9660fea1dc,5,wishlist,simulated_baseline
2026-01-26T16:18:24.884842,sim_9660fea1dc,10,view,simulated_baseline
2026-01-26T16:18:35.884842,sim_9660fea1dc,5,view,simulated_baseline
2026-01-26T16:19:10.884842,sim_9660fea1dc,9,view,simulated_baseline
2026-02-17T15:07:07.884865,sim_2b3de6b8fd,12,wishlist,simulated_baseline
2026-02-17T15:09:02.884865,sim_2b3de6b8fd,13,view,simulated_baseline
2026-02-17T15:11:56.884865,sim_2b3de6b8fd,7,wishlist,simulated_baseline
2026-01-26T09:07:31.884878,sim_eee02dc9b5,5,view,simulated_baseline
2026-01-26T09:11:58.884878,sim_eee02dc9b5,14,view,simulated_baseline
2026-01-26T09:15:17.884878,sim_eee02dc9b5,11,wishlist,simulated_baseline
2026-01-26T09:18:28.884878,sim_eee02dc9b5,10,view,simulated_baseline
2026-01-26T09:21:54.884878,sim_eee02dc9b5,11,view,simulated_baseline
2026-01-26T09:26:33.884878,sim_eee02dc9b5,14,view,simulated_baseline
2026-01-26T09:30:01.884878,sim_eee02dc9b5,6,wishlist,simulated_baseline
2026-01-26T09:30:17.884878,sim_eee02dc9b5,11,wishlist,simulated_baseline
2026-01-26T09:30:46.884878,sim_eee02dc9b5,6,wishlist,simulated_baseline
2026-02-13T09:03:24.884911,sim_d2bd578882,11,view,simulated_baseline
2026-02-13T09:07:45.884911,sim_d2bd578882,6,wishlist,simulated_baseline
2026-02-13T09:08:36.884911,sim_d2bd578882,12,add_to_cart,simulated_baseline
2026-02-13T09:12:48.884911,sim_d2bd578882,11,view,simulated_baseline
2026-02-13T09:13:13.884911,sim_d2bd578882,10,view,simulated_baseline
2026-02-13T09:14:19.884911,sim_d2bd578882,11,add_to_cart,simulated_baseline
2026-02-13T09:18:02.884911,sim_d2bd578882,12,view,simulated_baseline
2026-02-13T09:21:26.884911,sim_d2bd578882,6,wishlist,simulated_baseline
2026-02-04T10:07:15.884940,sim_90ad654f09,14,wishlist,simulated_baseline
2026-02-04T10:07:51.884940,sim_90ad654f09,14,add_to_cart,simulated_baseline
2026-02-04T10:08:41.884940,sim_90ad654f09,7,view,simulated_baseline
2026-01-31T09:06:40.884954,sim_3b9baedd9d,12,view,simulated_baseline
2026-01-31T09:09:33.884954,sim_3b9baedd9d,10,view,simulated_baseline
2026-01-31T09:11:33.884954,sim_3b9baedd9d,6,view,simulated_baseline
2026-01-31T09:15:44.884954,sim_3b9baedd9d,6,add_to_cart,simulated_baseline
2026-01-26T12:03:47.884971,sim_eb35158c15,13,add_to_cart,simulated_baseline
2026-01-26T12:04:53.884971,sim_eb35158c15,13,view,simulated_baseline
2026-01-26T12:07:20.884971,sim_eb35158c15,13,wishlist,simulated_baseline
2026-01-26T12:08:01.884971,sim_eb35158c15,14,view,simulated_baseline
2026-01-26T12:10:39.884971,sim_eb35158c15,7,add_to_cart,simulated_baseline
2026-01-26T12:12:53.884971,sim_eb35158c15,7,view,simulated_baseline
2026-01-26T12:13:52.884971,sim_eb35158c15,13,view,simulated_baseline
2026-01-26T12:17:33.884971,sim_eb35158c15,13,wishlist,simulated_baseline
2026-01-26T12:20:14.884971,sim_eb35158c15,13,view,simulated_baseline
2026-01-27T22:04:21.885003,sim_d052d9ea7a,10,view,simulated_baseline
2026-01-27T22:06:50.885003,sim_d052d9ea7a,11,view,simulated_baseline
2026-01-27T22:08:13.885003,sim_d052d9ea7a,12,view,simulated_baseline
2026-01-27T22:08:38.885003,sim_d052d9ea7a,12,wishlist,simulated_baseline
2026-02-05T05:06:57.885020,sim_a12d9cd6b5,7,view,simulated_baseline
2026-02-05T05:10:25.885020,sim_a12d9cd6b5,14,view,simulated_baseline
2026-02-05T05:10:46.885020,sim_a12d9cd6b5,7,wishlist,simulated_baseline
2026-02-05T05:14:04.885020,sim_a12d9cd6b5,13,view,simulated_baseline
2026-02-05T05:17:22.885020,sim_a12d9cd6b5,13,view,simulated_baseline
2026-01-25T06:06:55.885040,sim_a248898d7c,6,view,simulated_baseline
2026-01-25T06:08:01.885040,sim_a248898d7c,11,view,simulated_baseline
2026-01-25T06:10:01.885040,sim_a248898d7c,6,wishlist,simulated_baseline
2026-01-25T06:11:32.885040,sim_a248898d7c,6,add_to_cart,simulated_baseline
2026-01-25T06:13:11.885040,sim_a248898d7c,10,view,simulated_baseline
2026-01-25T06:13:29.885040,sim_a248898d7c,11,wishlist,simulated_baseline
2026-01-31T08:05:39.885063,sim_e78e71159e,13,add_to_cart,simulated_baseline
2026-01-31T08:06:51.885063,sim_e78e71159e,13,wishlist,simulated_baseline
2026-01-31T08:09:57.885063,sim_e78e71159e,7,view,simulated_baseline
2026-01-31T08:14:24.885063,sim_e78e71159e,7,add_to_cart,simulated_baseline
2026-01-31T08:17:41.885063,sim_e78e71159e,9,wishlist,simulated_baseline
2026-01-31T08:17:54.885063,sim_e78e71159e,14,view,simulated_baseline
2026-01-31T08:18:20.885063,sim_e78e71159e,13,view,simulated_baseline
2026-02-13T15:05:48.885096,sim_8efad74de1,7,view,simulated_baseline
2026-02-13T15:08:59.885096,sim_8efad74de1,7,wishlist,simulated_baseline
2026-02-13T15:10:21.885096,sim_8efad74de1,11,view,simulated_baseline
2026-02-13T15:12:51.885096,sim_8efad74de1,7,wishlist,simulated_baseline
2026-02-13T15:16:05.885096,sim_8efad74de1,7,wishlist,simulated_baseline
2026-02-13T15:17:28.885096,sim_8efad74de1,7,view,simulated_baseline
2026-02-13T15:17:55.885096,sim_8efad74de1,14,view,simulated_baseline
2026-02-13T15:21:18.885096,sim_8efad74de1,7,add_to_cart,simulated_baseline
2026-02-13T15:24:43.885096,sim_8efad74de1,14,view,simulated_baseline
2026-02-13T15:27:22.885096,sim_8efad74de1,7,wishlist,simulated_baseline
2026-02-06T05:05:35.885132,sim_929280a21e,8,view,simulated_baseline
2026-02-06T05:08:33.885132,sim_929280a21e,11,view,simulated_baseline
2026-02-06T05:09:58.885132,sim_929280a21e,10,view,simulated_baseline
2026-02-06T05:14:26.885132,sim_929280a21e,10,view,simulated_baseline
2026-02-06T05:16:43.885132,sim_929280a21e,11,add_to_cart,simulated_baseline
2026-02-06T05:21:05.885132,sim_929280a21e,10,view,simulated_baseline
2026-02-06T05:23:25.885132,sim_929280a21e,6,wishlist,simulated_baseline
2026-02-06T05:27:59.885132,sim_929280a21e,12,view,simulated_baseline
2026-02-06T05:28:55.885132,sim_929280a21e,6,view,simulated_baseline
2026-02-11T03:06:35.885165,sim_455f40a26e,7,wishlist,simulated_baseline
2026-02-11T03:07:16.885165,sim_455f40a26e,13,view,simulated_baseline
2026-02-11T03:10:02.885165,sim_455f40a26e,7,view,simulated_baseline
2026-02-11T03:14:51.885165,sim_455f40a26e,13,view,simulated_baseline
2026-02-11T03:19:40.885165,sim_455f40a26e,14,wishlist,simulated_baseline
2026-02-06T00:06:14.885184,sim_5a02944209,12,view,simulated_baseline
2026-02-06T00:10:53.885184,sim_5a02944209,9,view,simulated_baseline
2026-02-06T00:15:18.885184,sim_5a02944209,5,view,simulated_baseline
2026-02-06T00:17:50.885184,sim_5a02944209,12,wishlist,simulated_baseline
2026-02-06T00:20:35.885184,sim_5a02944209,10,view,simulated_baseline
2026-02-06T00:25:21.885184,sim_5a02944209,6,view,simulated_baseline
2026-02-06T00:27:40.885184,sim_5a02944209,11,view,simulated_baseline
2026-02-06T00:30:18.885184,sim_5a02944209,6,wishlist,simulated_baseline
2026-01-30T16:03:59.885213,sim_7314591734,7,view,simulated_baseline
2026-01-30T16:08:14.885213,sim_7314591734,7,wishlist,simulated_baseline
2026-01-30T16:13:06.885213,sim_7314591734,12,view,simulated_baseline
2026-01-30T16:13:32.885213,sim_7314591734,12,wishlist,simulated_baseline
2026-01-30T16:17:27.885213,sim_7314591734,14,view,simulated_baseline
2026-01-30T16:20:53.885213,sim_7314591734,13,view,simulated_baseline
2026-01-30T16:22:54.885213,sim_7314591734,14,view,simulated_baseline
2026-01-30T16:23:36.885213,sim_7314591734,14,view,simulated_baseline
2026-01-30T16:24:11.885213,sim_7314591734,13,view,simulated_baseline
2026-01-30T16:24:48.885213,sim_7314591734,7,wishlist,simulated_baseline
2026-02-24T01:03:42.885248,sim_40de5d40a5,7,view,simulated_baseline
2026-02-24T01:06:24.885248,sim_40de5d40a5,13,wishlist,simulated_baseline
2026-02-24T01:08:33.885248,sim_40de5d40a5,8,view,simulated_baseline
2026-02-24T01:09:57.885248,sim_40de5d40a5,13,view,simulated_baseline
2026-02-24T01:12:53.885248,sim_40de5d40a5,13,view,simulated_baseline
2026-02-24T01:14:05.885248,sim_40de5d40a5,13,wishlist,simulated_baseline
2026-02-24T01:18:10.885248,sim_40de5d40a5,7,wishlist,simulated_baseline
2026-02-24T01:19:14.885248,sim_40de5d40a5,7,view,simulated_baseline
2026-02-24T01:21:20.885248,sim_40de5d40a5,7,view,simulated_baseline
2026-02-04T04:04:58.885280,sim_ee621f7f15,13,wishlist,simulated_baseline
2026-02-04T04:08:35.885280,sim_ee621f7f15,14,view,simulated_baseline
2026-02-04T04:12:20.885280,sim_ee621f7f15,14,view,simulated_baseline
2026-02-04T04:13:50.885280,sim_ee621f7f15,14,view,simulated_baseline
2026-02-04T04:15:58.885280,sim_ee621f7f15,13,view,simulated_baseline
2026-02-04T04:17:07.885280,sim_ee621f7f15,7,view,simulated_baseline
2026-02-04T04:21:48.885280,sim_ee621f7f15,7,view,simulated_baseline
2026-02-14T11:06:01.885305,sim_3eb4329100,8,wishlist,simulated_baseline
2026-02-14T11:10:08.885305,sim_3eb4329100,9,view,simulated_baseline
2026-02-14T11:10:46.885305,sim_3eb4329100,8,view,simulated_baseline
2026-02-14T11:15:17.885305,sim_3eb4329100,5,wishlist,simulated_baseline
2026-02-14T11:17:46.885305,sim_3eb4329100,5,wishlist,simulated_baseline
2026-02-15T17:05:26.885325,sim_233a7bbee7,14,view,simulated_baseline
2026-02-15T17:06:14.885325,sim_233a7bbee7,13,wishlist,simulated_baseline
2026-02-15T17:08:44.885325,sim_233a7bbee7,9,wishlist,simulated_baseline
2026-02-15T17:11:05.885325,sim_233a7bbee7,13,view,simulated_baseline
2026-02-15T17:11:53.885325,sim_233a7bbee7,7,add_to_cart,simulated_baseline
2026-02-15T17:13:21.885325,sim_233a7bbee7,13,view,simulated_baseline
2026-02-15T17:14:07.885325,sim_233a7bbee7,14,view,simulated_baseline
2026-01-28T10:06:42.885352,sim_11ef2b3a0a,13,view,simulated_baseline
2026-01-28T10:11:07.885352,sim_11ef2b3a0a,14,wishlist,simulated_baseline
2026-01-28T10:12:16.885352,sim_11ef2b3a0a,14,view,simulated_baseline
2026-01-28T10:14:57.885352,sim_11ef2b3a0a,10,view,simulated_baseline
2026-01-28T10:19:16.885352,sim_11ef2b3a0a,7,view,simulated_baseline
2026-01-28T10:23:13.885352,sim_11ef2b3a0a,13,view,simulated_baseline
2026-01-28T10:25:34.885352,sim_11ef2b3a0a,8,view,simulated_baseline
2026-01-28T10:29:49.885352,sim_11ef2b3a0a,5,add_to_cart,simulated_baseline
2026-01-28T10:30:52.885352,sim_11ef2b3a0a,14,view,simulated_baseline
2026-01-28T10:34:30.885352,sim_11ef2b3a0a,13,view,simulated_baseline
2026-01-25T01:05:35.885388,sim_c8d83a56e1,9,view,simulated_baseline
2026-01-25T01:06:01.885388,sim_c8d83a56e1,12,wishlist,simulated_baseline
2026-01-25T01:07:43.885388,sim_c8d83a56e1,9,view,simulated_baseline
2026-01-25T01:10:12.885388,sim_c8d83a56e1,9,view,simulated_baseline
2026-02-12T20:05:01.885405,sim_591267a5d8,9,wishlist,simulated_baseline
2026-02-12T20:06:22.885405,sim_591267a5d8,9,view,simulated_baseline
2026-02-12T20:09:39.885405,sim_591267a5d8,8,view,simulated_baseline
2026-02-12T20:12:46.885405,sim_591267a5d8,9,view,simulated_baseline
2026-01-27T13:06:59.885422,sim_7934e8870c,8,view,simulated_baseline
2026-01-27T13:11:18.885422,sim_7934e8870c,5,view,simulated_baseline
2026-01-27T13:13:15.885422,sim_7934e8870c,8,view,simulated_baseline
2026-01-27T13:17:13.885422,sim_7934e8870c,13,view,simulated_baseline
2026-01-27T13:17:31.885422,sim_7934e8870c,9,wishlist,simulated_baseline
2026-01-27T13:18:41.885422,sim_7934e8870c,8,view,simulated_baseline
2026-01-27T13:19:20.885422,sim_7934e8870c,8,view,simulated_baseline
2026-01-27T13:22:01.885422,sim_7934e8870c,9,view,simulated_baseline
2026-01-27T13:26:16.885422,sim_7934e8870c,8,view,simulated_baseline
2026-01-27T13:28:55.885422,sim_7934e8870c,8,view,simulated_baseline
2026-02-10T03:05:42.885456,sim_407e39992f,8,view,simulated_baseline
2026-02-10T03:09:13.885456,sim_407e39992f,5,wishlist,simulated_baseline
2026-02-10T03:12:19.885456,sim_407e39992f,8,view,simulated_baseline
2026-02-10T03:15:10.885456,sim_407e39992f,8,wishlist,simulated_baseline
2026-02-11T14:03:57.885473,sim_f53a12395b,12,view,simulated_baseline
2026-02-11T14:05:12.885473,sim_f53a12395b,13,view,simulated_baseline
2026-02-11T14:09:28.885473,sim_f53a12395b,12,view,simulated_baseline
2026-02-11T14:13:38.885473,sim_f53a12395b,9,view,simulated_baseline
2026-02-11T14:18:05.885473,sim_f53a12395b,12,wishlist,simulated_baseline
2026-02-11T14:20:50.885473,sim_f53a12395b,6,add_to_cart,simulated_baseline
2026-02-11T14:25:49.885473,sim_f53a12395b,11,view,simulated_baseline
2026-02-11T14:26:47.885473,sim_f53a12395b,10,view,simulated_baseline
2026-02-11T14:29:11.885473,sim_f53a12395b,9,view,simulated_baseline
2026-02-09T03:04:14.885505,sim_be27b85f1e,7,view,simulated_baseline
2026-02-09T03:06:45.885505,sim_be27b85f1e,9,view,simulated_baseline
2026-02-09T03:10:37.885505,sim_be27b85f1e,13,view,simulated_baseline
2026-02-09T03:13:08.885505,sim_be27b85f1e,7,wishlist,simulated_baseline
2026-02-09T03:15:10.885505,sim_be27b85f1e,13,view,simulated_baseline
2026-02-09T03:17:39.885505,sim_be27b85f1e,14,view,simulated_baseline
2026-01-28T04:06:29.885530,sim_0b32852fa6,8,view,simulated_baseline
2026-01-28T04:10:18.885530,sim_0b32852fa6,5,view,simulated_baseline
2026-01-28T04:15:02.885530,sim_0b32852fa6,9,view,simulated_baseline
2026-01-28T04:17:34.885530,sim_0b32852fa6,10,view,simulated_baseline
2026-01-28T04:20:42.885530,sim_0b32852fa6,5,view,simulated_baseline
2026-01-28T04:24:10.885530,sim_0b32852fa6,8,add_to_cart,simulated_baseline
2026-01-28T04:27:17.885530,sim_0b32852fa6,11,view,simulated_baseline
2026-01-28T04:31:27.885530,sim_0b32852fa6,8,wishlist,simulated_baseline
2026-01-28T04:32:19.885530,sim_0b32852fa6,8,view,simulated_baseline
2026-01-28T04:32:34.885530,sim_0b32852fa6,5,view,simulated_baseline
2026-02-14T14:06:30.885565,sim_5064397310,5,view,simulated_baseline
2026-02-14T14:08:54.885565,sim_5064397310,5,view,simulated_baseline
2026-02-14T14:12:14.885565,sim_5064397310,8,view,simulated_baseline
2026-02-14T14:13:11.885565,sim_5064397310,5,view,simulated_baseline
2026-02-14T14:14:36.885565,sim_5064397310,7,view,simulated_baseline
2026-02-14T14:18:29.885565,sim_5064397310,14,view,simulated_baseline
2026-02-14T14:22:58.885565,sim_5064397310,5,view,simulated_baseline
2026-02-18T15:04:38.885590,sim_c32974b4f1,8,add_to_cart,simulated_baseline
2026-02-18T15:06:45.885590,sim_c32974b4f1,10,wishlist,simulated_baseline
2026-02-18T15:10:20.885590,sim_c32974b4f1,5,view,simulated_baseline
2026-02-18T15:11:28.885590,sim_c32974b4f1,8,view,simulated_baseline
2026-02-18T15:11:52.885590,sim_c32974b4f1,5,view,simulated_baseline
2026-02-18T15:14:13.885590,sim_c32974b4f1,5,view,simulated_baseline
2026-02-18T15:18:30.885590,sim_c32974b4f1,9,view,simulated_baseline
2026-02-18T15:21:44.885590,sim_c32974b4f1,5,view,simulated_baseline
2026-02-18T15:24:53.885590,sim_c32974b4f1,5,wishlist,simulated_baseline
2026-02-18T15:25:33.885590,sim_c32974b4f1,9,view,simulated_baseline
2026-02-02T11:05:21.885624,sim_b306edf848,9,view,simulated_baseline
2026-02-02T11:05:52.885624,sim_b306edf848,9,view,simulated_baseline
2026-02-02T11:07:29.885624,sim_b306edf848,8,view,simulated_baseline
2026-02-02T11:11:17.885624,sim_b306edf848,9,add_to_cart,simulated_baseline
2026-02-02T11:12:18.885624,sim_b306edf848,9,wishlist,simulated_baseline
2026-01-28T13:05:37.885645,sim_fad154c5ce,14,view,simulated_baseline
2026-01-28T13:07:25.885645,sim_fad154c5ce,14,view,simulated_baseline
2026-01-28T13:09:46.885645,sim_fad154c5ce,14,view,simulated_baseline
2026-01-28T13:14:00.885645,sim_fad154c5ce,7,view,simulated_baseline
2026-01-28T13:17:01.885645,sim_fad154c5ce,13,view,simulated_baseline
2026-01-28T13:17:21.885645,sim_fad154c5ce,5,add_to_cart,simulated_baseline
2026-02-11T04:05:52.885667,sim_d5d01482aa,14,view,simulated_baseline
2026-02-11T04:07:05.885667,sim_d5d01482aa,7,view,simulated_baseline
2026-02-11T04:07:44.885667,sim_d5d01482aa,13,view,simulated_baseline
2026-02-11T04:10:29.885667,sim_d5d01482aa,13,wishlist,simulated_baseline
2026-02-11T04:12:49.885667,sim_d5d01482aa,13,view,simulated_baseline
2026-01-27T14:04:03.885687,sim_eaeb6cfa4f,10,view,simulated_baseline
2026-01-27T14:07:01.885687,sim_eaeb6cfa4f,10,wishlist,simulated_baseline
2026-01-27T14:10:17.885687,sim_eaeb6cfa4f,10,view,simulated_baseline
2026-01-27T14:14:16.885687,sim_eaeb6cfa4f,6,view,simulated_baseline
2026-01-27T14:19:08.885687,sim_eaeb6cfa4f,12,view,simulated_baseline
2026-01-27T14:23:03.885687,sim_eaeb6cfa4f,6,wishlist,simulated_baseline
2026-02-19T16:07:42.885709,sim_943677823e,8,view,simulated_baseline
2026-02-19T16:10:14.885709,sim_943677823e,9,view,simulated_baseline
2026-02-19T16:10:30.885709,sim_943677823e,5,view,simulated_baseline
2026-02-19T16:15:29.885709,sim_943677823e,10,view,simulated_baseline
2026-02-19T16:18:44.885709,sim_943677823e,7,view,simulated_baseline
2026-02-19T16:21:24.885709,sim_943677823e,6,view,simulated_baseline
2026-02-19T16:24:49.885709,sim_943677823e,13,view,simulated_baseline
2026-02-19T16:26:34.885709,sim_943677823e,14,wishlist,simulated_baseline
2026-02-19T16:27:35.885709,sim_943677823e,9,view,simulated_baseline
2026-02-19T16:29:09.885709,sim_943677823e,5,view,simulated_baseline
2026-02-01T21:05:31.885743,sim_63b3c9dd82,11,wishlist,simulated_baseline
2026-02-01T21:07:56.885743,sim_63b3c9dd82,11,view,simulated_baseline
2026-02-01T21:10:22.885743,sim_63b3c9dd82,11,wishlist,simulated_baseline
2026-02-01T21:12:01.885743,sim_63b3c9dd82,14,view,simulated_baseline
2026-02-01T21:13:07.885743,sim_63b3c9dd82,10,view,simulated_baseline
2026-02-01T21:14:52.885743,sim_63b3c9dd82,11,view,simulated_baseline
2026-02-01T21:19:23.885743,sim_63b3c9dd82,6,view,simulated_baseline
2026-02-01T21:21:21.885743,sim_63b3c9dd82,6,wishlist,simulated_baseline
2026-02-12T02:06:37.885772,sim_d579e357bf,14,view,simulated_baseline
2026-02-12T02:07:36.885772,sim_d579e357bf,10,add_to_cart,simulated_baseline
2026-02-12T02:11:47.885772,sim_d579e357bf,12,view,simulated_baseline
2026-02-12T02:12:57.885772,sim_d579e357bf,10,view,simulated_baseline
2026-02-12T02:13:13.885772,sim_d579e357bf,12,wishlist,simulated_baseline
2026-02-12T02:13:40.885772,sim_d579e357bf,8,view,simulated_baseline
2026-02-12T02:18:28.885772,sim_d579e357bf,6,view,simulated_baseline
2026-02-12T02:23:18.885772,sim_d579e357bf,8,view,simulated_baseline
2026-02-14T20:06:21.885801,sim_e21fb4fc46,6,wishlist,simulated_baseline
2026-02-14T20:06:54.885801,sim_e21fb4fc46,6,view,simulated_baseline
2026-02-14T20:09:52.885801,sim_e21fb4fc46,10,view,simulated_baseline
2026-02-19T02:04:07.885815,sim_c7557e48dd,8,view,simulated_baseline
2026-02-19T02:07:28.885815,sim_c7557e48dd,9,view,simulated_baseline
2026-02-19T02:09:50.885815,sim_c7557e48dd,6,view,simulated_baseline
2026-02-19T02:11:33.885815,sim_c7557e48dd,8,view,simulated_baseline
2026-02-19T02:12:57.885815,sim_c7557e48dd,9,view,simulated_baseline
2026-02-19T02:15:04.885815,sim_c7557e48dd,5,view,simulated_baseline
2026-02-19T02:15:29.885815,sim_c7557e48dd,11,view,simulated_baseline
2026-02-19T02:16:25.885815,sim_c7557e48dd,9,wishlist,simulated_baseline
2026-02-19T02:16:40.885815,sim_c7557e48dd,9,view,simulated_baseline
2026-02-19T02:20:03.885815,sim_c7557e48dd,5,view,simulated_baseline
2026-02-20T02:08:12.885849,sim_d1549b3b40,7,view,simulated_baseline
2026-02-20T02:10:03.885849,sim_d1549b3b40,13,view,simulated_baseline
2026-02-20T02:11:21.885849,sim_d1549b3b40,13,view,simulated_baseline
2026-02-20T02:14:19.885849,sim_d1549b3b40,14,view,simulated_baseline
2026-02-01T10:03:54.885866,sim_4b7cc32318,10,wishlist,simulated_baseline
2026-02-01T10:06:57.885866,sim_4b7cc32318,6,view,simulated_baseline
2026-02-01T10:10:01.885866,sim_4b7cc32318,9,add_to_cart,simulated_baseline
2026-02-01T10:12:46.885866,sim_4b7cc32318,12,view,simulated_baseline
2026-02-01T10:14:55.885866,sim_4b7cc32318,6,wishlist,simulated_baseline
2026-02-01T10:15:12.885866,sim_4b7cc32318,12,wishlist,simulated_baseline
2026-02-18T02:07:32.885889,sim_183e74100b,14,view,simulated_baseline
2026-02-18T02:10:41.885889,sim_183e74100b,13,view,simulated_baseline
2026-02-18T02:10:51.885889,sim_183e74100b,5,view,simulated_baseline
2026-02-18T02:11:48.885889,sim_183e74100b,13,view,simulated_baseline
2026-02-05T14:07:32.885906,sim_ee996f33c5,14,view,simulated_baseline
2026-02-05T14:09:47.885906,sim_ee996f33c5,13,view,simulated_baseline
2026-02-05T14:13:21.885906,sim_ee996f33c5,14,add_to_cart,simulated_baseline
2026-02-06T16:07:32.885920,sim_1b4842b32b,5,view,simulated_baseline
2026-02-06T16:10:05.885920,sim_1b4842b32b,12,view,simulated_baseline
2026-02-06T16:14:42.885920,sim_1b4842b32b,5,view,simulated_baseline
2026-02-06T16:17:32.885920,sim_1b4842b32b,8,view,simulated_baseline
2026-02-06T16:22:09.885920,sim_1b4842b32b,8,wishlist,simulated_baseline
2026-02-06T16:24:53.885920,sim_1b4842b32b,8,view,simulated_baseline
2026-02-15T22:06:29.885943,sim_022792235b,9,wishlist,simulated_baseline
2026-02-15T22:07:23.885943,sim_022792235b,5,view,simulated_baseline
2026-02-15T22:11:11.885943,sim_022792235b,5,view,simulated_baseline
2026-02-23T23:06:13.885959,sim_ecd7af74ef,7,view,simulated_baseline
2026-02-23T23:07:25.885959,sim_ecd7af74ef,7,view,simulated_baseline
2026-02-23T23:10:53.885959,sim_ecd7af74ef,14,view,simulated_baseline
2026-02-23T23:14:14.885959,sim_ecd7af74ef,7,view,simulated_baseline
2026-02-23T23:15:49.885959,sim_ecd7af74ef,7,view,simulated_baseline
2026-02-23T23:19:45.885959,sim_ecd7af74ef,14,view,simulated_baseline
2026-02-10T12:04:00.885981,sim_f1060c2049,9,view,simulated_baseline
2026-02-10T12:04:26.885981,sim_f1060c2049,5,wishlist,simulated_baseline
2026-02-10T12:08:05.885981,sim_f1060c2049,9,view,simulated_baseline
2026-02-10T12:09:05.885981,sim_f1060c2049,11,add_to_cart,simulated_baseline
2026-02-10T12:11:50.885981,sim_f1060c2049,8,wishlist,simulated_baseline
2026-02-10T12:12:59.885981,sim_f1060c2049,9,wishlist,simulated_baseline
2026-02-10T12:13:42.885981,sim_f1060c2049,5,wishlist,simulated_baseline
2026-02-20T19:07:07.886013,sim_145add9976,10,view,simulated_baseline
2026-02-20T19:08:05.886013,sim_145add9976,13,view,simulated_baseline
2026-02-20T19:08:15.886013,sim_145add9976,6,view,simulated_baseline
2026-02-10T19:05:59.886027,sim_379180b170,11,view,simulated_baseline
2026-02-10T19:07:37.886027,sim_379180b170,11,view,simulated_baseline
2026-02-10T19:08:35.886027,sim_379180b170,10,view,simulated_baseline
2026-02-10T19:11:14.886027,sim_379180b170,6,view,simulated_baseline
2026-02-10T19:15:10.886027,sim_379180b170,6,view,simulated_baseline
2026-02-10T19:19:51.886027,sim_379180b170,6,view,simulated_baseline
2026-02-10T19:20:52.886027,sim_379180b170,11,view,simulated_baseline
2026-02-10T19:23:44.886027,sim_379180b170,6,view,simulated_baseline
2026-02-21T15:05:10.886056,sim_979bf9720f,9,view,simulated_baseline
2026-02-21T15:08:36.886056,sim_979bf9720f,9,view,simulated_baseline
2026-02-21T15:13:11.886056,sim_979bf9720f,8,view,simulated_baseline
2026-02-21T15:14:28.886056,sim_979bf9720f,5,view,simulated_baseline
2026-02-21T15:17:00.886056,sim_979bf9720f,5,view,simulated_baseline
2026-02-21T15:21:59.886056,sim_979bf9720f,8,view,simulated_baseline
2026-02-21T15:24:34.886056,sim_979bf9720f,8,wishlist,simulated_baseline
2026-01-26T14:05:05.886081,sim_0feb5b9fd7,10,view,simulated_baseline
2026-01-26T14:07:26.886081,sim_0feb5b9fd7,6,view,simulated_baseline
2026-01-26T14:08:42.886081,sim_0feb5b9fd7,12,view,simulated_baseline
2026-01-26T14:10:55.886081,sim_0feb5b9fd7,12,view,simulated_baseline
2026-02-12T17:05:42.886097,sim_096c44b24c,8,wishlist,simulated_baseline
2026-02-12T17:07:51.886097,sim_096c44b24c,8,wishlist,simulated_baseline
2026-02-12T17:11:27.886097,sim_096c44b24c,13,view,simulated_baseline
2026-02-12T17:12:46.886097,sim_096c44b24c,8,view,simulated_baseline
2026-02-12T17:15:10.886097,sim_096c44b24c,7,wishlist,simulated_baseline
2026-02-12T17:16:29.886097,sim_096c44b24c,9,view,simulated_baseline
2026-02-12T17:20:15.886097,sim_096c44b24c,10,view,simulated_baseline
2026-02-12T17:23:19.886097,sim_096c44b24c,14,view,simulated_baseline
2026-02-04T13:08:03.886126,sim_8649334d52,7,view,simulated_baseline
2026-02-04T13:08:57.886126,sim_8649334d52,7,wishlist,simulated_baseline
2026-02-04T13:13:08.886126,sim_8649334d52,13,view,simulated_baseline
2026-02-04T13:13:19.886126,sim_8649334d52,8,view,simulated_baseline
2026-02-04T13:14:57.886126,sim_8649334d52,12,view,simulated_baseline
2026-02-16T23:04:51.886146,sim_3f09f2e7b8,6,view,simulated_baseline
2026-02-16T23:08:18.886146,sim_3f09f2e7b8,5,view,simulated_baseline
2026-02-16T23:10:22.886146,sim_3f09f2e7b8,9,view,simulated_baseline
2026-02-16T23:12:27.886146,sim_3f09f2e7b8,10,view,simulated_baseline
2026-02-16T23:15:18.886146,sim_3f09f2e7b8,8,view,simulated_baseline
2026-02-16T23:15:29.886146,sim_3f09f2e7b8,5,view,simulated_baseline
2026-02-16T23:19:03.886146,sim_3f09f2e7b8,8,view,simulated_baseline
2026-02-16T23:19:33.886146,sim_3f09f2e7b8,7,view,simulated_baseline
2026-02-16T23:21:39.886146,sim_3f09f2e7b8,10,view,simulated_baseline
2026-02-16T23:25:24.886146,sim_3f09f2e7b8,5,view,simulated_baseline
2026-02-24T05:04:27.886180,sim_e9bf2757ca,7,view,simulated_baseline
2026-02-24T05:07:02.886180,sim_e9bf2757ca,13,view,simulated_baseline
2026-02-24T05:07:35.886180,sim_e9bf2757ca,14,view,simulated_baseline
2026-02-24T05:09:14.886180,sim_e9bf2757ca,7,view,simulated_baseline
2026-02-24T05:14:02.886180,sim_e9bf2757ca,7,view,simulated_baseline
2026-02-24T05:18:25.886180,sim_e9bf2757ca,9,view,simulated_baseline
2026-02-24T05:20:59.886180,sim_e9bf2757ca,8,view,simulated_baseline
2026-02-24T05:25:12.886180,sim_e9bf2757ca,14,view,simulated_baseline
2026-02-09T12:04:14.886210,sim_b2a0e0f67c,13,add_to_cart,simulated_baseline
2026-02-09T12:07:22.886210,sim_b2a0e0f67c,8,view,simulated_baseline
2026-02-09T12:11:49.886210,sim_b2a0e0f67c,10,add_to_cart,simulated_baseline
2026-02-09T12:15:53.886210,sim_b2a0e0f67c,10,view,simulated_baseline
2026-02-09T12:20:16.886210,sim_b2a0e0f67c,12,wishlist,simulated_baseline
2026-02-09T12:24:26.886210,sim_b2a0e0f67c,6,view,simulated_baseline
2026-02-09T12:28:16.886210,sim_b2a0e0f67c,11,view,simulated_baseline
2026-02-22T13:06:56.886236,sim_3d9bc33eaa,13,view,simulated_baseline
2026-02-22T13:10:32.886236,sim_3d9bc33eaa,13,view,simulated_baseline
2026-02-22T13:10:51.886236,sim_3d9bc33eaa,13,view,simulated_baseline
2026-02-22T13:11:33.886236,sim_3d9bc33eaa,14,view,simulated_baseline
2026-02-08T03:04:54.886252,sim_1deb86b158,10,add_to_cart,simulated_baseline
2026-02-08T03:07:56.886252,sim_1deb86b158,11,add_to_cart,simulated_baseline
2026-02-08T03:12:19.886252,sim_1deb86b158,6,wishlist,simulated_baseline
2026-02-08T03:15:04.886252,sim_1deb86b158,13,view,simulated_baseline
2026-02-08T03:15:38.886252,sim_1deb86b158,12,view,simulated_baseline
2026-02-08T03:19:10.886252,sim_1deb86b158,11,add_to_cart,simulated_baseline
2026-02-08T03:21:43.886252,sim_1deb86b158,8,add_to_cart,simulated_baseline
2026-02-08T03:23:14.886252,sim_1deb86b158,11,add_to_cart,simulated_baseline
2026-02-08T03:26:27.886252,sim_1deb86b158,10,add_to_cart,simulated_baseline
2026-02-08T03:30:36.886252,sim_1deb86b158,12,view,simulated_baseline
2026-02-19T07:03:26.886288,sim_372edf5cec,13,wishlist,simulated_baseline
2026-02-19T07:07:52.886288,sim_372edf5cec,5,view,simulated_baseline
2026-02-19T07:09:31.886288,sim_372edf5cec,9,view,simulated_baseline
2026-02-19T07:10:56.886288,sim_372edf5cec,5,view,simulated_baseline
2026-02-03T08:07:52.886304,sim_f47a2cbe0e,8,wishlist,simulated_baseline
2026-02-03T08:09:22.886304,sim_f47a2cbe0e,9,view,simulated_baseline
2026-02-03T08:14:06.886304,sim_f47a2cbe0e,7,view,simulated_baseline
2026-02-03T08:16:47.886304,sim_f47a2cbe0e,11,view,simulated_baseline
2026-02-03T08:18:37.886304,sim_f47a2cbe0e,8,view,simulated_baseline
2026-02-03T08:20:00.886304,sim_f47a2cbe0e,5,view,simulated_baseline
2026-02-03T08:24:40.886304,sim_f47a2cbe0e,5,view,simulated_baseline
2026-02-03T08:29:00.886304,sim_f47a2cbe0e,8,view,simulated_baseline
2026-02-03T08:32:12.886304,sim_f47a2cbe0e,9,wishlist,simulated_baseline
2026-02-03T08:36:55.886304,sim_f47a2cbe0e,9,wishlist,simulated_baseline
2026-02-18T20:07:26.886342,sim_eaa132eb8b,13,view,simulated_baseline
2026-02-18T20:11:29.886342,sim_eaa132eb8b,12,view,simulated_baseline
2026-02-18T20:14:46.886342,sim_eaa132eb8b,13,view,simulated_baseline
2026-02-18T20:18:07.886342,sim_eaa132eb8b,13,view,simulated_baseline
2026-02-18T20:19:08.886342,sim_eaa132eb8b,7,view,simulated_baseline
2026-01-27T08:05:26.886363,sim_74d312bc46,5,view,simulated_baseline
2026-01-27T08:10:06.886363,sim_74d312bc46,12,view,simulated_baseline
2026-01-27T08:13:57.886363,sim_74d312bc46,10,view,simulated_baseline
2026-01-27T08:18:16.886363,sim_74d312bc46,9,wishlist,simulated_baseline
2026-02-07T04:03:27.886380,sim_d68adbac96,7,wishlist,simulated_baseline
2026-02-07T04:05:14.886380,sim_d68adbac96,13,view,simulated_baseline
2026-02-07T04:06:54.886380,sim_d68adbac96,13,view,simulated_baseline
2026-02-07T04:07:51.886380,sim_d68adbac96,11,view,simulated_baseline
2026-02-07T04:10:57.886380,sim_d68adbac96,14,add_to_cart,simulated_baseline
2026-02-07T04:11:11.886380,sim_d68adbac96,13,view,simulated_baseline
2026-02-07T04:12:05.886380,sim_d68adbac96,7,view,simulated_baseline
2026-02-07T04:15:34.886380,sim_d68adbac96,7,wishlist,simulated_baseline
2026-02-07T04:17:21.886380,sim_d68adbac96,14,wishlist,simulated_baseline
2026-02-07T04:21:23.886380,sim_d68adbac96,14,view,simulated_baseline
2026-02-15T02:08:02.886420,sim_90c51b7d1b,5,view,simulated_baseline
2026-02-15T02:09:35.886420,sim_90c51b7d1b,6,view,simulated_baseline
2026-02-15T02:10:50.886420,sim_90c51b7d1b,12,view,simulated_baseline
2026-02-15T02:12:16.886420,sim_90c51b7d1b,11,view,simulated_baseline
2026-02-15T02:17:14.886420,sim_90c51b7d1b,12,view,simulated_baseline
2026-02-15T02:19:39.886420,sim_90c51b7d1b,12,add_to_cart,simulated_baseline
2026-02-14T00:07:41.886443,sim_4c4dfb6ab2,6,view,simulated_baseline
2026-02-14T00:07:55.886443,sim_4c4dfb6ab2,9,view,simulated_baseline
2026-02-14T00:10:27.886443,sim_4c4dfb6ab2,6,view,simulated_baseline
2026-02-14T00:14:36.886443,sim_4c4dfb6ab2,11,view,simulated_baseline
2026-02-14T00:15:31.886443,sim_4c4dfb6ab2,12,view,simulated_baseline
2026-02-14T00:16:20.886443,sim_4c4dfb6ab2,11,wishlist,simulated_baseline
2026-02-14T00:20:48.886443,sim_4c4dfb6ab2,6,view,simulated_baseline
2026-01-26T19:07:44.886468,sim_1af834b9d4,8,wishlist,simulated_baseline
2026-01-26T19:11:51.886468,sim_1af834b9d4,8,view,simulated_baseline
2026-01-26T19:15:46.886468,sim_1af834b9d4,8,add_to_cart,simulated_baseline
2026-01-26T19:20:04.886468,sim_1af834b9d4,9,view,simulated_baseline
2026-02-08T00:05:23.886485,sim_6d2b7a26f6,13,wishlist,simulated_baseline
2026-02-08T00:05:58.886485,sim_6d2b7a26f6,13,view,simulated_baseline
2026-02-08T00:09:24.886485,sim_6d2b7a26f6,14,wishlist,simulated_baseline
2026-02-08T00:11:46.886485,sim_6d2b7a26f6,13,wishlist,simulated_baseline
2026-02-08T00:13:05.886485,sim_6d2b7a26f6,13,view,simulated_baseline
2026-02-08T00:17:54.886485,sim_6d2b7a26f6,14,view,simulated_baseline
2026-02-08T00:21:42.886485,sim_6d2b7a26f6,14,view,simulated_baseline
2026-02-08T00:21:55.886485,sim_6d2b7a26f6,7,view,simulated_baseline
2026-01-29T22:04:48.886514,sim_f1d8206604,5,view,simulated_baseline
2026-01-29T22:07:17.886514,sim_f1d8206604,5,view,simulated_baseline
2026-01-29T22:11:20.886514,sim_f1d8206604,5,view,simulated_baseline
2026-01-29T22:13:51.886514,sim_f1d8206604,5,view,simulated_baseline
2026-01-29T22:17:52.886514,sim_f1d8206604,5,view,simulated_baseline
2026-01-29T22:18:24.886514,sim_f1d8206604,8,view,simulated_baseline
2026-01-29T22:18:40.886514,sim_f1d8206604,13,view,simulated_baseline
2026-01-29T22:22:05.886514,sim_f1d8206604,5,view,simulated_baseline
2026-01-29T22:23:44.886514,sim_f1d8206604,5,view,simulated_baseline
2026-01-29T22:24:52.886514,sim_f1d8206604,5,wishlist,simulated_baseline
2026-02-02T21:07:02.886547,sim_5a54643dd5,7,view,simulated_baseline
2026-02-02T21:11:26.886547,sim_5a54643dd5,7,view,simulated_baseline
2026-02-02T21:12:28.886547,sim_5a54643dd5,9,view,simulated_baseline
2026-02-02T21:15:06.886547,sim_5a54643dd5,7,add_to_cart,simulated_baseline
2026-02-02T21:17:44.886547,sim_5a54643dd5,14,view,simulated_baseline
2026-02-02T21:19:35.886547,sim_5a54643dd5,13,view,simulated_baseline
2026-02-02T21:20:03.886547,sim_5a54643dd5,7,view,simulated_baseline
2026-02-07T21:07:09.886573,sim_efb7a0b9b1,5,view,simulated_baseline
2026-02-07T21:09:17.886573,sim_efb7a0b9b1,8,view,simulated_baseline
2026-02-07T21:12:48.886573,sim_efb7a0b9b1,8,add_to_cart,simulated_baseline
2026-02-07T21:13:17.886573,sim_efb7a0b9b1,5,view,simulated_baseline
2026-02-07T21:13:27.886573,sim_efb7a0b9b1,9,view,simulated_baseline
2026-02-07T21:14:20.886573,sim_efb7a0b9b1,8,view,simulated_baseline
2026-02-18T13:06:12.886596,sim_6e1bc3242d,5,view,simulated_baseline
2026-02-18T13:09:33.886596,sim_6e1bc3242d,6,wishlist,simulated_baseline
2026-02-18T13:14:28.886596,sim_6e1bc3242d,10,view,simulated_baseline
2026-02-18T13:18:37.886596,sim_6e1bc3242d,11,view,simulated_baseline
2026-02-18T13:20:23.886596,sim_6e1bc3242d,14,view,simulated_baseline
2026-02-18T13:25:14.886596,sim_6e1bc3242d,12,view,simulated_baseline
2026-02-18T13:29:19.886596,sim_6e1bc3242d,5,view,simulated_baseline
2026-02-18T13:31:03.886596,sim_6e1bc3242d,10,wishlist,simulated_baseline
2026-01-25T06:05:10.886625,sim_ed02a946c8,12,view,simulated_baseline
2026-01-25T06:08:47.886625,sim_ed02a946c8,11,view,simulated_baseline
2026-01-25T06:10:37.886625,sim_ed02a946c8,12,view,simulated_baseline
2026-01-25T06:14:58.886625,sim_ed02a946c8,12,view,simulated_baseline
2026-01-25T06:15:29.886625,sim_ed02a946c8,10,view,simulated_baseline
2026-01-25T06:16:41.886625,sim_ed02a946c8,12,add_to_cart,simulated_baseline
2026-01-25T06:20:11.886625,sim_ed02a946c8,6,view,simulated_baseline
2026-01-25T06:22:00.886625,sim_ed02a946c8,11,view,simulated_baseline
2026-01-25T06:26:31.886625,sim_ed02a946c8,10,view,simulated_baseline
2026-01-29T17:04:36.886656,sim_f83842cb88,11,view,simulated_baseline
2026-01-29T17:07:22.886656,sim_f83842cb88,10,view,simulated_baseline
2026-01-29T17:07:38.886656,sim_f83842cb88,10,wishlist,simulated_baseline
2026-01-28T11:05:28.886670,sim_357f577ede,7,wishlist,simulated_baseline
2026-01-28T11:09:46.886670,sim_357f577ede,7,view,simulated_baseline
2026-01-28T11:13:14.886670,sim_357f577ede,7,view,simulated_baseline
2026-01-28T11:16:35.886670,sim_357f577ede,7,view,simulated_baseline
2026-01-28T11:20:50.886670,sim_357f577ede,13,add_to_cart,simulated_baseline
2026-01-28T11:21:07.886670,sim_357f577ede,14,view,simulated_baseline
2026-01-28T11:25:27.886670,sim_357f577ede,14,view,simulated_baseline
2026-01-28T11:29:18.886670,sim_357f577ede,13,view,simulated_baseline
2026-01-28T11:31:14.886670,sim_357f577ede,7,view,simulated_baseline
2026-01-25T16:07:39.886702,sim_f9b3e1b510,9,view,simulated_baseline
2026-01-25T16:09:14.886702,sim_f9b3e1b510,5,view,simulated_baseline
2026-01-25T16:10:27.886702,sim_f9b3e1b510,5,view,simulated_baseline
2026-01-25T16:12:36.886702,sim_f9b3e1b510,8,view,simulated_baseline
2026-01-25T16:16:59.886702,sim_f9b3e1b510,5,view,simulated_baseline
2026-02-10T06:05:31.886721,sim_3cbc8def0b,12,view,simulated_baseline
2026-02-10T06:08:52.886721,sim_3cbc8def0b,11,view,simulated_baseline
2026-02-10T06:12:36.886721,sim_3cbc8def0b,9,view,simulated_baseline
2026-02-10T06:14:27.886721,sim_3cbc8def0b,11,view,simulated_baseline
2026-02-10T06:17:07.886721,sim_3cbc8def0b,6,view,simulated_baseline
2026-02-22T02:07:30.886740,sim_1d01092e86,11,wishlist,simulated_baseline
2026-02-22T02:10:03.886740,sim_1d01092e86,14,add_to_cart,simulated_baseline
2026-02-22T02:12:04.886740,sim_1d01092e86,12,view,simulated_baseline
2026-02-12T23:07:58.886754,sim_9566ba4df7,10,view,simulated_baseline
2026-02-12T23:11:14.886754,sim_9566ba4df7,6,add_to_cart,simulated_baseline
2026-02-12T23:14:32.886754,sim_9566ba4df7,6,wishlist,simulated_baseline
2026-02-12T23:15:31.886754,sim_9566ba4df7,6,view,simulated_baseline
2026-02-12T23:16:56.886754,sim_9566ba4df7,10,view,simulated_baseline
2026-02-12T23:17:29.886754,sim_9566ba4df7,11,view,simulated_baseline
2026-02-12T23:19:49.886754,sim_9566ba4df7,10,view,simulated_baseline
2026-02-12T23:21:31.886754,sim_9566ba4df7,10,view,simulated_baseline
2026-02-11T12:04:55.886783,sim_3b14b34b25,14,view,simulated_baseline
2026-02-11T12:09:27.886783,sim_3b14b34b25,7,add_to_cart,simulated_baseline
2026-02-11T12:10:19.886783,sim_3b14b34b25,14,view,simulated_baseline
2026-02-11T12:11:44.886783,sim_3b14b34b25,13,view,simulated_baseline
2026-02-11T12:15:48.886783,sim_3b14b34b25,7,view,simulated_baseline
2026-02-11T12:19:52.886783,sim_3b14b34b25,6,view,simulated_baseline
2026-02-11T12:24:11.886783,sim_3b14b34b25,7,wishlist,simulated_baseline
2026-02-10T09:07:31.886809,sim_13a56050d7,6,wishlist,simulated_baseline
2026-02-10T09:10:27.886809,sim_13a56050d7,6,view,simulated_baseline
2026-02-10T09:12:54.886809,sim_13a56050d7,10,view,simulated_baseline
2026-02-18T19:05:44.886823,sim_11a1a46651,6,wishlist,simulated_baseline
2026-02-18T19:09:59.886823,sim_11a1a46651,11,view,simulated_baseline
2026-02-18T19:13:21.886823,sim_11a1a46651,9,view,simulated_baseline
2026-02-18T19:15:20.886823,sim_11a1a46651,6,view,simulated_baseline
2026-02-11T21:03:26.886842,sim_28aa10b45b,14,view,simulated_baseline
2026-02-11T21:06:00.886842,sim_28aa10b45b,7,view,simulated_baseline
2026-02-11T21:10:26.886842,sim_28aa10b45b,13,view,simulated_baseline
2026-02-11T21:11:35.886842,sim_28aa10b45b,8,view,simulated_baseline
2026-02-11T21:12:35.886842,sim_28aa10b45b,13,view,simulated_baseline
2026-02-11T21:14:51.886842,sim_28aa10b45b,14,view,simulated_baseline
2026-02-11T21:15:25.886842,sim_28aa10b45b,13,wishlist,simulated_baseline
2026-02-06T14:06:08.886868,sim_71c6027ec5,12,view,simulated_baseline
2026-02-06T14:07:00.886868,sim_71c6027ec5,7,add_to_cart,simulated_baseline
2026-02-06T14:09:23.886868,sim_71c6027ec5,10,wishlist,simulated_baseline
2026-02-10T02:07:14.886882,sim_61b1251154,13,wishlist,simulated_baseline
2026-02-10T02:10:18.886882,sim_61b1251154,7,view,simulated_baseline
2026-02-10T02:14:09.886882,sim_61b1251154,7,view,simulated_baseline
2026-02-10T02:17:17.886882,sim_61b1251154,11,view,simulated_baseline
2026-01-24T20:07:17.886899,sim_c0d0868c80,9,view,simulated_baseline
2026-01-24T20:10:11.886899,sim_c0d0868c80,5,view,simulated_baseline
2026-01-24T20:10:40.886899,sim_c0d0868c80,14,view,simulated_baseline
2026-01-24T20:15:19.886899,sim_c0d0868c80,8,view,simulated_baseline
2026-01-24T20:20:00.886899,sim_c0d0868c80,5,view,simulated_baseline
2026-01-24T20:21:46.886899,sim_c0d0868c80,8,wishlist,simulated_baseline
2026-01-24T20:25:55.886899,sim_c0d0868c80,8,view,simulated_baseline
2026-02-21T20:03:44.886925,sim_d5deefe79a,6,view,simulated_baseline
2026-02-21T20:08:06.886925,sim_d5deefe79a,12,add_to_cart,simulated_baseline
2026-02-21T20:08:48.886925,sim_d5deefe79a,10,add_to_cart,simulated_baseline
2026-02-21T20:11:51.886925,sim_d5deefe79a,6,add_to_cart,simulated_baseline
2026-02-21T20:15:14.886925,sim_d5deefe79a,6,view,simulated_baseline
2026-02-21T20:15:51.886925,sim_d5deefe79a,12,view,simulated_baseline
2026-02-21T20:20:22.886925,sim_d5deefe79a,12,wishlist,simulated_baseline
2026-02-21T20:21:18.886925,sim_d5deefe79a,12,add_to_cart,simulated_baseline
2026-02-21T20:23:32.886925,sim_d5deefe79a,6,view,simulated_baseline
2026-02-11T00:06:31.886991,sim_2c5dc6f85b,13,view,simulated_baseline
2026-02-11T00:10:05.886991,sim_2c5dc6f85b,14,add_to_cart,simulated_baseline
2026-02-11T00:11:58.886991,sim_2c5dc6f85b,7,view,simulated_baseline
2026-02-11T00:14:04.886991,sim_2c5dc6f85b,13,wishlist,simulated_baseline
2026-02-11T00:15:13.886991,sim_2c5dc6f85b,14,view,simulated_baseline
2026-02-11T00:16:21.886991,sim_2c5dc6f85b,7,wishlist,simulated_baseline
2026-02-11T00:17:37.886991,sim_2c5dc6f85b,13,add_to_cart,simulated_baseline
2026-02-11T00:21:49.886991,sim_2c5dc6f85b,7,wishlist,simulated_baseline
2026-02-11T00:26:27.886991,sim_2c5dc6f85b,14,view,simulated_baseline
2026-02-11T00:30:17.886991,sim_2c5dc6f85b,7,view,simulated_baseline
2026-02-02T19:06:01.887080,sim_e7d01cd491,14,view,simulated_baseline
2026-02-02T19:10:09.887080,sim_e7d01cd491,13,view,simulated_baseline
2026-02-02T19:14:08.887080,sim_e7d01cd491,12,view,simulated_baseline
2026-02-02T19:16:03.887080,sim_e7d01cd491,14,view,simulated_baseline
2026-02-02T19:17:02.887080,sim_e7d01cd491,13,view,simulated_baseline
2026-02-02T19:18:11.887080,sim_e7d01cd491,14,view,simulated_baseline
2026-02-02T19:21:38.887080,sim_e7d01cd491,7,view,simulated_baseline
2026-02-02T19:25:09.887080,sim_e7d01cd491,7,wishlist,simulated_baseline
2026-02-02T19:25:56.887080,sim_e7d01cd491,14,view,simulated_baseline
2026-02-02T19:29:46.887080,sim_e7d01cd491,13,view,simulated_baseline
2026-01-31T17:04:10.887130,sim_8dd2e6cd28,14,view,simulated_baseline
2026-01-31T17:06:29.887130,sim_8dd2e6cd28,14,view,simulated_baseline
2026-01-31T17:06:42.887130,sim_8dd2e6cd28,13,view,simulated_baseline
2026-01-31T17:09:14.887130,sim_8dd2e6cd28,7,view,simulated_baseline
2026-01-31T17:12:39.887130,sim_8dd2e6cd28,14,view,simulated_baseline
2026-01-31T17:13:56.887130,sim_8dd2e6cd28,14,view,simulated_baseline
2026-01-31T17:14:21.887130,sim_8dd2e6cd28,13,view,simulated_baseline
2026-01-31T17:18:30.887130,sim_8dd2e6cd28,7,view,simulated_baseline
2026-01-31T17:19:19.887130,sim_8dd2e6cd28,14,wishlist,simulated_baseline
2026-01-31T17:22:46.887130,sim_8dd2e6cd28,7,view,simulated_baseline
2026-02-11T03:05:35.887219,sim_6ad1346488,13,wishlist,simulated_baseline
2026-02-11T03:07:27.887219,sim_6ad1346488,7,view,simulated_baseline
2026-02-11T03:11:13.887219,sim_6ad1346488,14,view,simulated_baseline
2026-02-11T03:12:47.887219,sim_6ad1346488,5,view,simulated_baseline
2026-02-11T03:15:57.887219,sim_6ad1346488,14,view,simulated_baseline
2026-02-11T03:18:29.887219,sim_6ad1346488,7,add_to_cart,simulated_baseline
2026-02-11T03:22:18.887219,sim_6ad1346488,13,wishlist,simulated_baseline
2026-02-11T03:25:11.887219,sim_6ad1346488,13,view,simulated_baseline
2026-02-11T03:27:39.887219,sim_6ad1346488,14,view,simulated_baseline
2026-02-11T03:32:05.887219,sim_6ad1346488,7,wishlist,simulated_baseline
2026-02-21T14:03:58.887305,sim_9a74881a89,13,view,simulated_baseline
2026-02-21T14:04:58.887305,sim_9a74881a89,6,view,simulated_baseline
2026-02-21T14:06:10.887305,sim_9a74881a89,8,view,simulated_baseline
2026-02-21T14:08:20.887305,sim_9a74881a89,7,view,simulated_baseline
2026-02-21T14:10:03.887305,sim_9a74881a89,13,wishlist,simulated_baseline
2026-02-21T14:11:29.887305,sim_9a74881a89,14,add_to_cart,simulated_baseline
2026-02-21T14:12:27.887305,sim_9a74881a89,7,view,simulated_baseline
2026-02-21T14:13:36.887305,sim_9a74881a89,13,view,simulated_baseline
2026-02-21T14:15:02.887305,sim_9a74881a89,14,view,simulated_baseline
2026-02-21T14:18:18.887305,sim_9a74881a89,7,wishlist,simulated_baseline
2026-02-04T18:07:29.887387,sim_c194ccc5ec,11,view,simulated_baseline
2026-02-04T18:09:14.887387,sim_c194ccc5ec,11,view,simulated_baseline
2026-02-04T18:12:08.887387,sim_c194ccc5ec,12,view,simulated_baseline
2026-02-04T18:14:39.887387,sim_c194ccc5ec,11,view,simulated_baseline
2026-02-04T18:16:36.887387,sim_c194ccc5ec,10,view,simulated_baseline
2026-02-04T18:18:37.887387,sim_c194ccc5ec,12,wishlist,simulated_baseline
2026-02-04T18:20:18.887387,sim_c194ccc5ec,7,view,simulated_baseline
2026-02-04T18:22:34.887387,sim_c194ccc5ec,10,view,simulated_baseline
2026-02-04T18:23:32.887387,sim_c194ccc5ec,6,view,simulated_baseline
2026-02-04T18:25:44.887387,sim_c194ccc5ec,12,wishlist,simulated_baseline
2026-02-12T02:06:31.887468,sim_e7bef7af7b,5,view,simulated_baseline
2026-02-12T02:10:23.887468,sim_e7bef7af7b,5,view,simulated_baseline
2026-02-12T02:14:48.887468,sim_e7bef7af7b,8,view,simulated_baseline
2026-02-12T02:17:35.887468,sim_e7bef7af7b,8,wishlist,simulated_baseline
2026-02-12T02:21:01.887468,sim_e7bef7af7b,5,view,simulated_baseline
2026-02-12T02:25:27.887468,sim_e7bef7af7b,5,view,simulated_baseline
2026-01-31T06:08:03.887520,sim_8a621e48be,13,view,simulated_baseline
2026-01-31T06:10:58.887520,sim_8a621e48be,13,view,simulated_baseline
2026-01-31T06:12:46.887520,sim_8a621e48be,13,view,simulated_baseline
2026-01-31T06:17:11.887520,sim_8a621e48be,14,view,simulated_baseline
2026-01-31T06:20:27.887520,sim_8a621e48be,14,view,simulated_baseline
2026-01-31T06:24:31.887520,sim_8a621e48be,7,view,simulated_baseline
2026-01-31T06:27:07.887520,sim_8a621e48be,7,add_to_cart,simulated_baseline
2026-01-31T06:32:05.887520,sim_8a621e48be,7,add_to_cart,simulated_baseline
2026-01-31T06:35:34.887520,sim_8a621e48be,5,view,simulated_baseline
2026-01-31T06:39:23.887520,sim_8a621e48be,14,view,simulated_baseline
2026-02-04T00:05:01.887599,sim_f73564bd6a,8,view,simulated_baseline
2026-02-04T00:09:42.887599,sim_f73564bd6a,8,add_to_cart,simulated_baseline
2026-02-04T00:11:37.887599,sim_f73564bd6a,5,view,simulated_baseline
2026-02-04T00:13:20.887599,sim_f73564bd6a,10,view,simulated_baseline
2026-02-04T00:13:33.887599,sim_f73564bd6a,8,view,simulated_baseline
2026-02-04T00:14:35.887599,sim_f73564bd6a,8,view,simulated_baseline
2026-02-04T00:16:34.887599,sim_f73564bd6a,9,wishlist,simulated_baseline
2026-02-09T12:04:01.887662,sim_b8319e6ddc,7,view,simulated_baseline
2026-02-09T12:05:42.887662,sim_b8319e6ddc,8,view,simulated_baseline
2026-02-09T12:07:21.887662,sim_b8319e6ddc,14,wishlist,simulated_baseline
2026-02-09T12:07:50.887662,sim_b8319e6ddc,7,wishlist,simulated_baseline
2026-02-09T12:09:47.887662,sim_b8319e6ddc,13,wishlist,simulated_baseline
2026-02-09T12:11:17.887662,sim_b8319e6ddc,10,view,simulated_baseline
2026-02-09T12:15:39.887662,sim_b8319e6ddc,10,view,simulated_baseline
2026-02-09T12:18:02.887662,sim_b8319e6ddc,14,view,simulated_baseline
2026-02-09T12:20:10.887662,sim_b8319e6ddc,7,wishlist,simulated_baseline
2026-02-10T13:08:13.887946,sim_74346cfd16,10,view,simulated_baseline
2026-02-10T13:12:56.887946,sim_74346cfd16,9,wishlist,simulated_baseline
2026-02-10T13:17:19.887946,sim_74346cfd16,11,view,simulated_baseline
2026-02-10T13:18:22.887946,sim_74346cfd16,9,view,simulated_baseline
2026-02-10T13:20:22.887946,sim_74346cfd16,10,wishlist,simulated_baseline
2026-02-10T13:21:46.887946,sim_74346cfd16,12,view,simulated_baseline
2026-02-10T13:26:38.887946,sim_74346cfd16,10,view,simulated_baseline
2026-02-10T13:27:52.887946,sim_74346cfd16,10,view,simulated_baseline
2026-01-27T05:04:41.888015,sim_24f165d4d7,13,view,simulated_baseline
2026-01-27T05:09:33.888015,sim_24f165d4d7,11,view,simulated_baseline
2026-01-27T05:12:57.888015,sim_24f165d4d7,14,wishlist,simulated_baseline
2026-02-21T00:06:24.888048,sim_580646f97a,11,view,simulated_baseline
2026-02-21T00:07:50.888048,sim_580646f97a,11,view,simulated_baseline
2026-02-21T00:08:10.888048,sim_580646f97a,6,view,simulated_baseline
2026-02-21T00:08:33.888048,sim_580646f97a,6,view,simulated_baseline
2026-02-21T00:12:51.888048,sim_580646f97a,11,view,simulated_baseline
2026-02-21T00:15:16.888048,sim_580646f97a,11,view,simulated_baseline
2026-02-04T07:07:26.888100,sim_1804dfbc00,7,view,simulated_baseline
2026-02-04T07:09:44.888100,sim_1804dfbc00,5,view,simulated_baseline
2026-02-04T07:12:09.888100,sim_1804dfbc00,7,view,simulated_baseline
2026-02-04T07:16:10.888100,sim_1804dfbc00,13,view,simulated_baseline
2026-02-04T07:17:45.888100,sim_1804dfbc00,13,view,simulated_baseline
2026-02-04T07:22:10.888100,sim_1804dfbc00,13,view,simulated_baseline
2026-02-05T03:06:22.888155,sim_9983b5c1f6,11,add_to_cart,simulated_baseline
2026-02-05T03:07:02.888155,sim_9983b5c1f6,10,wishlist,simulated_baseline
2026-02-05T03:11:56.888155,sim_9983b5c1f6,6,wishlist,simulated_baseline
2026-02-05T03:12:47.888155,sim_9983b5c1f6,5,view,simulated_baseline
2026-02-05T03:13:36.888155,sim_9983b5c1f6,11,add_to_cart,simulated_baseline
2026-02-05T03:18:06.888155,sim_9983b5c1f6,9,view,simulated_baseline
2026-02-05T03:22:53.888155,sim_9983b5c1f6,10,wishlist,simulated_baseline
2026-02-05T03:26:59.888155,sim_9983b5c1f6,12,wishlist,simulated_baseline
2026-01-31T17:04:13.888222,sim_cf19776bc0,6,add_to_cart,simulated_baseline
2026-01-31T17:08:42.888222,sim_cf19776bc0,10,wishlist,simulated_baseline
2026-01-31T17:10:20.888222,sim_cf19776bc0,10,wishlist,simulated_baseline
2026-01-31T17:12:14.888222,sim_cf19776bc0,6,view,simulated_baseline
2026-01-31T17:14:26.888222,sim_cf19776bc0,10,add_to_cart,simulated_baseline
2026-02-20T19:06:18.888270,sim_da1fd54bf0,14,add_to_cart,simulated_baseline
2026-02-20T19:06:29.888270,sim_da1fd54bf0,7,wishlist,simulated_baseline
2026-02-20T19:08:32.888270,sim_da1fd54bf0,14,view,simulated_baseline
2026-02-20T19:09:01.888270,sim_da1fd54bf0,14,add_to_cart,simulated_baseline
2026-02-20T19:11:24.888270,sim_da1fd54bf0,7,add_to_cart,simulated_baseline
2026-02-20T19:11:45.888270,sim_da1fd54bf0,7,view,simulated_baseline
2026-02-20T19:13:45.888270,sim_da1fd54bf0,14,view,simulated_baseline
2026-02-20T19:16:53.888270,sim_da1fd54bf0,6,view,simulated_baseline
2026-02-20T19:17:20.888270,sim_da1fd54bf0,14,view,simulated_baseline
2026-02-20T19:19:02.888270,sim_da1fd54bf0,7,wishlist,simulated_baseline
2026-02-11T17:06:55.888349,sim_099719ce11,9,view,simulated_baseline
2026-02-11T17:07:37.888349,sim_099719ce11,5,view,simulated_baseline
2026-02-11T17:08:45.888349,sim_099719ce11,5,view,simulated_baseline
2026-02-11T17:12:10.888349,sim_099719ce11,9,view,simulated_baseline
2026-02-11T17:15:03.888349,sim_099719ce11,9,view,simulated_baseline
2026-02-11T17:15:30.888349,sim_099719ce11,10,view,simulated_baseline
2026-02-11T17:16:37.888349,sim_099719ce11,9,view,simulated_baseline
2026-02-11T17:20:23.888349,sim_099719ce11,9,wishlist,simulated_baseline
2026-01-25T14:05:47.888414,sim_3d98d9115e,11,view,simulated_baseline
2026-01-25T14:08:22.888414,sim_3d98d9115e,6,view,simulated_baseline
2026-01-25T14:11:27.888414,sim_3d98d9115e,11,view,simulated_baseline
2026-01-25T14:15:03.888414,sim_3d98d9115e,11,add_to_cart,simulated_baseline
2026-02-06T17:03:33.888455,sim_1f83254bb0,12,view,simulated_baseline
2026-02-06T17:04:21.888455,sim_1f83254bb0,6,wishlist,simulated_baseline
2026-02-06T17:08:57.888455,sim_1f83254bb0,6,view,simulated_baseline
2026-02-06T17:10:00.888455,sim_1f83254bb0,12,view,simulated_baseline
2026-02-06T17:12:44.888455,sim_1f83254bb0,10,view,simulated_baseline
2026-02-06T17:15:34.888455,sim_1f83254bb0,12,add_to_cart,simulated_baseline
2026-02-06T17:18:50.888455,sim_1f83254bb0,6,add_to_cart,simulated_baseline
2026-02-06T17:21:02.888455,sim_1f83254bb0,12,view,simulated_baseline
2026-02-06T17:24:30.888455,sim_1f83254bb0,10,view,simulated_baseline
2026-02-13T04:06:18.888530,sim_008327a415,7,view,simulated_baseline
2026-02-13T04:08:55.888530,sim_008327a415,10,view,simulated_baseline
2026-02-13T04:09:09.888530,sim_008327a415,13,view,simulated_baseline
2026-02-13T04:13:27.888530,sim_008327a415,13,wishlist,simulated_baseline
2026-02-16T16:04:41.888570,sim_e1bc249541,8,wishlist,simulated_baseline
2026-02-16T16:06:13.888570,sim_e1bc249541,5,wishlist,simulated_baseline
2026-02-16T16:08:41.888570,sim_e1bc249541,8,view,simulated_baseline
2026-02-16T16:09:59.888570,sim_e1bc249541,8,view,simulated_baseline
2026-01-24T18:05:14.888609,sim_35bdba9ba8,9,wishlist,simulated_baseline
2026-01-24T18:07:06.888609,sim_35bdba9ba8,8,view,simulated_baseline
2026-01-24T18:09:08.888609,sim_35bdba9ba8,8,add_to_cart,simulated_baseline
2026-01-24T18:09:57.888609,sim_35bdba9ba8,9,add_to_cart,simulated_baseline
2026-01-24T18:14:25.888609,sim_35bdba9ba8,8,view,simulated_baseline
2026-01-24T18:18:11.888609,sim_35bdba9ba8,9,view,simulated_baseline
2026-01-24T18:21:13.888609,sim_35bdba9ba8,5,wishlist,simulated_baseline
2026-01-24T18:23:59.888609,sim_35bdba9ba8,5,view,simulated_baseline
2026-02-11T08:05:01.888672,sim_b12ad66d30,11,view,simulated_baseline
2026-02-11T08:06:42.888672,sim_b12ad66d30,6,wishlist,simulated_baseline
2026-02-11T08:10:14.888672,sim_b12ad66d30,12,wishlist,simulated_baseline
2026-02-11T08:10:41.888672,sim_b12ad66d30,10,view,simulated_baseline
2026-01-26T09:06:21.888717,sim_000e6f550a,14,wishlist,simulated_baseline
2026-01-26T09:09:04.888717,sim_000e6f550a,13,view,simulated_baseline
2026-01-26T09:12:24.888717,sim_000e6f550a,7,view,simulated_baseline
2026-01-26T09:17:17.888717,sim_000e6f550a,13,view,simulated_baseline
2026-01-26T09:19:06.888717,sim_000e6f550a,14,view,simulated_baseline
2026-01-26T09:23:11.888717,sim_000e6f550a,14,view,simulated_baseline
2026-01-26T09:27:18.888717,sim_000e6f550a,14,view,simulated_baseline
2026-01-26T09:30:38.888717,sim_000e6f550a,14,view,simulated_baseline
2026-01-26T09:31:54.888717,sim_000e6f550a,7,wishlist,simulated_baseline
2026-01-26T09:34:45.888717,sim_000e6f550a,13,add_to_cart,simulated_baseline
2026-02-08T01:07:42.888794,sim_1b2dbf3dff,7,view,simulated_baseline
2026-02-08T01:12:06.888794,sim_1b2dbf3dff,14,wishlist,simulated_baseline
2026-02-08T01:16:28.888794,sim_1b2dbf3dff,14,view,simulated_baseline
2026-02-08T01:19:47.888794,sim_1b2dbf3dff,7,wishlist,simulated_baseline
2026-02-08T01:21:56.888794,sim_1b2dbf3dff,7,view,simulated_baseline
2026-02-08T01:26:46.888794,sim_1b2dbf3dff,14,view,simulated_baseline
2026-02-08T01:31:11.888794,sim_1b2dbf3dff,13,view,simulated_baseline
2026-02-08T01:32:21.888794,sim_1b2dbf3dff,12,view,simulated_baseline
2026-02-08T01:34:56.888794,sim_1b2dbf3dff,13,view,simulated_baseline
2026-02-08T01:36:24.888794,sim_1b2dbf3dff,14,view,simulated_baseline
2026-02-12T07:07:12.888877,sim_6b6ce0f580,9,wishlist,simulated_baseline
2026-02-12T07:08:50.888877,sim_6b6ce0f580,8,view,simulated_baseline
2026-02-12T07:11:05.888877,sim_6b6ce0f580,8,add_to_cart,simulated_baseline
2026-02-12T07:13:49.888877,sim_6b6ce0f580,9,view,simulated_baseline
2026-02-12T07:18:17.888877,sim_6b6ce0f580,8,wishlist,simulated_baseline
2026-02-12T07:19:32.888877,sim_6b6ce0f580,5,view,simulated_baseline
2026-02-12T07:22:42.888877,sim_6b6ce0f580,5,wishlist,simulated_baseline
2026-02-12T07:23:54.888877,sim_6b6ce0f580,12,add_to_cart,simulated_baseline
2026-02-19T01:03:41.888951,sim_52b7ac8259,9,view,simulated_baseline
2026-02-19T01:07:26.888951,sim_52b7ac8259,5,view,simulated_baseline
2026-02-19T01:08:42.888951,sim_52b7ac8259,8,view,simulated_baseline
2026-02-19T01:11:54.888951,sim_52b7ac8259,5,view,simulated_baseline
2026-02-19T01:15:48.888951,sim_52b7ac8259,9,wishlist,simulated_baseline
2026-02-19T01:20:44.888951,sim_52b7ac8259,8,view,simulated_baseline
2026-02-04T05:08:07.889006,sim_fa967d38d0,5,view,simulated_baseline
2026-02-04T05:10:56.889006,sim_fa967d38d0,10,view,simulated_baseline
2026-02-04T05:11:20.889006,sim_fa967d38d0,8,view,simulated_baseline
2026-02-04T05:13:39.889006,sim_fa967d38d0,5,view,simulated_baseline
2026-02-04T05:14:09.889006,sim_fa967d38d0,9,view,simulated_baseline
2026-02-17T17:06:10.889049,sim_e75a09d421,13,view,simulated_baseline
2026-02-17T17:09:42.889049,sim_e75a09d421,14,add_to_cart,simulated_baseline
2026-02-17T17:11:19.889049,sim_e75a09d421,8,wishlist,simulated_baseline
2026-02-17T17:14:19.889049,sim_e75a09d421,7,view,simulated_baseline
2026-02-17T17:15:10.889049,sim_e75a09d421,13,view,simulated_baseline
2026-02-17T17:18:59.889049,sim_e75a09d421,7,view,simulated_baseline
2026-02-17T17:21:21.889049,sim_e75a09d421,13,add_to_cart,simulated_baseline
2026-02-17T17:25:38.889049,sim_e75a09d421,14,view,simulated_baseline
2026-02-01T17:07:35.889116,sim_9cb653b6b5,6,view,simulated_baseline
2026-02-01T17:07:49.889116,sim_9cb653b6b5,8,add_to_cart,simulated_baseline
2026-02-01T17:11:40.889116,sim_9cb653b6b5,11,view,simulated_baseline
2026-02-01T17:15:16.889116,sim_9cb653b6b5,5,view,simulated_baseline
2026-02-01T17:20:03.889116,sim_9cb653b6b5,9,view,simulated_baseline
2026-02-01T17:23:29.889116,sim_9cb653b6b5,8,wishlist,simulated_baseline
2026-02-04T10:07:11.889169,sim_e64d17868b,14,view,simulated_baseline
2026-02-04T10:07:53.889169,sim_e64d17868b,7,view,simulated_baseline
2026-02-04T10:09:53.889169,sim_e64d17868b,7,view,simulated_baseline
2026-02-04T10:13:37.889169,sim_e64d17868b,14,view,simulated_baseline
2026-02-15T00:04:43.889209,sim_e2a5b0748b,14,wishlist,simulated_baseline
2026-02-15T00:07:27.889209,sim_e2a5b0748b,6,view,simulated_baseline
2026-02-15T00:08:38.889209,sim_e2a5b0748b,12,wishlist,simulated_baseline
2026-02-15T00:09:24.889209,sim_e2a5b0748b,5,view,simulated_baseline
2026-02-15T00:11:51.889209,sim_e2a5b0748b,6,wishlist,simulated_baseline
2026-02-15T00:14:40.889209,sim_e2a5b0748b,11,view,simulated_baseline
2026-02-15T00:15:09.889209,sim_e2a5b0748b,10,view,simulated_baseline
2026-02-24T01:05:59.889267,sim_b051c30b08,6,view,simulated_baseline
2026-02-24T01:08:09.889267,sim_b051c30b08,11,view,simulated_baseline
2026-02-24T01:12:04.889267,sim_b051c30b08,12,view,simulated_baseline
2026-02-24T01:15:41.889267,sim_b051c30b08,11,add_to_cart,simulated_baseline
2026-02-24T01:19:15.889267,sim_b051c30b08,11,view,simulated_baseline
2026-02-24T01:20:22.889267,sim_b051c30b08,5,view,simulated_baseline
2026-02-24T01:21:29.889267,sim_b051c30b08,11,view,simulated_baseline
2026-02-24T01:25:19.889267,sim_b051c30b08,12,view,simulated_baseline
2026-02-24T01:27:20.889267,sim_b051c30b08,11,view,simulated_baseline
2026-02-08T08:06:07.889338,sim_32236aac1a,8,view,simulated_baseline
2026-02-08T08:09:06.889338,sim_32236aac1a,9,view,simulated_baseline
2026-02-08T08:11:57.889338,sim_32236aac1a,5,add_to_cart,simulated_baseline
2026-02-08T08:12:44.889338,sim_32236aac1a,9,view,simulated_baseline
2026-02-08T08:14:20.889338,sim_32236aac1a,8,add_to_cart,simulated_baseline
2026-02-08T08:18:11.889338,sim_32236aac1a,8,wishlist,simulated_baseline
2026-01-27T04:03:31.889407,sim_1f54417548,9,view,simulated_baseline
2026-01-27T04:07:29.889407,sim_1f54417548,9,add_to_cart,simulated_baseline
2026-01-27T04:12:03.889407,sim_1f54417548,13,view,simulated_baseline
2026-01-27T04:13:47.889407,sim_1f54417548,9,view,simulated_baseline
2026-01-27T04:14:47.889407,sim_1f54417548,5,view,simulated_baseline
2026-01-27T04:16:15.889407,sim_1f54417548,9,view,simulated_baseline
2026-01-27T04:19:00.889407,sim_1f54417548,5,view,simulated_baseline
2026-01-27T04:23:46.889407,sim_1f54417548,5,view,simulated_baseline
2026-02-17T05:04:06.889475,sim_731e331b53,10,view,simulated_baseline
2026-02-17T05:05:48.889475,sim_731e331b53,10,view,simulated_baseline
2026-02-17T05:10:46.889475,sim_731e331b53,6,view,simulated_baseline
2026-02-17T05:15:29.889475,sim_731e331b53,6,view,simulated_baseline
2026-02-17T05:15:46.889475,sim_731e331b53,6,view,simulated_baseline
2026-02-17T05:18:50.889475,sim_731e331b53,11,view,simulated_baseline
2026-02-17T05:19:08.889475,sim_731e331b53,12,view,simulated_baseline
2026-02-17T05:23:22.889475,sim_731e331b53,10,wishlist,simulated_baseline
2026-02-07T22:04:15.889537,sim_7b6a36942c,10,add_to_cart,simulated_baseline
2026-02-07T22:07:35.889537,sim_7b6a36942c,6,view,simulated_baseline
2026-02-07T22:10:04.889537,sim_7b6a36942c,9,view,simulated_baseline
2026-02-07T22:11:43.889537,sim_7b6a36942c,12,view,simulated_baseline
2026-02-07T22:15:20.889537,sim_7b6a36942c,10,view,simulated_baseline
2026-02-07T22:19:42.889537,sim_7b6a36942c,6,view,simulated_baseline
2026-02-07T22:20:57.889537,sim_7b6a36942c,6,wishlist,simulated_baseline
2026-02-07T22:22:32.889537,sim_7b6a36942c,10,view,simulated_baseline
2026-02-07T22:24:59.889537,sim_7b6a36942c,14,view,simulated_baseline
2026-02-04T01:04:50.889613,sim_c6538b3357,10,add_to_cart,simulated_baseline
2026-02-04T01:09:31.889613,sim_c6538b3357,11,view,simulated_baseline
2026-02-04T01:10:48.889613,sim_c6538b3357,11,view,simulated_baseline
2026-02-04T01:13:05.889613,sim_c6538b3357,6,wishlist,simulated_baseline
2026-02-04T01:14:35.889613,sim_c6538b3357,14,view,simulated_baseline
2026-02-04T01:16:11.889613,sim_c6538b3357,12,add_to_cart,simulated_baseline
2026-02-04T01:18:24.889613,sim_c6538b3357,10,view,simulated_baseline
2026-02-04T01:20:15.889613,sim_c6538b3357,11,view,simulated_baseline
2026-02-04T01:24:56.889613,sim_c6538b3357,12,wishlist,simulated_baseline
2026-02-11T16:05:39.889687,sim_41eb168e3f,14,add_to_cart,simulated_baseline
2026-02-11T16:09:28.889687,sim_41eb168e3f,8,view,simulated_baseline
2026-02-11T16:10:34.889687,sim_41eb168e3f,5,view,simulated_baseline
2026-02-11T16:13:03.889687,sim_41eb168e3f,5,add_to_cart,simulated_baseline
2026-02-11T16:13:38.889687,sim_41eb168e3f,9,view,simulated_baseline
2026-02-11T16:17:29.889687,sim_41eb168e3f,9,view,simulated_baseline
2026-02-11T16:21:44.889687,sim_41eb168e3f,5,add_to_cart,simulated_baseline
2026-02-01T01:06:45.889761,sim_b5dd1dd90d,11,view,simulated_baseline
2026-02-01T01:11:01.889761,sim_b5dd1dd90d,10,view,simulated_baseline
2026-02-01T01:11:51.889761,sim_b5dd1dd90d,11,view,simulated_baseline
2026-02-21T07:06:10.889794,sim_c0095fd8b4,11,view,simulated_baseline
2026-02-21T07:10:05.889794,sim_c0095fd8b4,11,view,simulated_baseline
2026-02-21T07:12:07.889794,sim_c0095fd8b4,10,view,simulated_baseline
2026-02-21T07:15:30.889794,sim_c0095fd8b4,6,wishlist,simulated_baseline
2026-02-21T07:15:50.889794,sim_c0095fd8b4,11,wishlist,simulated_baseline
2026-02-21T07:17:08.889794,sim_c0095fd8b4,6,wishlist,simulated_baseline
2026-02-21T07:22:03.889794,sim_c0095fd8b4,6,wishlist,simulated_baseline
2026-02-21T07:22:17.889794,sim_c0095fd8b4,12,view,simulated_baseline
2026-02-21T07:26:21.889794,sim_c0095fd8b4,5,wishlist,simulated_baseline
2026-02-21T07:30:25.889794,sim_c0095fd8b4,11,view,simulated_baseline
2026-02-19T05:05:34.889873,sim_dd32e174d4,10,view,simulated_baseline
2026-02-19T05:06:34.889873,sim_dd32e174d4,6,view,simulated_baseline
2026-02-19T05:06:49.889873,sim_dd32e174d4,10,view,simulated_baseline
2026-02-19T05:07:29.889873,sim_dd32e174d4,6,view,simulated_baseline
2026-02-19T05:10:07.889873,sim_dd32e174d4,6,view,simulated_baseline
2026-02-19T05:10:18.889873,sim_dd32e174d4,11,view,simulated_baseline
2026-02-19T05:15:06.889873,sim_dd32e174d4,10,view,simulated_baseline
2026-02-19T04:07:20.889938,sim_c79fd11e6e,13,wishlist,simulated_baseline
2026-02-19T04:08:51.889938,sim_c79fd11e6e,7,wishlist,simulated_baseline
2026-02-19T04:13:03.889938,sim_c79fd11e6e,13,add_to_cart,simulated_baseline
2026-02-19T04:15:24.889938,sim_c79fd11e6e,13,view,simulated_baseline
2026-02-19T04:16:25.889938,sim_c79fd11e6e,14,view,simulated_baseline
2026-02-19T04:18:17.889938,sim_c79fd11e6e,13,view,simulated_baseline
2026-02-19T04:20:55.889938,sim_c79fd11e6e,7,wishlist,simulated_baseline
2026-02-19T04:22:39.889938,sim_c79fd11e6e,7,view,simulated_baseline
2026-02-19T04:25:35.889938,sim_c79fd11e6e,7,wishlist,simulated_baseline
2026-02-19T04:30:19.889938,sim_c79fd11e6e,7,view,simulated_baseline
2026-02-01T04:06:26.890018,sim_2d98e7fa94,12,view,simulated_baseline
2026-02-01T04:11:04.890018,sim_2d98e7fa94,11,add_to_cart,simulated_baseline
2026-02-01T04:12:16.890018,sim_2d98e7fa94,10,view,simulated_baseline
2026-02-01T04:17:09.890018,sim_2d98e7fa94,11,view,simulated_baseline
2026-02-01T04:18:27.890018,sim_2d98e7fa94,10,view,simulated_baseline
2026-02-01T04:18:47.890018,sim_2d98e7fa94,14,wishlist,simulated_baseline
2026-02-01T04:21:25.890018,sim_2d98e7fa94,10,view,simulated_baseline
2026-02-01T04:21:43.890018,sim_2d98e7fa94,10,view,simulated_baseline
2026-02-01T04:25:49.890018,sim_2d98e7fa94,12,view,simulated_baseline
2026-02-01T04:26:54.890018,sim_2d98e7fa94,6,view,simulated_baseline
2026-02-13T10:06:25.890100,sim_3471ee83e9,6,view,simulated_baseline
2026-02-13T10:07:45.890100,sim_3471ee83e9,10,view,simulated_baseline
2026-02-13T10:12:07.890100,sim_3471ee83e9,12,view,simulated_baseline
2026-02-13T10:12:24.890100,sim_3471ee83e9,12,view,simulated_baseline
2026-02-13T10:15:18.890100,sim_3471ee83e9,12,add_to_cart,simulated_baseline
2026-02-13T10:18:01.890100,sim_3471ee83e9,11,view,simulated_baseline
2026-02-13T10:19:56.890100,sim_3471ee83e9,10,add_to_cart,simulated_baseline
2026-02-13T10:23:12.890100,sim_3471ee83e9,13,view,simulated_baseline
2026-02-13T10:26:44.890100,sim_3471ee83e9,12,view,simulated_baseline
2026-02-13T10:31:11.890100,sim_3471ee83e9,6,view,simulated_baseline
2026-02-15T17:07:25.890183,sim_1a4c5e2b0e,6,view,simulated_baseline
2026-02-15T17:08:22.890183,sim_1a4c5e2b0e,10,view,simulated_baseline
2026-02-15T17:12:47.890183,sim_1a4c5e2b0e,10,view,simulated_baseline
2026-02-15T17:13:17.890183,sim_1a4c5e2b0e,6,view,simulated_baseline
2026-02-15T17:13:55.890183,sim_1a4c5e2b0e,6,view,simulated_baseline
2026-02-15T17:18:51.890183,sim_1a4c5e2b0e,14,view,simulated_baseline
2026-02-15T17:19:27.890183,sim_1a4c5e2b0e,6,view,simulated_baseline
2026-02-20T16:04:41.890242,sim_e6b8cd0c7c,8,add_to_cart,simulated_baseline
2026-02-20T16:06:56.890242,sim_e6b8cd0c7c,8,wishlist,simulated_baseline
2026-02-20T16:11:41.890242,sim_e6b8cd0c7c,9,view,simulated_baseline
2026-02-20T16:14:16.890242,sim_e6b8cd0c7c,9,view,simulated_baseline
2026-02-20T16:17:34.890242,sim_e6b8cd0c7c,13,wishlist,simulated_baseline
2026-01-31T17:05:24.890288,sim_5b43f89b67,13,view,simulated_baseline
2026-01-31T17:09:18.890288,sim_5b43f89b67,9,add_to_cart,simulated_baseline
2026-01-31T17:11:57.890288,sim_5b43f89b67,13,view,simulated_baseline
2026-01-31T17:16:06.890288,sim_5b43f89b67,14,view,simulated_baseline
2026-01-31T17:17:57.890288,sim_5b43f89b67,5,view,simulated_baseline
2026-02-06T23:04:23.890334,sim_ef29dc87a9,7,view,simulated_baseline
2026-02-06T23:04:52.890334,sim_ef29dc87a9,13,view,simulated_baseline
2026-02-06T23:07:31.890334,sim_ef29dc87a9,14,view,simulated_baseline
2026-02-06T23:11:40.890334,sim_ef29dc87a9,7,view,simulated_baseline
2026-02-06T23:13:38.890334,sim_ef29dc87a9,7,view,simulated_baseline
2026-02-06T23:17:12.890334,sim_ef29dc87a9,7,view,simulated_baseline
2026-02-06T23:17:49.890334,sim_ef29dc87a9,7,view,simulated_baseline
2026-02-06T23:18:48.890334,sim_ef29dc87a9,7,view,simulated_baseline
2026-01-30T05:08:05.890396,sim_47f4ba6254,5,wishlist,simulated_baseline
2026-01-30T05:12:21.890396,sim_47f4ba6254,8,view,simulated_baseline
2026-01-30T05:15:03.890396,sim_47f4ba6254,5,view,simulated_baseline
2026-01-30T05:19:04.890396,sim_47f4ba6254,8,view,simulated_baseline
2026-01-30T05:23:03.890396,sim_47f4ba6254,9,view,simulated_baseline
2026-01-30T05:27:56.890396,sim_47f4ba6254,7,view,simulated_baseline
2026-01-30T05:31:58.890396,sim_47f4ba6254,9,wishlist,simulated_baseline
2026-01-30T05:33:22.890396,sim_47f4ba6254,9,view,simulated_baseline
2026-01-30T05:36:06.890396,sim_47f4ba6254,5,wishlist,simulated_baseline
2026-02-20T17:07:35.890470,sim_db0ad97e37,5,add_to_cart,simulated_baseline
2026-02-20T17:07:54.890470,sim_db0ad97e37,8,view,simulated_baseline
2026-02-20T17:09:17.890470,sim_db0ad97e37,8,wishlist,simulated_baseline
2026-02-20T17:13:17.890470,sim_db0ad97e37,8,view,simulated_baseline
2026-02-20T17:14:29.890470,sim_db0ad97e37,5,view,simulated_baseline
2026-01-26T05:07:17.890514,sim_e691ccce83,13,add_to_cart,simulated_baseline
2026-01-26T05:10:41.890514,sim_e691ccce83,13,view,simulated_baseline
2026-01-26T05:12:18.890514,sim_e691ccce83,14,view,simulated_baseline
2026-01-26T05:15:05.890514,sim_e691ccce83,14,view,simulated_baseline
2026-02-11T07:04:02.890553,sim_1645736542,10,view,simulated_baseline
2026-02-11T07:08:04.890553,sim_1645736542,14,view,simulated_baseline
2026-02-11T07:08:35.890553,sim_1645736542,13,view,simulated_baseline
2026-02-11T07:11:58.890553,sim_1645736542,14,view,simulated_baseline
2026-02-01T15:04:10.890595,sim_75ee06f2d1,10,wishlist,simulated_baseline
2026-02-01T15:07:43.890595,sim_75ee06f2d1,9,view,simulated_baseline
2026-02-01T15:11:45.890595,sim_75ee06f2d1,5,wishlist,simulated_baseline
2026-02-01T15:15:08.890595,sim_75ee06f2d1,9,view,simulated_baseline
2026-02-09T08:07:04.890635,sim_d1f16f5cc2,8,view,simulated_baseline
2026-02-09T08:09:31.890635,sim_d1f16f5cc2,11,view,simulated_baseline
2026-02-09T08:10:30.890635,sim_d1f16f5cc2,12,add_to_cart,simulated_baseline
2026-02-09T08:13:58.890635,sim_d1f16f5cc2,11,add_to_cart,simulated_baseline
2026-02-09T08:15:18.890635,sim_d1f16f5cc2,6,add_to_cart,simulated_baseline
2026-02-09T08:16:10.890635,sim_d1f16f5cc2,10,view,simulated_baseline
2026-02-09T08:19:49.890635,sim_d1f16f5cc2,10,view,simulated_baseline
2026-02-09T08:21:08.890635,sim_d1f16f5cc2,10,view,simulated_baseline
2026-02-09T08:24:06.890635,sim_d1f16f5cc2,10,view,simulated_baseline
2026-02-09T08:25:16.890635,sim_d1f16f5cc2,11,view,simulated_baseline
2026-02-18T05:06:53.890716,sim_0842ca4fea,12,view,simulated_baseline
2026-02-18T05:10:48.890716,sim_0842ca4fea,6,view,simulated_baseline
2026-02-18T05:13:51.890716,sim_0842ca4fea,14,view,simulated_baseline
2026-02-18T05:15:17.890716,sim_0842ca4fea,11,wishlist,simulated_baseline
2026-02-18T05:19:43.890716,sim_0842ca4fea,11,view,simulated_baseline
2026-02-18T05:23:20.890716,sim_0842ca4fea,11,view,simulated_baseline
2026-02-18T05:26:32.890716,sim_0842ca4fea,6,wishlist,simulated_baseline
2026-02-18T05:30:58.890716,sim_0842ca4fea,6,wishlist,simulated_baseline
2026-02-18T05:33:46.890716,sim_0842ca4fea,7,view,simulated_baseline
2026-02-19T02:04:01.890787,sim_987bb36355,14,view,simulated_baseline
2026-02-19T02:05:06.890787,sim_987bb36355,14,add_to_cart,simulated_baseline
2026-02-19T02:06:10.890787,sim_987bb36355,8,view,simulated_baseline
2026-02-19T02:10:11.890787,sim_987bb36355,13,view,simulated_baseline
2026-02-19T02:12:34.890787,sim_987bb36355,13,view,simulated_baseline
2026-02-19T02:15:57.890787,sim_987bb36355,13,wishlist,simulated_baseline
2026-02-19T02:20:17.890787,sim_987bb36355,7,add_to_cart,simulated_baseline
2026-02-19T02:24:48.890787,sim_987bb36355,13,view,simulated_baseline
2026-02-11T01:06:33.890853,sim_c9c3cc9ec3,9,view,simulated_baseline
2026-02-11T01:08:57.890853,sim_c9c3cc9ec3,5,view,simulated_baseline
2026-02-11T01:09:27.890853,sim_c9c3cc9ec3,8,view,simulated_baseline
2026-02-11T01:13:14.890853,sim_c9c3cc9ec3,14,view,simulated_baseline
2026-02-11T01:15:33.890853,sim_c9c3cc9ec3,8,view,simulated_baseline
2026-02-11T01:20:12.890853,sim_c9c3cc9ec3,5,view,simulated_baseline
2026-02-11T01:24:12.890853,sim_c9c3cc9ec3,8,view,simulated_baseline
2026-02-11T01:26:26.890853,sim_c9c3cc9ec3,8,view,simulated_baseline
2026-02-11T01:29:31.890853,sim_c9c3cc9ec3,5,view,simulated_baseline
2026-02-11T01:31:02.890853,sim_c9c3cc9ec3,5,view,simulated_baseline
2026-02-02T22:04:18.890939,sim_f173ee057f,9,view,simulated_baseline
2026-02-02T22:06:06.890939,sim_f173ee057f,9,wishlist,simulated_baseline
2026-02-02T22:10:49.890939,sim_f173ee057f,9,view,simulated_baseline
2026-02-02T22:14:35.890939,sim_f173ee057f,6,view,simulated_baseline
2026-02-02T22:17:04.890939,sim_f173ee057f,5,wishlist,simulated_baseline
2026-02-06T21:06:33.890987,sim_265ded5060,13,add_to_cart,simulated_baseline
2026-02-06T21:09:04.890987,sim_265ded5060,7,view,simulated_baseline
2026-02-06T21:10:30.890987,sim_265ded5060,14,view,simulated_baseline
2026-02-08T09:08:13.891018,sim_dcd8aeee10,7,view,simulated_baseline
2026-02-08T09:09:00.891018,sim_dcd8aeee10,7,wishlist,simulated_baseline
2026-02-08T09:12:06.891018,sim_dcd8aeee10,7,wishlist,simulated_baseline
2026-02-08T09:15:08.891018,sim_dcd8aeee10,14,wishlist,simulated_baseline
2026-02-08T09:15:50.891018,sim_dcd8aeee10,14,view,simulated_baseline
2026-02-08T09:19:11.891018,sim_dcd8aeee10,13,view,simulated_baseline
2026-02-08T09:22:04.891018,sim_dcd8aeee10,14,wishlist,simulated_baseline
2026-02-08T09:26:43.891018,sim_dcd8aeee10,7,view,simulated_baseline
2026-02-08T09:28:57.891018,sim_dcd8aeee10,14,view,simulated_baseline
2026-02-08T09:31:11.891018,sim_dcd8aeee10,7,view,simulated_baseline
2026-02-21T15:05:17.891095,sim_1983d957c3,9,add_to_cart,simulated_baseline
2026-02-21T15:10:03.891095,sim_1983d957c3,5,view,simulated_baseline
2026-02-21T15:13:21.891095,sim_1983d957c3,12,add_to_cart,simulated_baseline
2026-02-21T15:15:00.891095,sim_1983d957c3,8,view,simulated_baseline
2026-02-21T15:19:15.891095,sim_1983d957c3,14,wishlist,simulated_baseline
2026-02-21T15:22:16.891095,sim_1983d957c3,9,wishlist,simulated_baseline
2026-02-21T15:25:18.891095,sim_1983d957c3,8,view,simulated_baseline
2026-02-21T15:26:34.891095,sim_1983d957c3,5,wishlist,simulated_baseline
2026-02-21T15:29:07.891095,sim_1983d957c3,9,view,simulated_baseline
2026-02-21T15:34:06.891095,sim_1983d957c3,5,view,simulated_baseline
2026-02-14T01:05:32.891177,sim_cf867b7481,5,view,simulated_baseline
2026-02-14T01:06:47.891177,sim_cf867b7481,8,view,simulated_baseline
2026-02-14T01:08:50.891177,sim_cf867b7481,8,view,simulated_baseline
2026-02-14T01:09:47.891177,sim_cf867b7481,9,view,simulated_baseline
2026-01-27T20:05:30.891215,sim_6e071f8c25,8,view,simulated_baseline
2026-01-27T20:06:17.891215,sim_6e071f8c25,8,view,simulated_baseline
2026-01-27T20:09:33.891215,sim_6e071f8c25,5,add_to_cart,simulated_baseline
2026-01-28T11:06:49.891246,sim_58ad2913a1,10,view,simulated_baseline
2026-01-28T11:11:49.891246,sim_58ad2913a1,12,add_to_cart,simulated_baseline
2026-01-28T11:14:31.891246,sim_58ad2913a1,6,wishlist,simulated_baseline
2026-01-28T11:18:11.891246,sim_58ad2913a1,9,view,simulated_baseline
2026-01-28T11:22:27.891246,sim_58ad2913a1,10,wishlist,simulated_baseline
2026-01-28T11:23:47.891246,sim_58ad2913a1,10,view,simulated_baseline
2026-01-28T11:27:36.891246,sim_58ad2913a1,12,view,simulated_baseline
2026-02-20T18:07:15.891306,sim_209b3c9404,8,view,simulated_baseline
2026-02-20T18:08:09.891306,sim_209b3c9404,6,wishlist,simulated_baseline
2026-02-20T18:12:42.891306,sim_209b3c9404,10,view,simulated_baseline
2026-02-20T18:15:49.891306,sim_209b3c9404,5,view,simulated_baseline
2026-02-20T18:18:13.891306,sim_209b3c9404,6,view,simulated_baseline
2026-02-20T18:22:24.891306,sim_209b3c9404,6,add_to_cart,simulated_baseline
2026-02-20T18:22:44.891306,sim_209b3c9404,6,view,simulated_baseline
2026-01-29T15:05:41.891364,sim_a93fc254a9,13,add_to_cart,simulated_baseline
2026-01-29T15:06:50.891364,sim_a93fc254a9,7,view,simulated_baseline
2026-01-29T15:09:56.891364,sim_a93fc254a9,14,view,simulated_baseline
2026-01-29T15:10:59.891364,sim_a93fc254a9,6,wishlist,simulated_baseline
2026-01-29T15:12:06.891364,sim_a93fc254a9,7,view,simulated_baseline
2026-01-29T15:15:52.891364,sim_a93fc254a9,13,view,simulated_baseline
2026-01-29T15:16:21.891364,sim_a93fc254a9,9,view,simulated_baseline
2026-02-24T05:04:40.891424,sim_6cc6cea0fe,7,view,simulated_baseline
2026-02-24T05:07:58.891424,sim_6cc6cea0fe,13,add_to_cart,simulated_baseline
2026-02-24T05:09:40.891424,sim_6cc6cea0fe,5,view,simulated_baseline
2026-02-24T05:12:31.891424,sim_6cc6cea0fe,14,view,simulated_baseline
2026-02-24T05:13:01.891424,sim_6cc6cea0fe,7,view,simulated_baseline
2026-02-24T05:15:58.891424,sim_6cc6cea0fe,14,view,simulated_baseline
2026-02-05T13:04:32.891477,sim_80a9be6828,11,view,simulated_baseline
2026-02-05T13:09:23.891477,sim_80a9be6828,6,view,simulated_baseline
2026-02-05T13:12:27.891477,sim_80a9be6828,11,view,simulated_baseline
2026-02-05T13:16:11.891477,sim_80a9be6828,7,wishlist,simulated_baseline
2026-02-05T13:20:40.891477,sim_80a9be6828,10,view,simulated_baseline
2026-02-17T21:05:47.891523,sim_9ad2afb939,13,view,simulated_baseline
2026-02-17T21:08:06.891523,sim_9ad2afb939,13,view,simulated_baseline
2026-02-17T21:10:39.891523,sim_9ad2afb939,13,add_to_cart,simulated_baseline
2026-02-17T21:13:38.891523,sim_9ad2afb939,13,view,simulated_baseline
2026-02-17T21:15:30.891523,sim_9ad2afb939,13,view,simulated_baseline
2026-02-14T21:07:36.891568,sim_c4404b950d,14,view,simulated_baseline
2026-02-14T21:08:00.891568,sim_c4404b950d,14,wishlist,simulated_baseline
2026-02-14T21:10:02.891568,sim_c4404b950d,6,view,simulated_baseline
2026-02-14T21:11:47.891568,sim_c4404b950d,13,view,simulated_baseline
2026-02-14T21:14:18.891568,sim_c4404b950d,7,view,simulated_baseline
2026-02-17T13:06:05.891612,sim_67a2b0fb1a,9,view,simulated_baseline
2026-02-17T13:08:41.891612,sim_67a2b0fb1a,5,wishlist,simulated_baseline
2026-02-17T13:13:16.891612,sim_67a2b0fb1a,9,wishlist,simulated_baseline
2026-02-21T13:07:01.891643,sim_e73ca9704a,13,view,simulated_baseline
2026-02-21T13:10:56.891643,sim_e73ca9704a,14,add_to_cart,simulated_baseline
2026-02-21T13:13:47.891643,sim_e73ca9704a,13,view,simulated_baseline
2026-02-21T13:14:38.891643,sim_e73ca9704a,13,add_to_cart,simulated_baseline
2026-02-21T13:16:29.891643,sim_e73ca9704a,14,view,simulated_baseline
2026-02-21T13:20:42.891643,sim_e73ca9704a,7,wishlist,simulated_baseline
2026-02-21T13:25:27.891643,sim_e73ca9704a,7,wishlist,simulated_baseline
2026-02-21T13:26:45.891643,sim_e73ca9704a,7,add_to_cart,simulated_baseline
2026-02-03T13:03:33.891708,sim_5583fbc652,5,view,simulated_baseline
2026-02-03T13:05:08.891708,sim_5583fbc652,10,view,simulated_baseline
2026-02-03T13:06:19.891708,sim_5583fbc652,6,wishlist,simulated_baseline
2026-02-03T13:11:09.891708,sim_5583fbc652,6,view,simulated_baseline
2026-02-03T13:15:20.891708,sim_5583fbc652,11,wishlist,simulated_baseline
2026-02-19T19:03:45.891769,sim_c8c898898f,9,wishlist,simulated_baseline
2026-02-19T19:05:43.891769,sim_c8c898898f,11,view,simulated_baseline
2026-02-19T19:10:08.891769,sim_c8c898898f,12,add_to_cart,simulated_baseline
2026-02-11T10:06:38.891802,sim_115ac4bc9a,14,view,simulated_baseline
2026-02-11T10:07:42.891802,sim_115ac4bc9a,7,view,simulated_baseline
2026-02-11T10:11:45.891802,sim_115ac4bc9a,14,view,simulated_baseline
2026-02-11T10:15:48.891802,sim_115ac4bc9a,7,wishlist,simulated_baseline
2026-02-11T10:19:28.891802,sim_115ac4bc9a,13,view,simulated_baseline
2026-02-11T10:22:52.891802,sim_115ac4bc9a,13,view,simulated_baseline
2026-02-11T10:24:49.891802,sim_115ac4bc9a,14,view,simulated_baseline
2026-02-11T10:29:39.891802,sim_115ac4bc9a,14,view,simulated_baseline
2026-02-11T10:32:04.891802,sim_115ac4bc9a,9,view,simulated_baseline
2026-02-10T19:04:19.891875,sim_7c14967b05,7,add_to_cart,simulated_baseline
2026-02-10T19:05:04.891875,sim_7c14967b05,14,add_to_cart,simulated_baseline
2026-02-10T19:09:31.891875,sim_7c14967b05,14,add_to_cart,simulated_baseline
2026-02-10T19:10:23.891875,sim_7c14967b05,13,view,simulated_baseline
2026-02-05T05:07:17.891913,sim_2661418f54,13,wishlist,simulated_baseline
2026-02-05T05:11:14.891913,sim_2661418f54,5,wishlist,simulated_baseline
2026-02-05T05:11:31.891913,sim_2661418f54,14,view,simulated_baseline
2026-02-05T05:15:20.891913,sim_2661418f54,9,view,simulated_baseline
2026-02-05T05:17:58.891913,sim_2661418f54,7,view,simulated_baseline
2026-02-05T05:19:36.891913,sim_2661418f54,13,view,simulated_baseline
2026-01-27T11:05:31.891975,sim_5d60e1a7a5,5,add_to_cart,simulated_baseline
2026-01-27T11:06:49.891975,sim_5d60e1a7a5,8,wishlist,simulated_baseline
2026-01-27T11:11:02.891975,sim_5d60e1a7a5,13,wishlist,simulated_baseline
2026-01-27T11:11:18.891975,sim_5d60e1a7a5,5,view,simulated_baseline
2026-01-27T11:14:02.891975,sim_5d60e1a7a5,8,view,simulated_baseline
2026-01-27T11:14:38.891975,sim_5d60e1a7a5,5,view,simulated_baseline
2026-01-27T11:17:58.891975,sim_5d60e1a7a5,8,view,simulated_baseline
2026-01-27T11:21:30.891975,sim_5d60e1a7a5,5,add_to_cart,simulated_baseline
2026-01-27T11:24:20.891975,sim_5d60e1a7a5,5,view,simulated_baseline
2026-01-27T11:28:59.891975,sim_5d60e1a7a5,8,view,simulated_baseline
2026-02-08T07:04:36.892053,sim_54bd5148dc,6,view,simulated_baseline
2026-02-08T07:05:40.892053,sim_54bd5148dc,9,view,simulated_baseline
2026-02-08T07:08:39.892053,sim_54bd5148dc,9,view,simulated_baseline
2026-01-27T14:04:36.892086,sim_39d93bb266,7,view,simulated_baseline
2026-01-27T14:05:57.892086,sim_39d93bb266,7,view,simulated_baseline
2026-01-27T14:07:09.892086,sim_39d93bb266,7,view,simulated_baseline
2026-02-13T01:03:48.892118,sim_7010159c71,7,view,simulated_baseline
2026-02-13T01:05:31.892118,sim_7010159c71,14,view,simulated_baseline
2026-02-13T01:06:43.892118,sim_7010159c71,13,wishlist,simulated_baseline
2026-02-13T01:11:33.892118,sim_7010159c71,7,wishlist,simulated_baseline
2026-02-13T01:12:24.892118,sim_7010159c71,14,view,simulated_baseline
2026-01-24T20:05:22.892164,sim_6f2ff9b57e,10,view,simulated_baseline
2026-01-24T20:06:35.892164,sim_6f2ff9b57e,10,view,simulated_baseline
2026-01-24T20:10:53.892164,sim_6f2ff9b57e,14,view,simulated_baseline
2026-01-24T20:11:12.892164,sim_6f2ff9b57e,11,view,simulated_baseline
2026-01-24T20:13:20.892164,sim_6f2ff9b57e,13,view,simulated_baseline
2026-01-24T20:15:41.892164,sim_6f2ff9b57e,6,view,simulated_baseline
2026-01-28T13:04:25.892216,sim_c4be93a77f,6,add_to_cart,simulated_baseline
2026-01-28T13:07:17.892216,sim_c4be93a77f,12,view,simulated_baseline
2026-01-28T13:10:23.892216,sim_c4be93a77f,6,add_to_cart,simulated_baseline
2026-01-28T13:11:23.892216,sim_c4be93a77f,12,view,simulated_baseline
2026-01-28T13:15:47.892216,sim_c4be93a77f,6,view,simulated_baseline
2026-01-28T13:16:36.892216,sim_c4be93a77f,10,view,simulated_baseline
2026-02-24T00:08:12.892267,sim_ceeecfe969,13,view,simulated_baseline
2026-02-24T00:09:20.892267,sim_ceeecfe969,8,view,simulated_baseline
2026-02-24T00:13:21.892267,sim_ceeecfe969,8,view,simulated_baseline
2026-02-24T00:15:54.892267,sim_ceeecfe969,14,view,simulated_baseline
2026-02-24T00:18:03.892267,sim_ceeecfe969,8,add_to_cart,simulated_baseline
2026-02-12T06:05:02.892307,sim_2fa22c7f3b,5,view,simulated_baseline
2026-02-12T06:05:41.892307,sim_2fa22c7f3b,9,view,simulated_baseline
2026-02-12T06:09:40.892307,sim_2fa22c7f3b,9,view,simulated_baseline
2026-02-12T06:12:52.892307,sim_2fa22c7f3b,8,view,simulated_baseline
2026-02-12T06:15:51.892307,sim_2fa22c7f3b,5,wishlist,simulated_baseline
2026-02-12T06:20:27.892307,sim_2fa22c7f3b,8,wishlist,simulated_baseline
2026-02-12T06:23:08.892307,sim_2fa22c7f3b,9,view,simulated_baseline
2026-02-12T06:23:32.892307,sim_2fa22c7f3b,11,view,simulated_baseline
2026-02-12T06:26:24.892307,sim_2fa22c7f3b,8,wishlist,simulated_baseline
2026-02-18T05:07:16.892376,sim_2f992a491c,7,wishlist,simulated_baseline
2026-02-18T05:11:17.892376,sim_2f992a491c,10,view,simulated_baseline
2026-02-18T05:13:13.892376,sim_2f992a491c,6,view,simulated_baseline
2026-02-18T05:13:26.892376,sim_2f992a491c,10,view,simulated_baseline
2026-02-18T05:14:59.892376,sim_2f992a491c,12,view,simulated_baseline
2026-02-06T13:04:55.892423,sim_0ab8679387,12,view,simulated_baseline
2026-02-06T13:07:51.892423,sim_0ab8679387,11,view,simulated_baseline
2026-02-06T13:09:40.892423,sim_0ab8679387,10,view,simulated_baseline
2026-02-06T13:13:25.892423,sim_0ab8679387,12,view,simulated_baseline
2026-02-06T13:17:17.892423,sim_0ab8679387,10,view,simulated_baseline
2026-02-06T13:21:02.892423,sim_0ab8679387,10,view,simulated_baseline
2026-02-06T13:23:21.892423,sim_0ab8679387,10,wishlist,simulated_baseline
2026-02-06T13:24:42.892423,sim_0ab8679387,11,wishlist,simulated_baseline
2026-02-05T17:06:22.892488,sim_24957292aa,5,view,simulated_baseline
2026-02-05T17:08:43.892488,sim_24957292aa,9,view,simulated_baseline
2026-02-05T17:09:59.892488,sim_24957292aa,8,view,simulated_baseline
2026-02-05T17:13:11.892488,sim_24957292aa,9,wishlist,simulated_baseline
2026-02-05T17:14:55.892488,sim_24957292aa,9,view,simulated_baseline
2026-02-05T17:17:48.892488,sim_24957292aa,9,view,simulated_baseline
2026-02-05T17:20:58.892488,sim_24957292aa,8,view,simulated_baseline
2026-02-05T17:24:15.892488,sim_24957292aa,9,view,simulated_baseline
2026-02-05T17:25:11.892488,sim_24957292aa,5,view,simulated_baseline
2026-02-05T17:29:46.892488,sim_24957292aa,9,add_to_cart,simulated_baseline
2026-01-31T06:04:25.892566,sim_b3ccffb485,12,view,simulated_baseline
2026-01-31T06:05:46.892566,sim_b3ccffb485,11,view,simulated_baseline
2026-01-31T06:08:33.892566,sim_b3ccffb485,12,view,simulated_baseline
2026-01-31T06:13:33.892566,sim_b3ccffb485,13,view,simulated_baseline
2026-01-31T06:17:36.892566,sim_b3ccffb485,11,view,simulated_baseline
2026-01-30T06:04:30.892614,sim_55fc61e6a5,12,view,simulated_baseline
2026-01-30T06:08:44.892614,sim_55fc61e6a5,6,wishlist,simulated_baseline
2026-01-30T06:10:03.892614,sim_55fc61e6a5,12,view,simulated_baseline
2026-01-30T06:14:27.892614,sim_55fc61e6a5,10,view,simulated_baseline
2026-01-30T06:15:49.892614,sim_55fc61e6a5,10,view,simulated_baseline
2026-01-30T06:16:19.892614,sim_55fc61e6a5,11,wishlist,simulated_baseline
2026-01-30T06:20:40.892614,sim_55fc61e6a5,10,view,simulated_baseline
2026-01-30T06:22:11.892614,sim_55fc61e6a5,10,wishlist,simulated_baseline
2026-01-30T06:24:36.892614,sim_55fc61e6a5,12,view,simulated_baseline
2026-01-30T06:28:48.892614,sim_55fc61e6a5,12,view,simulated_baseline
2026-01-30T03:04:43.892691,sim_e01b3d0908,9,view,simulated_baseline
2026-01-30T03:05:30.892691,sim_e01b3d0908,5,view,simulated_baseline
2026-01-30T03:09:48.892691,sim_e01b3d0908,9,view,simulated_baseline
2026-01-30T03:11:22.892691,sim_e01b3d0908,8,view,simulated_baseline
2026-01-30T03:13:14.892691,sim_e01b3d0908,5,view,simulated_baseline
2026-01-30T03:15:29.892691,sim_e01b3d0908,5,view,simulated_baseline
2026-01-30T03:20:26.892691,sim_e01b3d0908,7,view,simulated_baseline
2026-01-30T03:20:56.892691,sim_e01b3d0908,8,view,simulated_baseline
2026-01-26T23:05:22.892756,sim_43780a5c7e,12,view,simulated_baseline
2026-01-26T23:10:20.892756,sim_43780a5c7e,6,view,simulated_baseline
2026-01-26T23:12:52.892756,sim_43780a5c7e,11,view,simulated_baseline
2026-01-26T23:16:49.892756,sim_43780a5c7e,6,view,simulated_baseline
2026-01-26T23:19:30.892756,sim_43780a5c7e,10,view,simulated_baseline
2026-01-26T23:20:30.892756,sim_43780a5c7e,11,view,simulated_baseline
2026-01-26T23:23:19.892756,sim_43780a5c7e,13,view,simulated_baseline
2026-02-19T04:06:38.892816,sim_4f8197f679,14,view,simulated_baseline
2026-02-19T04:09:33.892816,sim_4f8197f679,11,view,simulated_baseline
2026-02-19T04:12:34.892816,sim_4f8197f679,13,wishlist,simulated_baseline
2026-02-19T04:16:27.892816,sim_4f8197f679,13,add_to_cart,simulated_baseline
2026-02-19T04:17:38.892816,sim_4f8197f679,14,wishlist,simulated_baseline
2026-02-01T09:03:34.892862,sim_345d25d031,8,view,simulated_baseline
2026-02-01T09:07:18.892862,sim_345d25d031,8,view,simulated_baseline
2026-02-01T09:11:11.892862,sim_345d25d031,9,view,simulated_baseline
2026-02-01T09:12:50.892862,sim_345d25d031,8,view,simulated_baseline
2026-02-01T09:17:20.892862,sim_345d25d031,12,wishlist,simulated_baseline
2026-02-01T09:19:44.892862,sim_345d25d031,5,view,simulated_baseline
2026-02-18T12:03:55.892914,sim_49e119a7c0,14,view,simulated_baseline
2026-02-18T12:06:56.892914,sim_49e119a7c0,9,add_to_cart,simulated_baseline
2026-02-18T12:09:10.892914,sim_49e119a7c0,7,view,simulated_baseline
2026-02-18T12:10:00.892914,sim_49e119a7c0,13,view,simulated_baseline
2026-02-18T12:14:52.892914,sim_49e119a7c0,14,view,simulated_baseline
2026-02-18T12:16:24.892914,sim_49e119a7c0,14,view,simulated_baseline
2026-02-18T12:18:24.892914,sim_49e119a7c0,7,view,simulated_baseline
2026-02-03T07:03:36.892981,sim_76a79215e6,8,view,simulated_baseline
2026-02-03T07:06:37.892981,sim_76a79215e6,13,add_to_cart,simulated_baseline
2026-02-03T07:10:08.892981,sim_76a79215e6,9,add_to_cart,simulated_baseline
2026-02-03T07:13:15.892981,sim_76a79215e6,8,view,simulated_baseline
2026-02-03T07:16:06.892981,sim_76a79215e6,5,view,simulated_baseline
2026-02-03T07:18:51.892981,sim_76a79215e6,9,view,simulated_baseline
2026-02-03T07:22:04.892981,sim_76a79215e6,8,view,simulated_baseline
2026-02-03T07:25:56.892981,sim_76a79215e6,9,view,simulated_baseline
2026-02-03T07:29:42.892981,sim_76a79215e6,9,view,simulated_baseline
2026-02-01T05:05:31.893050,sim_c676e97a6e,6,view,simulated_baseline
2026-02-01T05:09:28.893050,sim_c676e97a6e,12,view,simulated_baseline
2026-02-01T05:12:37.893050,sim_c676e97a6e,6,view,simulated_baseline
2026-02-01T05:15:20.893050,sim_c676e97a6e,6,view,simulated_baseline
2026-02-01T05:18:24.893050,sim_c676e97a6e,5,view,simulated_baseline
2026-02-01T05:20:22.893050,sim_c676e97a6e,6,view,simulated_baseline
2026-02-01T05:25:03.893050,sim_c676e97a6e,10,wishlist,simulated_baseline
2026-02-13T21:06:46.893113,sim_16027153d3,14,view,simulated_baseline
2026-02-13T21:08:44.893113,sim_16027153d3,14,wishlist,simulated_baseline
2026-02-13T21:13:19.893113,sim_16027153d3,7,wishlist,simulated_baseline
2026-02-13T21:14:15.893113,sim_16027153d3,14,view,simulated_baseline
2026-02-06T18:06:06.893152,sim_a14e71e5e6,11,add_to_cart,simulated_baseline
2026-02-06T18:08:48.893152,sim_a14e71e5e6,10,view,simulated_baseline
2026-02-06T18:12:03.893152,sim_a14e71e5e6,11,wishlist,simulated_baseline
2026-02-06T18:15:00.893152,sim_a14e71e5e6,10,view,simulated_baseline
2026-02-06T18:15:44.893152,sim_a14e71e5e6,11,view,simulated_baseline
2026-02-06T18:16:37.893152,sim_a14e71e5e6,5,view,simulated_baseline
2026-02-04T12:07:26.893203,sim_8d0100dfbd,8,wishlist,simulated_baseline
2026-02-04T12:09:41.893203,sim_8d0100dfbd,8,add_to_cart,simulated_baseline
2026-02-04T12:13:28.893203,sim_8d0100dfbd,8,view,simulated_baseline
2026-02-04T12:17:27.893203,sim_8d0100dfbd,8,wishlist,simulated_baseline
2026-02-04T12:19:37.893203,sim_8d0100dfbd,12,add_to_cart,simulated_baseline
2026-02-04T12:23:49.893203,sim_8d0100dfbd,6,view,simulated_baseline
2026-02-04T12:27:21.893203,sim_8d0100dfbd,9,view,simulated_baseline
2026-02-04T12:28:33.893203,sim_8d0100dfbd,5,wishlist,simulated_baseline
2026-02-04T12:29:21.893203,sim_8d0100dfbd,12,view,simulated_baseline
2026-01-25T14:04:25.893276,sim_aaa7a08bfd,6,view,simulated_baseline
2026-01-25T14:06:09.893276,sim_aaa7a08bfd,11,view,simulated_baseline
2026-01-25T14:08:37.893276,sim_aaa7a08bfd,10,view,simulated_baseline
2026-01-25T14:10:24.893276,sim_aaa7a08bfd,8,view,simulated_baseline
2026-02-13T16:06:19.893315,sim_6724a37dbc,13,view,simulated_baseline
2026-02-13T16:07:58.893315,sim_6724a37dbc,13,view,simulated_baseline
2026-02-13T16:09:54.893315,sim_6724a37dbc,14,view,simulated_baseline
2026-02-13T16:13:37.893315,sim_6724a37dbc,7,view,simulated_baseline
2026-02-13T16:17:14.893315,sim_6724a37dbc,14,view,simulated_baseline
2026-02-13T16:21:37.893315,sim_6724a37dbc,13,view,simulated_baseline
2026-02-13T16:23:35.893315,sim_6724a37dbc,5,view,simulated_baseline
2026-02-20T05:05:51.893373,sim_3f7b5e4aa9,10,view,simulated_baseline
2026-02-20T05:08:15.893373,sim_3f7b5e4aa9,11,wishlist,simulated_baseline
2026-02-20T05:09:46.893373,sim_3f7b5e4aa9,11,view,simulated_baseline
2026-02-20T05:12:11.893373,sim_3f7b5e4aa9,12,wishlist,simulated_baseline
2026-02-20T05:14:02.893373,sim_3f7b5e4aa9,10,add_to_cart,simulated_baseline
2026-02-20T05:14:42.893373,sim_3f7b5e4aa9,6,view,simulated_baseline
2026-02-20T05:17:57.893373,sim_3f7b5e4aa9,6,view,simulated_baseline
2026-02-20T05:22:23.893373,sim_3f7b5e4aa9,5,view,simulated_baseline
2026-02-20T05:26:43.893373,sim_3f7b5e4aa9,10,add_to_cart,simulated_baseline
2026-02-20T05:31:15.893373,sim_3f7b5e4aa9,6,view,simulated_baseline
2026-02-09T04:06:08.893453,sim_357217725c,7,view,simulated_baseline
2026-02-09T04:07:12.893453,sim_357217725c,7,view,simulated_baseline
2026-02-09T04:07:34.893453,sim_357217725c,14,wishlist,simulated_baseline
2026-02-09T04:10:58.893453,sim_357217725c,13,wishlist,simulated_baseline
2026-02-09T04:12:14.893453,sim_357217725c,14,wishlist,simulated_baseline
2026-02-09T04:16:44.893453,sim_357217725c,13,add_to_cart,simulated_baseline
2026-02-09T04:19:56.893453,sim_357217725c,7,view,simulated_baseline
2026-02-09T04:23:34.893453,sim_357217725c,7,view,simulated_baseline
2026-02-09T04:25:28.893453,sim_357217725c,14,view,simulated_baseline
2026-01-30T20:03:51.893524,sim_7589f59b60,12,view,simulated_baseline
2026-01-30T20:08:08.893524,sim_7589f59b60,10,view,simulated_baseline
2026-01-30T20:12:23.893524,sim_7589f59b60,6,view,simulated_baseline
2026-01-30T20:15:44.893524,sim_7589f59b60,12,view,simulated_baseline
2026-01-30T20:20:28.893524,sim_7589f59b60,13,view,simulated_baseline
2026-01-30T20:24:19.893524,sim_7589f59b60,11,view,simulated_baseline
2026-02-06T17:06:08.893575,sim_382985a692,8,add_to_cart,simulated_baseline
2026-02-06T17:06:53.893575,sim_382985a692,8,view,simulated_baseline
2026-02-06T17:08:23.893575,sim_382985a692,14,view,simulated_baseline
2026-02-06T17:12:42.893575,sim_382985a692,9,view,simulated_baseline
2026-02-06T17:14:13.893575,sim_382985a692,8,view,simulated_baseline
2026-02-06T17:18:14.893575,sim_382985a692,8,view,simulated_baseline
2026-02-18T05:03:47.893626,sim_07ebcc5097,6,add_to_cart,simulated_baseline
2026-02-18T05:04:57.893626,sim_07ebcc5097,11,view,simulated_baseline
2026-02-18T05:08:14.893626,sim_07ebcc5097,13,add_to_cart,simulated_baseline
2026-02-18T05:09:55.893626,sim_07ebcc5097,6,view,simulated_baseline
2026-02-18T05:11:51.893626,sim_07ebcc5097,10,view,simulated_baseline
2026-02-18T05:15:13.893626,sim_07ebcc5097,11,view,simulated_baseline
2026-02-18T05:19:17.893626,sim_07ebcc5097,12,wishlist,simulated_baseline
2026-02-18T05:21:26.893626,sim_07ebcc5097,13,view,simulated_baseline
2026-01-27T06:05:43.893693,sim_7cad689a26,6,view,simulated_baseline
2026-01-27T06:06:06.893693,sim_7cad689a26,9,view,simulated_baseline
2026-01-27T06:08:59.893693,sim_7cad689a26,9,wishlist,simulated_baseline
2026-01-27T06:12:00.893693,sim_7cad689a26,9,view,simulated_baseline
2026-01-27T06:16:29.893693,sim_7cad689a26,8,view,simulated_baseline
2026-01-27T06:18:28.893693,sim_7cad689a26,8,view,simulated_baseline
2026-01-27T06:19:32.893693,sim_7cad689a26,5,wishlist,simulated_baseline
2026-02-10T15:03:42.893766,sim_8e836e6838,5,view,simulated_baseline
2026-02-10T15:05:47.893766,sim_8e836e6838,9,view,simulated_baseline
2026-02-10T15:07:43.893766,sim_8e836e6838,9,wishlist,simulated_baseline
2026-02-10T15:12:36.893766,sim_8e836e6838,5,view,simulated_baseline
2026-02-10T15:14:40.893766,sim_8e836e6838,8,view,simulated_baseline
2026-02-10T15:17:52.893766,sim_8e836e6838,9,view,simulated_baseline
2026-02-10T15:21:43.893766,sim_8e836e6838,9,view,simulated_baseline
2026-02-10T15:23:38.893766,sim_8e836e6838,5,view,simulated_baseline
2026-02-10T15:24:54.893766,sim_8e836e6838,9,view,simulated_baseline
2026-02-22T16:04:49.893840,sim_02b54dc503,8,view,simulated_baseline
2026-02-22T16:09:39.893840,sim_02b54dc503,9,view,simulated_baseline
2026-02-22T16:14:02.893840,sim_02b54dc503,5,view,simulated_baseline
2026-02-18T10:04:15.893871,sim_a3642e0a0a,7,view,simulated_baseline
2026-02-18T10:06:42.893871,sim_a3642e0a0a,7,view,simulated_baseline
2026-02-18T10:09:17.893871,sim_a3642e0a0a,11,view,simulated_baseline
2026-02-18T10:13:33.893871,sim_a3642e0a0a,13,wishlist,simulated_baseline
2026-02-19T04:03:42.893909,sim_c9f9ea99a4,14,wishlist,simulated_baseline
2026-02-19T04:05:40.893909,sim_c9f9ea99a4,7,wishlist,simulated_baseline
2026-02-19T04:10:19.893909,sim_c9f9ea99a4,7,view,simulated_baseline
2026-02-02T07:06:18.893949,sim_b90349a156,8,view,simulated_baseline
2026-02-02T07:08:37.893949,sim_b90349a156,9,view,simulated_baseline
2026-02-02T07:13:08.893949,sim_b90349a156,7,view,simulated_baseline
2026-02-02T07:14:49.893949,sim_b90349a156,9,view,simulated_baseline
2026-02-02T07:16:23.893949,sim_b90349a156,5,view,simulated_baseline
2026-02-02T07:18:38.893949,sim_b90349a156,5,view,simulated_baseline
2026-02-02T07:19:19.893949,sim_b90349a156,8,view,simulated_baseline
2026-02-02T07:21:14.893949,sim_b90349a156,10,view,simulated_baseline
2026-02-01T12:07:42.894014,sim_864184f57e,14,add_to_cart,simulated_baseline
2026-02-01T12:08:24.894014,sim_864184f57e,14,view,simulated_baseline
2026-02-01T12:10:46.894014,sim_864184f57e,13,add_to_cart,simulated_baseline
2026-02-01T12:15:41.894014,sim_864184f57e,7,view,simulated_baseline
2026-02-01T12:18:34.894014,sim_864184f57e,5,view,simulated_baseline
2026-02-01T12:21:10.894014,sim_864184f57e,7,view,simulated_baseline
2026-02-01T12:22:37.894014,sim_864184f57e,13,add_to_cart,simulated_baseline
2026-02-24T08:04:01.894071,sim_138f5e63c3,12,view,simulated_baseline
2026-02-24T08:06:26.894071,sim_138f5e63c3,12,view,simulated_baseline
2026-02-24T08:10:02.894071,sim_138f5e63c3,5,view,simulated_baseline
2026-02-24T08:14:23.894071,sim_138f5e63c3,11,view,simulated_baseline
2026-02-24T08:16:56.894071,sim_138f5e63c3,10,view,simulated_baseline
2026-02-24T08:20:46.894071,sim_138f5e63c3,6,view,simulated_baseline
2026-02-24T08:25:12.894071,sim_138f5e63c3,6,wishlist,simulated_baseline
2026-02-24T08:26:46.894071,sim_138f5e63c3,12,view,simulated_baseline
2026-02-24T08:29:44.894071,sim_138f5e63c3,12,view,simulated_baseline
2026-02-24T08:31:12.894071,sim_138f5e63c3,6,view,simulated_baseline
2026-02-08T22:08:09.894153,sim_ac219be76d,12,wishlist,simulated_baseline
2026-02-08T22:12:46.894153,sim_ac219be76d,10,view,simulated_baseline
2026-02-08T22:13:28.894153,sim_ac219be76d,13,wishlist,simulated_baseline
2026-02-08T22:16:30.894153,sim_ac219be76d,10,view,simulated_baseline
2026-02-08T22:16:56.894153,sim_ac219be76d,12,view,simulated_baseline
2026-02-08T22:20:55.894153,sim_ac219be76d,12,wishlist,simulated_baseline
2026-02-08T22:22:07.894153,sim_ac219be76d,12,view,simulated_baseline
2026-02-02T00:07:57.894217,sim_ed0abef3ba,12,view,simulated_baseline
2026-02-02T00:11:48.894217,sim_ed0abef3ba,11,view,simulated_baseline
2026-02-02T00:14:28.894217,sim_ed0abef3ba,12,view,simulated_baseline
2026-02-02T00:16:21.894217,sim_ed0abef3ba,7,view,simulated_baseline
2026-02-02T00:16:34.894217,sim_ed0abef3ba,11,add_to_cart,simulated_baseline
2026-02-02T00:18:35.894217,sim_ed0abef3ba,10,view,simulated_baseline
2026-02-23T05:05:56.894271,sim_520f5115bf,9,wishlist,simulated_baseline
2026-02-23T05:07:11.894271,sim_520f5115bf,7,view,simulated_baseline
2026-02-23T05:08:55.894271,sim_520f5115bf,5,wishlist,simulated_baseline
2026-02-23T05:12:37.894271,sim_520f5115bf,7,wishlist,simulated_baseline
2026-02-23T05:13:40.894271,sim_520f5115bf,5,wishlist,simulated_baseline
2026-02-23T05:18:32.894271,sim_520f5115bf,8,view,simulated_baseline
2026-02-23T05:21:52.894271,sim_520f5115bf,8,view,simulated_baseline
2026-02-01T07:05:17.894330,sim_4b7ce5364f,5,view,simulated_baseline
2026-02-01T07:09:05.894330,sim_4b7ce5364f,9,view,simulated_baseline
2026-02-01T07:11:56.894330,sim_4b7ce5364f,8,view,simulated_baseline
2026-02-01T07:16:03.894330,sim_4b7ce5364f,9,view,simulated_baseline
2026-02-01T07:19:09.894330,sim_4b7ce5364f,9,view,simulated_baseline
2026-02-01T07:22:07.894330,sim_4b7ce5364f,8,add_to_cart,simulated_baseline
2026-02-01T07:25:25.894330,sim_4b7ce5364f,5,view,simulated_baseline
2026-02-06T22:07:22.894381,sim_090566626e,7,view,simulated_baseline
2026-02-06T22:09:47.894381,sim_090566626e,7,view,simulated_baseline
2026-02-06T22:12:19.894381,sim_090566626e,7,wishlist,simulated_baseline
2026-02-06T22:12:32.894381,sim_090566626e,13,wishlist,simulated_baseline
2026-02-23T23:03:48.894412,sim_a7c49d22f0,11,wishlist,simulated_baseline
2026-02-23T23:08:44.894412,sim_a7c49d22f0,10,view,simulated_baseline
2026-02-23T23:10:53.894412,sim_a7c49d22f0,12,view,simulated_baseline
2026-02-23T23:15:05.894412,sim_a7c49d22f0,6,view,simulated_baseline
2026-02-23T23:16:40.894412,sim_a7c49d22f0,9,view,simulated_baseline
2026-02-23T23:21:04.894412,sim_a7c49d22f0,6,view,simulated_baseline
2026-02-23T23:22:42.894412,sim_a7c49d22f0,10,view,simulated_baseline
2026-02-17T21:04:14.894469,sim_b9edcd819e,6,view,simulated_baseline
2026-02-17T21:05:58.894469,sim_b9edcd819e,12,view,simulated_baseline
2026-02-17T21:07:06.894469,sim_b9edcd819e,12,view,simulated_baseline
2026-02-17T21:10:21.894469,sim_b9edcd819e,11,add_to_cart,simulated_baseline
2026-02-17T21:11:55.894469,sim_b9edcd819e,10,add_to_cart,simulated_baseline
2026-02-17T21:16:53.894469,sim_b9edcd819e,12,view,simulated_baseline
2026-02-17T21:18:33.894469,sim_b9edcd819e,10,view,simulated_baseline
2026-01-31T23:06:52.894529,sim_938ed255d2,11,wishlist,simulated_baseline
2026-01-31T23:07:20.894529,sim_938ed255d2,11,view,simulated_baseline
2026-01-31T23:10:23.894529,sim_938ed255d2,11,view,simulated_baseline
2026-02-01T19:04:04.894560,sim_a958e67bdf,9,view,simulated_baseline
2026-02-01T19:06:43.894560,sim_a958e67bdf,8,view,simulated_baseline
2026-02-01T19:11:01.894560,sim_a958e67bdf,5,view,simulated_baseline
2026-02-01T19:15:41.894560,sim_a958e67bdf,8,wishlist,simulated_baseline
2026-02-01T19:16:04.894560,sim_a958e67bdf,5,view,simulated_baseline
2026-02-01T19:19:59.894560,sim_a958e67bdf,12,view,simulated_baseline
2026-02-01T19:22:34.894560,sim_a958e67bdf,5,wishlist,simulated_baseline
2026-02-01T19:26:04.894560,sim_a958e67bdf,8,wishlist,simulated_baseline
2026-02-01T19:29:04.894560,sim_a958e67bdf,9,add_to_cart,simulated_baseline
2026-02-01T19:29:21.894560,sim_a958e67bdf,5,view,simulated_baseline
2026-02-05T10:07:16.894640,sim_4cf7f40244,7,view,simulated_baseline
2026-02-05T10:08:13.894640,sim_4cf7f40244,9,view,simulated_baseline
2026-02-05T10:12:43.894640,sim_4cf7f40244,8,view,simulated_baseline
2026-02-05T10:13:59.894640,sim_4cf7f40244,9,wishlist,simulated_baseline
2026-02-05T10:14:41.894640,sim_4cf7f40244,5,view,simulated_baseline
2026-02-05T10:18:06.894640,sim_4cf7f40244,12,view,simulated_baseline
2026-02-05T10:21:56.894640,sim_4cf7f40244,12,view,simulated_baseline
2026-02-05T10:26:34.894640,sim_4cf7f40244,8,add_to_cart,simulated_baseline
2026-02-05T10:31:22.894640,sim_4cf7f40244,9,view,simulated_baseline
2026-02-04T01:05:50.894713,sim_5def8021f8,13,view,simulated_baseline
2026-02-04T01:07:21.894713,sim_5def8021f8,14,view,simulated_baseline
2026-02-04T01:10:53.894713,sim_5def8021f8,12,view,simulated_baseline
2026-02-04T01:14:20.894713,sim_5def8021f8,7,view,simulated_baseline
2026-02-04T01:16:07.894713,sim_5def8021f8,13,view,simulated_baseline
2026-02-04T01:17:32.894713,sim_5def8021f8,7,wishlist,simulated_baseline
2026-02-04T01:19:21.894713,sim_5def8021f8,14,view,simulated_baseline
2026-02-04T01:21:00.894713,sim_5def8021f8,13,view,simulated_baseline
2026-02-04T01:22:34.894713,sim_5def8021f8,13,add_to_cart,simulated_baseline
2026-02-04T01:27:02.894713,sim_5def8021f8,13,view,simulated_baseline
2026-02-22T16:05:17.894791,sim_489032dcf2,8,view,simulated_baseline
2026-02-22T16:07:38.894791,sim_489032dcf2,8,wishlist,simulated_baseline
2026-02-22T16:07:50.894791,sim_489032dcf2,5,view,simulated_baseline
2026-02-22T16:08:58.894791,sim_489032dcf2,8,view,simulated_baseline
2026-02-22T16:10:45.894791,sim_489032dcf2,5,view,simulated_baseline
2026-02-05T20:04:23.894837,sim_4d1ea93424,9,view,simulated_baseline
2026-02-05T20:08:20.894837,sim_4d1ea93424,9,wishlist,simulated_baseline
2026-02-05T20:09:15.894837,sim_4d1ea93424,5,wishlist,simulated_baseline
2026-02-05T20:10:02.894837,sim_4d1ea93424,5,wishlist,simulated_baseline
2026-02-05T20:11:15.894837,sim_4d1ea93424,5,view,simulated_baseline
2026-02-05T20:12:16.894837,sim_4d1ea93424,13,view,simulated_baseline
2026-01-26T20:06:15.894889,sim_d2830e6248,9,wishlist,simulated_baseline
2026-01-26T20:07:52.894889,sim_d2830e6248,5,view,simulated_baseline
2026-01-26T20:10:50.894889,sim_d2830e6248,9,view,simulated_baseline
2026-01-26T20:15:18.894889,sim_d2830e6248,5,view,simulated_baseline
2026-01-26T20:17:29.894889,sim_d2830e6248,9,view,simulated_baseline
2026-01-26T20:19:12.894889,sim_d2830e6248,9,view,simulated_baseline
2026-01-26T20:20:13.894889,sim_d2830e6248,7,view,simulated_baseline
2026-01-27T19:05:27.894952,sim_c3d76b456c,13,wishlist,simulated_baseline
2026-01-27T19:08:37.894952,sim_c3d76b456c,13,wishlist,simulated_baseline
2026-01-27T19:11:48.894952,sim_c3d76b456c,12,view,simulated_baseline
2026-01-27T19:13:37.894952,sim_c3d76b456c,5,view,simulated_baseline
2026-02-14T20:07:28.894993,sim_1a1cc0773a,12,view,simulated_baseline
2026-02-14T20:08:15.894993,sim_1a1cc0773a,12,wishlist,simulated_baseline
2026-02-14T20:09:15.894993,sim_1a1cc0773a,11,view,simulated_baseline
2026-02-14T20:13:22.894993,sim_1a1cc0773a,12,view,simulated_baseline
2026-02-14T20:17:59.894993,sim_1a1cc0773a,12,add_to_cart,simulated_baseline
2026-02-14T20:21:11.894993,sim_1a1cc0773a,5,view,simulated_baseline
2026-02-14T20:23:49.894993,sim_1a1cc0773a,10,view,simulated_baseline
2026-02-14T20:28:09.894993,sim_1a1cc0773a,12,view,simulated_baseline
2026-02-14T20:32:28.894993,sim_1a1cc0773a,10,view,simulated_baseline
2026-02-14T20:36:34.894993,sim_1a1cc0773a,11,view,simulated_baseline
2026-02-19T22:08:10.895070,sim_173fa21d65,5,add_to_cart,simulated_baseline
2026-02-19T22:08:55.895070,sim_173fa21d65,14,view,simulated_baseline
2026-02-19T22:12:07.895070,sim_173fa21d65,8,view,simulated_baseline
2026-02-19T22:15:31.895070,sim_173fa21d65,10,view,simulated_baseline
2026-02-19T22:19:21.895070,sim_173fa21d65,13,add_to_cart,simulated_baseline
2026-02-24T03:03:44.895117,sim_8e64ca7c18,14,view,simulated_baseline
2026-02-24T03:05:06.895117,sim_8e64ca7c18,14,view,simulated_baseline
2026-02-24T03:07:03.895117,sim_8e64ca7c18,7,view,simulated_baseline
2026-02-24T03:11:35.895117,sim_8e64ca7c18,7,view,simulated_baseline
2026-02-08T15:06:18.895156,sim_2304a724d0,5,view,simulated_baseline
2026-02-08T15:09:53.895156,sim_2304a724d0,8,wishlist,simulated_baseline
2026-02-08T15:10:40.895156,sim_2304a724d0,5,wishlist,simulated_baseline
2026-02-08T15:12:06.895156,sim_2304a724d0,5,view,simulated_baseline
2026-02-08T15:13:10.895156,sim_2304a724d0,5,view,simulated_baseline
2026-02-08T15:16:25.895156,sim_2304a724d0,8,view,simulated_baseline
2026-02-19T16:06:07.895206,sim_d5e8dba433,14,add_to_cart,simulated_baseline
2026-02-19T16:07:57.895206,sim_d5e8dba433,5,view,simulated_baseline
2026-02-19T16:11:36.895206,sim_d5e8dba433,14,view,simulated_baseline
2026-02-19T16:16:05.895206,sim_d5e8dba433,7,wishlist,simulated_baseline
2026-02-19T16:16:49.895206,sim_d5e8dba433,7,view,simulated_baseline
2026-02-19T16:18:05.895206,sim_d5e8dba433,7,wishlist,simulated_baseline
2026-02-19T16:19:53.895206,sim_d5e8dba433,13,wishlist,simulated_baseline
2026-02-01T07:03:52.895266,sim_e7d876d5d0,12,wishlist,simulated_baseline
2026-02-01T07:04:21.895266,sim_e7d876d5d0,6,view,simulated_baseline
2026-02-01T07:04:32.895266,sim_e7d876d5d0,11,view,simulated_baseline
2026-02-01T07:05:41.895266,sim_e7d876d5d0,6,view,simulated_baseline
2026-02-01T07:10:00.895266,sim_e7d876d5d0,12,add_to_cart,simulated_baseline
2026-02-01T07:11:53.895266,sim_e7d876d5d0,12,wishlist,simulated_baseline
2026-02-01T07:13:47.895266,sim_e7d876d5d0,12,view,simulated_baseline
2026-02-08T16:06:35.895323,sim_ca3adc9135,10,view,simulated_baseline
2026-02-08T16:10:05.895323,sim_ca3adc9135,10,wishlist,simulated_baseline
2026-02-08T16:14:35.895323,sim_ca3adc9135,13,view,simulated_baseline
2026-02-08T16:18:26.895323,sim_ca3adc9135,11,wishlist,simulated_baseline
2026-02-08T16:19:07.895323,sim_ca3adc9135,12,view,simulated_baseline
2026-02-08T16:21:15.895323,sim_ca3adc9135,11,view,simulated_baseline
2026-02-18T15:06:00.895376,sim_5ccdf7869f,14,wishlist,simulated_baseline
2026-02-18T15:07:29.895376,sim_5ccdf7869f,7,add_to_cart,simulated_baseline
2026-02-18T15:12:10.895376,sim_5ccdf7869f,8,view,simulated_baseline
2026-02-18T15:14:14.895376,sim_5ccdf7869f,7,view,simulated_baseline
2026-02-18T15:15:08.895376,sim_5ccdf7869f,13,wishlist,simulated_baseline
2026-02-18T15:18:24.895376,sim_5ccdf7869f,14,view,simulated_baseline
2026-02-19T23:05:27.895428,sim_d6c97d2fdd,14,view,simulated_baseline
2026-02-19T23:08:03.895428,sim_d6c97d2fdd,5,wishlist,simulated_baseline
2026-02-19T23:09:15.895428,sim_d6c97d2fdd,12,wishlist,simulated_baseline
2026-02-19T23:12:25.895428,sim_d6c97d2fdd,10,wishlist,simulated_baseline
2026-02-19T23:17:04.895428,sim_d6c97d2fdd,6,view,simulated_baseline
2026-02-19T23:21:01.895428,sim_d6c97d2fdd,13,view,simulated_baseline
2026-02-19T23:21:23.895428,sim_d6c97d2fdd,8,view,simulated_baseline
2026-02-19T23:24:37.895428,sim_d6c97d2fdd,11,view,simulated_baseline
2026-02-19T23:26:26.895428,sim_d6c97d2fdd,7,view,simulated_baseline
2026-02-19T23:30:35.895428,sim_d6c97d2fdd,12,wishlist,simulated_baseline
2026-02-23T07:04:56.895497,sim_742222eea2,8,add_to_cart,simulated_baseline
2026-02-23T07:07:10.895497,sim_742222eea2,11,view,simulated_baseline
2026-02-23T07:10:40.895497,sim_742222eea2,6,add_to_cart,simulated_baseline
2026-02-23T07:12:56.895497,sim_742222eea2,11,view,simulated_baseline
2026-02-23T07:15:33.895497,sim_742222eea2,10,view,simulated_baseline
2026-02-20T21:03:51.895555,sim_beb691d000,13,view,simulated_baseline
2026-02-20T21:05:54.895555,sim_beb691d000,14,wishlist,simulated_baseline
2026-02-20T21:09:52.895555,sim_beb691d000,14,add_to_cart,simulated_baseline
2026-02-20T21:11:53.895555,sim_beb691d000,13,view,simulated_baseline
2026-02-20T21:14:05.895555,sim_beb691d000,7,wishlist,simulated_baseline
2026-02-20T21:17:20.895555,sim_beb691d000,13,view,simulated_baseline
2026-02-20T21:19:58.895555,sim_beb691d000,13,view,simulated_baseline
2026-02-20T21:21:03.895555,sim_beb691d000,13,view,simulated_baseline
2026-02-20T21:24:48.895555,sim_beb691d000,7,wishlist,simulated_baseline
2026-01-27T03:05:38.895591,sim_fa5948c313,9,wishlist,simulated_baseline
2026-01-27T03:05:52.895591,sim_fa5948c313,12,view,simulated_baseline
2026-01-27T03:08:55.895591,sim_fa5948c313,6,wishlist,simulated_baseline
2026-01-27T03:12:14.895591,sim_fa5948c313,5,add_to_cart,simulated_baseline
2026-01-27T03:15:54.895591,sim_fa5948c313,9,view,simulated_baseline
2026-01-27T03:16:04.895591,sim_fa5948c313,5,view,simulated_baseline
2026-01-27T03:21:00.895591,sim_fa5948c313,8,wishlist,simulated_baseline
2026-01-27T03:23:52.895591,sim_fa5948c313,5,view,simulated_baseline
2026-01-27T03:28:39.895591,sim_fa5948c313,8,wishlist,simulated_baseline
2026-01-27T03:30:21.895591,sim_fa5948c313,9,view,simulated_baseline
2026-02-17T04:08:09.895627,sim_439bc5515c,13,view,simulated_baseline
2026-02-17T04:09:30.895627,sim_439bc5515c,10,view,simulated_baseline
2026-02-17T04:14:28.895627,sim_439bc5515c,10,view,simulated_baseline
2026-02-17T04:16:12.895627,sim_439bc5515c,10,view,simulated_baseline
2026-02-17T04:19:12.895627,sim_439bc5515c,8,view,simulated_baseline
2026-02-17T04:20:47.895627,sim_439bc5515c,6,view,simulated_baseline
2026-02-17T04:24:35.895627,sim_439bc5515c,11,wishlist,simulated_baseline
2026-02-17T04:28:25.895627,sim_439bc5515c,10,view,simulated_baseline
2026-02-19T08:03:25.895657,sim_e19b284f30,8,view,simulated_baseline
2026-02-19T08:08:12.895657,sim_e19b284f30,5,view,simulated_baseline
2026-02-19T08:08:51.895657,sim_e19b284f30,5,view,simulated_baseline
2026-02-21T21:06:11.895671,sim_6accb6591c,7,view,simulated_baseline
2026-02-21T21:08:59.895671,sim_6accb6591c,7,view,simulated_baseline
2026-02-21T21:12:51.895671,sim_6accb6591c,13,view,simulated_baseline
2026-02-21T21:14:06.895671,sim_6accb6591c,14,add_to_cart,simulated_baseline
2026-02-06T22:06:45.895687,sim_ae3cacdccd,6,view,simulated_baseline
2026-02-06T22:08:24.895687,sim_ae3cacdccd,7,view,simulated_baseline
2026-02-06T22:11:15.895687,sim_ae3cacdccd,7,view,simulated_baseline
2026-02-06T22:12:52.895687,sim_ae3cacdccd,12,view,simulated_baseline
2026-02-12T03:05:08.895705,sim_d40d2612a1,11,view,simulated_baseline
2026-02-12T03:07:27.895705,sim_d40d2612a1,12,view,simulated_baseline
2026-02-12T03:09:52.895705,sim_d40d2612a1,9,wishlist,simulated_baseline
2026-02-12T03:11:13.895705,sim_d40d2612a1,6,view,simulated_baseline
2026-02-12T03:13:23.895705,sim_d40d2612a1,11,view,simulated_baseline
2026-02-12T03:14:26.895705,sim_d40d2612a1,6,view,simulated_baseline
2026-02-12T03:18:10.895705,sim_d40d2612a1,12,view,simulated_baseline
2026-02-12T03:21:08.895705,sim_d40d2612a1,6,view,simulated_baseline
2026-02-12T03:25:05.895705,sim_d40d2612a1,10,view,simulated_baseline
2026-02-11T22:06:01.895742,sim_4e488b4388,6,view,simulated_baseline
2026-02-11T22:10:27.895742,sim_4e488b4388,12,view,simulated_baseline
2026-02-11T22:12:33.895742,sim_4e488b4388,12,view,simulated_baseline
2026-02-11T22:15:45.895742,sim_4e488b4388,6,add_to_cart,simulated_baseline
2026-02-11T22:16:44.895742,sim_4e488b4388,12,view,simulated_baseline
2026-01-29T04:08:07.895779,sim_a26518e8ae,13,wishlist,simulated_baseline
2026-01-29T04:11:17.895779,sim_a26518e8ae,13,wishlist,simulated_baseline
2026-01-29T04:14:41.895779,sim_a26518e8ae,13,add_to_cart,simulated_baseline
2026-01-29T04:17:10.895779,sim_a26518e8ae,13,view,simulated_baseline
2026-01-29T04:21:58.895779,sim_a26518e8ae,13,view,simulated_baseline
2026-01-29T04:23:28.895779,sim_a26518e8ae,7,wishlist,simulated_baseline
2026-01-29T04:25:04.895779,sim_a26518e8ae,14,view,simulated_baseline
2026-01-29T04:25:27.895779,sim_a26518e8ae,13,wishlist,simulated_baseline
2026-01-29T04:27:43.895779,sim_a26518e8ae,14,view,simulated_baseline
2026-01-29T02:05:58.895822,sim_995efe813f,12,view,simulated_baseline
2026-01-29T02:08:56.895822,sim_995efe813f,11,view,simulated_baseline
2026-01-29T02:12:34.895822,sim_995efe813f,6,add_to_cart,simulated_baseline
2026-01-29T02:13:34.895822,sim_995efe813f,6,wishlist,simulated_baseline
2026-02-03T15:06:47.895840,sim_5032698f54,12,wishlist,simulated_baseline
2026-02-03T15:09:28.895840,sim_5032698f54,6,view,simulated_baseline
2026-02-03T15:11:31.895840,sim_5032698f54,11,view,simulated_baseline
2026-02-03T15:13:05.895840,sim_5032698f54,6,view,simulated_baseline
2026-02-03T15:17:59.895840,sim_5032698f54,7,view,simulated_baseline
2026-02-03T15:19:10.895840,sim_5032698f54,6,view,simulated_baseline
2026-02-03T15:20:48.895840,sim_5032698f54,6,view,simulated_baseline
2026-02-03T15:25:25.895840,sim_5032698f54,12,wishlist,simulated_baseline
2026-02-03T15:28:58.895840,sim_5032698f54,11,view,simulated_baseline
2026-02-03T15:31:34.895840,sim_5032698f54,6,view,simulated_baseline
2026-02-03T08:08:08.895876,sim_4e29f308e0,8,view,simulated_baseline
2026-02-03T08:10:26.895876,sim_4e29f308e0,9,wishlist,simulated_baseline
2026-02-03T08:11:01.895876,sim_4e29f308e0,8,view,simulated_baseline
2026-02-03T08:11:57.895876,sim_4e29f308e0,8,view,simulated_baseline
2026-02-03T08:16:38.895876,sim_4e29f308e0,8,view,simulated_baseline
2026-02-03T08:20:58.895876,sim_4e29f308e0,8,view,simulated_baseline
2026-02-03T08:24:37.895876,sim_4e29f308e0,5,view,simulated_baseline
2026-02-09T22:06:20.895903,sim_14ecfc67df,7,view,simulated_baseline
2026-02-09T22:10:34.895903,sim_14ecfc67df,9,view,simulated_baseline
2026-02-09T22:12:14.895903,sim_14ecfc67df,5,add_to_cart,simulated_baseline
2026-02-09T22:13:25.895903,sim_14ecfc67df,5,view,simulated_baseline
2026-02-09T22:14:58.895903,sim_14ecfc67df,8,add_to_cart,simulated_baseline
2026-02-09T22:18:29.895903,sim_14ecfc67df,5,view,simulated_baseline
2026-02-09T22:21:43.895903,sim_14ecfc67df,5,view,simulated_baseline
2026-02-09T22:25:23.895903,sim_14ecfc67df,8,view,simulated_baseline
2026-02-09T22:28:39.895903,sim_14ecfc67df,5,wishlist,simulated_baseline
2026-02-10T13:04:08.895935,sim_f3ba1fee0c,5,view,simulated_baseline
2026-02-10T13:08:43.895935,sim_f3ba1fee0c,9,view,simulated_baseline
2026-02-10T13:09:22.895935,sim_f3ba1fee0c,8,view,simulated_baseline
2026-02-23T16:06:40.895949,sim_09eb25f84b,6,view,simulated_baseline
2026-02-23T16:10:03.895949,sim_09eb25f84b,10,view,simulated_baseline
2026-02-23T16:10:59.895949,sim_09eb25f84b,6,view,simulated_baseline
2026-02-23T16:11:10.895949,sim_09eb25f84b,6,wishlist,simulated_baseline
2026-02-23T16:12:46.895949,sim_09eb25f84b,6,view,simulated_baseline
2026-02-23T16:17:36.895949,sim_09eb25f84b,6,view,simulated_baseline
2026-02-23T16:19:44.895949,sim_09eb25f84b,6,view,simulated_baseline
2026-02-23T16:21:22.895949,sim_09eb25f84b,6,view,simulated_baseline
2026-02-23T16:26:19.895949,sim_09eb25f84b,11,view,simulated_baseline
2026-02-18T17:07:07.895981,sim_0b7a5f3a01,13,view,simulated_baseline
2026-02-18T17:07:58.895981,sim_0b7a5f3a01,7,view,simulated_baseline
2026-02-18T17:12:16.895981,sim_0b7a5f3a01,6,view,simulated_baseline
2026-02-18T17:15:29.895981,sim_0b7a5f3a01,7,view,simulated_baseline
2026-02-18T17:17:11.895981,sim_0b7a5f3a01,13,view,simulated_baseline
2026-02-18T17:19:33.895981,sim_0b7a5f3a01,5,view,simulated_baseline
2026-02-18T17:22:07.895981,sim_0b7a5f3a01,14,wishlist,simulated_baseline
2026-02-18T17:27:04.895981,sim_0b7a5f3a01,7,view,simulated_baseline
2026-02-18T17:29:32.895981,sim_0b7a5f3a01,8,view,simulated_baseline
2026-02-18T17:30:02.895981,sim_0b7a5f3a01,7,add_to_cart,simulated_baseline
2026-02-19T19:04:43.896016,sim_8e1083daee,10,wishlist,simulated_baseline
2026-02-19T19:08:25.896016,sim_8e1083daee,9,view,simulated_baseline
2026-02-19T19:10:37.896016,sim_8e1083daee,11,wishlist,simulated_baseline
2026-02-19T02:05:01.896030,sim_1b5693cd00,6,view,simulated_baseline
2026-02-19T02:09:01.896030,sim_1b5693cd00,10,add_to_cart,simulated_baseline
2026-02-19T02:10:05.896030,sim_1b5693cd00,6,view,simulated_baseline
2026-02-19T02:13:43.896030,sim_1b5693cd00,11,view,simulated_baseline
2026-02-19T02:14:06.896030,sim_1b5693cd00,9,view,simulated_baseline
2026-02-19T02:17:15.896030,sim_1b5693cd00,12,view,simulated_baseline
2026-02-19T02:20:30.896030,sim_1b5693cd00,10,view,simulated_baseline
2026-02-10T17:04:14.896056,sim_ff34747318,10,view,simulated_baseline
2026-02-10T17:07:56.896056,sim_ff34747318,10,view,simulated_baseline
2026-02-10T17:08:47.896056,sim_ff34747318,6,view,simulated_baseline
2026-02-10T17:10:44.896056,sim_ff34747318,11,view,simulated_baseline
2026-02-10T17:14:01.896056,sim_ff34747318,12,view,simulated_baseline
2026-02-10T17:15:17.896056,sim_ff34747318,6,view,simulated_baseline
2026-02-10T17:18:19.896056,sim_ff34747318,12,view,simulated_baseline
2026-02-10T17:18:44.896056,sim_ff34747318,9,view,simulated_baseline
2026-02-10T17:21:45.896056,sim_ff34747318,10,view,simulated_baseline
2026-02-17T04:07:50.896088,sim_be0dd78c83,11,view,simulated_baseline
2026-02-17T04:10:15.896088,sim_be0dd78c83,7,view,simulated_baseline
2026-02-17T04:10:51.896088,sim_be0dd78c83,14,add_to_cart,simulated_baseline
2026-02-17T04:12:40.896088,sim_be0dd78c83,7,view,simulated_baseline
2026-02-02T09:06:25.896105,sim_fddcd615b9,11,view,simulated_baseline
2026-02-02T09:06:44.896105,sim_fddcd615b9,10,view,simulated_baseline
2026-02-02T09:10:05.896105,sim_fddcd615b9,12,view,simulated_baseline
2026-01-26T13:07:33.896119,sim_fec8c72e2f,6,add_to_cart,simulated_baseline
2026-01-26T13:08:00.896119,sim_fec8c72e2f,14,view,simulated_baseline
2026-01-26T13:10:21.896119,sim_fec8c72e2f,12,wishlist,simulated_baseline
2026-01-26T13:13:12.896119,sim_fec8c72e2f,11,add_to_cart,simulated_baseline
2026-01-26T13:17:22.896119,sim_fec8c72e2f,12,view,simulated_baseline
2026-02-22T10:07:30.896139,sim_93515896cf,10,wishlist,simulated_baseline
2026-02-22T10:12:15.896139,sim_93515896cf,6,view,simulated_baseline
2026-02-22T10:14:53.896139,sim_93515896cf,6,wishlist,simulated_baseline
2026-02-22T10:15:16.896139,sim_93515896cf,6,view,simulated_baseline
2026-01-26T05:07:05.896156,sim_1d5869f994,5,view,simulated_baseline
2026-01-26T05:10:24.896156,sim_1d5869f994,5,view,simulated_baseline
2026-01-26T05:14:32.896156,sim_1d5869f994,9,wishlist,simulated_baseline
2026-01-26T05:15:28.896156,sim_1d5869f994,5,add_to_cart,simulated_baseline
2026-01-26T05:16:20.896156,sim_1d5869f994,5,view,simulated_baseline
2026-01-26T05:16:36.896156,sim_1d5869f994,9,view,simulated_baseline
2026-02-11T20:04:49.896180,sim_97093edb05,12,wishlist,simulated_baseline
2026-02-11T20:08:10.896180,sim_97093edb05,14,view,simulated_baseline
2026-02-11T20:11:52.896180,sim_97093edb05,7,add_to_cart,simulated_baseline
2026-02-11T20:16:32.896180,sim_97093edb05,13,view,simulated_baseline
2026-02-11T20:20:24.896180,sim_97093edb05,7,wishlist,simulated_baseline
2026-02-11T20:23:53.896180,sim_97093edb05,14,view,simulated_baseline
2026-02-11T20:28:04.896180,sim_97093edb05,14,wishlist,simulated_baseline
2026-02-11T20:30:34.896180,sim_97093edb05,14,view,simulated_baseline
2026-02-11T20:34:37.896180,sim_97093edb05,14,view,simulated_baseline
2026-02-19T15:07:07.896216,sim_21b92b7d15,7,add_to_cart,simulated_baseline
2026-02-19T15:09:27.896216,sim_21b92b7d15,10,view,simulated_baseline
2026-02-19T15:13:57.896216,sim_21b92b7d15,11,view,simulated_baseline
2026-02-19T15:17:14.896216,sim_21b92b7d15,10,view,simulated_baseline
2026-02-19T15:17:41.896216,sim_21b92b7d15,10,view,simulated_baseline
2026-02-19T15:17:52.896216,sim_21b92b7d15,11,view,simulated_baseline
2026-02-19T15:20:50.896216,sim_21b92b7d15,12,view,simulated_baseline
2026-02-19T15:23:15.896216,sim_21b92b7d15,6,view,simulated_baseline
2026-02-12T15:04:28.896246,sim_2d3ce173eb,14,view,simulated_baseline
2026-02-12T15:07:35.896246,sim_2d3ce173eb,7,view,simulated_baseline
2026-02-12T15:12:00.896246,sim_2d3ce173eb,14,view,simulated_baseline
2026-02-12T15:14:11.896246,sim_2d3ce173eb,14,add_to_cart,simulated_baseline
2026-02-12T15:14:44.896246,sim_2d3ce173eb,9,view,simulated_baseline
2026-02-12T15:18:27.896246,sim_2d3ce173eb,7,wishlist,simulated_baseline
2026-02-12T15:18:42.896246,sim_2d3ce173eb,7,view,simulated_baseline
2026-02-12T15:19:56.896246,sim_2d3ce173eb,14,view,simulated_baseline
2026-02-12T15:21:55.896246,sim_2d3ce173eb,13,view,simulated_baseline
2026-02-12T15:26:15.896246,sim_2d3ce173eb,14,view,simulated_baseline
2026-01-29T13:05:13.896281,sim_4d5b8c439c,14,view,simulated_baseline
2026-01-29T13:08:55.896281,sim_4d5b8c439c,13,view,simulated_baseline
2026-01-29T13:12:21.896281,sim_4d5b8c439c,13,wishlist,simulated_baseline
2026-01-29T13:17:01.896281,sim_4d5b8c439c,7,view,simulated_baseline
2026-01-29T13:17:40.896281,sim_4d5b8c439c,11,view,simulated_baseline
2026-01-29T13:21:31.896281,sim_4d5b8c439c,7,wishlist,simulated_baseline
2026-01-29T13:21:47.896281,sim_4d5b8c439c,7,add_to_cart,simulated_baseline
2026-01-29T13:26:02.896281,sim_4d5b8c439c,14,view,simulated_baseline
2026-01-29T13:29:22.896281,sim_4d5b8c439c,11,view,simulated_baseline
2026-01-29T13:33:49.896281,sim_4d5b8c439c,13,view,simulated_baseline
2026-02-04T05:07:46.896316,sim_aa64da28d9,12,view,simulated_baseline
2026-02-04T05:08:31.896316,sim_aa64da28d9,10,view,simulated_baseline
2026-02-04T05:10:06.896316,sim_aa64da28d9,10,view,simulated_baseline
2026-02-04T05:12:32.896316,sim_aa64da28d9,8,wishlist,simulated_baseline
2026-02-06T12:05:42.896333,sim_0d458c8ab1,7,view,simulated_baseline
2026-02-06T12:08:01.896333,sim_0d458c8ab1,7,add_to_cart,simulated_baseline
2026-02-06T12:12:00.896333,sim_0d458c8ab1,13,view,simulated_baseline
2026-02-18T09:05:01.896347,sim_eeb3f77762,7,view,simulated_baseline
2026-02-18T09:09:07.896347,sim_eeb3f77762,13,wishlist,simulated_baseline
2026-02-18T09:13:57.896347,sim_eeb3f77762,7,view,simulated_baseline
2026-02-18T09:14:23.896347,sim_eeb3f77762,11,view,simulated_baseline
2026-02-18T09:16:54.896347,sim_eeb3f77762,14,wishlist,simulated_baseline
2026-02-18T09:18:51.896347,sim_eeb3f77762,7,wishlist,simulated_baseline
2026-02-18T09:22:17.896347,sim_eeb3f77762,7,view,simulated_baseline
2026-02-18T09:26:55.896347,sim_eeb3f77762,7,view,simulated_baseline
2026-02-19T10:03:41.896375,sim_68fc353c9e,10,view,simulated_baseline
2026-02-19T10:07:20.896375,sim_68fc353c9e,7,view,simulated_baseline
2026-02-19T10:08:21.896375,sim_68fc353c9e,11,add_to_cart,simulated_baseline
2026-01-28T09:03:29.896390,sim_fdc168b1f1,7,view,simulated_baseline
2026-01-28T09:07:37.896390,sim_fdc168b1f1,7,view,simulated_baseline
2026-01-28T09:10:18.896390,sim_fdc168b1f1,14,view,simulated_baseline
2026-01-28T09:12:08.896390,sim_fdc168b1f1,13,view,simulated_baseline
2026-01-28T09:15:27.896390,sim_fdc168b1f1,14,view,simulated_baseline
2026-01-28T09:16:17.896390,sim_fdc168b1f1,13,wishlist,simulated_baseline
2026-01-28T09:20:08.896390,sim_fdc168b1f1,13,view,simulated_baseline
2026-01-28T09:25:01.896390,sim_fdc168b1f1,7,view,simulated_baseline
2026-01-28T09:26:11.896390,sim_fdc168b1f1,7,view,simulated_baseline
2026-02-06T06:08:03.896421,sim_8c153a62dd,6,wishlist,simulated_baseline
2026-02-06T06:10:49.896421,sim_8c153a62dd,12,add_to_cart,simulated_baseline
2026-02-06T06:14:07.896421,sim_8c153a62dd,6,add_to_cart,simulated_baseline
2026-02-05T11:07:11.896435,sim_bf186d7bac,9,view,simulated_baseline
2026-02-05T11:11:20.896435,sim_bf186d7bac,9,view,simulated_baseline
2026-02-05T11:14:23.896435,sim_bf186d7bac,9,add_to_cart,simulated_baseline
2026-02-05T11:15:29.896435,sim_bf186d7bac,8,view,simulated_baseline
2026-02-05T11:18:12.896435,sim_bf186d7bac,8,view,simulated_baseline
2026-02-05T11:21:02.896435,sim_bf186d7bac,8,view,simulated_baseline
2026-02-05T11:23:00.896435,sim_bf186d7bac,5,view,simulated_baseline
2026-02-11T12:04:46.896460,sim_54a0c1fcb5,9,view,simulated_baseline
2026-02-11T12:06:03.896460,sim_54a0c1fcb5,8,add_to_cart,simulated_baseline
2026-02-11T12:07:46.896460,sim_54a0c1fcb5,9,view,simulated_baseline
2026-02-11T12:11:27.896460,sim_54a0c1fcb5,9,view,simulated_baseline
2026-02-11T12:15:12.896460,sim_54a0c1fcb5,8,view,simulated_baseline
2026-02-11T12:18:42.896460,sim_54a0c1fcb5,5,view,simulated_baseline
2026-02-11T12:20:59.896460,sim_54a0c1fcb5,8,view,simulated_baseline
2026-02-20T03:03:37.896486,sim_c30b8da242,10,view,simulated_baseline
2026-02-20T03:06:35.896486,sim_c30b8da242,11,view,simulated_baseline
2026-02-20T03:09:19.896486,sim_c30b8da242,12,view,simulated_baseline
2026-02-20T03:11:57.896486,sim_c30b8da242,8,add_to_cart,simulated_baseline
2026-02-20T03:14:08.896486,sim_c30b8da242,6,view,simulated_baseline
2026-02-05T17:08:07.896505,sim_df80583421,11,view,simulated_baseline
2026-02-05T17:13:07.896505,sim_df80583421,12,wishlist,simulated_baseline
2026-02-05T17:16:13.896505,sim_df80583421,12,view,simulated_baseline
2026-02-05T17:16:47.896505,sim_df80583421,12,wishlist,simulated_baseline
2026-02-05T17:20:45.896505,sim_df80583421,11,view,simulated_baseline
2026-02-05T17:23:38.896505,sim_df80583421,12,add_to_cart,simulated_baseline
2026-02-05T17:26:21.896505,sim_df80583421,11,add_to_cart,simulated_baseline
2026-02-05T17:27:32.896505,sim_df80583421,12,view,simulated_baseline
2026-02-05T17:29:09.896505,sim_df80583421,12,wishlist,simulated_baseline
2026-02-05T17:31:01.896505,sim_df80583421,12,add_to_cart,simulated_baseline
2026-02-22T02:05:38.896544,sim_a315373e55,10,view,simulated_baseline
2026-02-22T02:07:25.896544,sim_a315373e55,11,wishlist,simulated_baseline
2026-02-22T02:12:04.896544,sim_a315373e55,11,view,simulated_baseline
2026-02-22T02:15:50.896544,sim_a315373e55,12,wishlist,simulated_baseline
2026-02-22T02:19:54.896544,sim_a315373e55,12,add_to_cart,simulated_baseline
2026-02-22T02:21:17.896544,sim_a315373e55,7,view,simulated_baseline
2026-02-22T02:21:42.896544,sim_a315373e55,10,view,simulated_baseline
2026-02-04T17:07:00.896577,sim_1b5044ea51,5,view,simulated_baseline
2026-02-04T17:12:00.896577,sim_1b5044ea51,5,view,simulated_baseline
2026-02-04T17:15:21.896577,sim_1b5044ea51,11,view,simulated_baseline
2026-02-15T17:07:41.896591,sim_47e4adc9d2,14,add_to_cart,simulated_baseline
2026-02-15T17:11:57.896591,sim_47e4adc9d2,13,view,simulated_baseline
2026-02-15T17:12:30.896591,sim_47e4adc9d2,7,add_to_cart,simulated_baseline
2026-02-15T17:13:45.896591,sim_47e4adc9d2,7,wishlist,simulated_baseline
2026-02-15T17:17:50.896591,sim_47e4adc9d2,14,view,simulated_baseline
2026-02-15T17:20:36.896591,sim_47e4adc9d2,13,view,simulated_baseline
2026-02-15T17:22:14.896591,sim_47e4adc9d2,14,view,simulated_baseline
2026-02-02T00:06:13.896617,sim_04ac819aa4,11,add_to_cart,simulated_baseline
2026-02-02T00:07:32.896617,sim_04ac819aa4,11,add_to_cart,simulated_baseline
2026-02-02T00:09:38.896617,sim_04ac819aa4,11,view,simulated_baseline
2026-02-02T00:10:43.896617,sim_04ac819aa4,6,view,simulated_baseline
2026-02-02T00:11:12.896617,sim_04ac819aa4,11,view,simulated_baseline
2026-02-02T00:11:26.896617,sim_04ac819aa4,5,add_to_cart,simulated_baseline
2026-02-02T00:15:39.896617,sim_04ac819aa4,12,view,simulated_baseline
2026-02-02T00:16:13.896617,sim_04ac819aa4,14,view,simulated_baseline
2026-02-11T12:08:06.896649,sim_14ca889afc,8,view,simulated_baseline
2026-02-11T12:10:02.896649,sim_14ca889afc,8,view,simulated_baseline
2026-02-11T12:14:23.896649,sim_14ca889afc,9,view,simulated_baseline
2026-02-11T12:16:41.896649,sim_14ca889afc,11,view,simulated_baseline
2026-02-11T12:18:05.896649,sim_14ca889afc,9,view,simulated_baseline
2026-02-11T12:21:11.896649,sim_14ca889afc,9,wishlist,simulated_baseline
2026-02-11T12:22:47.896649,sim_14ca889afc,8,wishlist,simulated_baseline
2026-02-11T12:25:12.896649,sim_14ca889afc,9,view,simulated_baseline
2026-02-11T12:27:51.896649,sim_14ca889afc,9,view,simulated_baseline
2026-02-11T12:32:15.896649,sim_14ca889afc,9,view,simulated_baseline
2026-01-29T13:05:02.896684,sim_428b4f2a01,7,view,simulated_baseline
2026-01-29T13:08:58.896684,sim_428b4f2a01,14,view,simulated_baseline
2026-01-29T13:12:14.896684,sim_428b4f2a01,14,view,simulated_baseline
2026-01-29T13:16:43.896684,sim_428b4f2a01,7,view,simulated_baseline
2026-01-29T13:19:12.896684,sim_428b4f2a01,5,add_to_cart,simulated_baseline
2026-01-29T13:23:13.896684,sim_428b4f2a01,7,view,simulated_baseline
2026-01-29T13:25:09.896684,sim_428b4f2a01,13,add_to_cart,simulated_baseline
2026-01-29T13:26:56.896684,sim_428b4f2a01,14,view,simulated_baseline
2026-01-29T13:30:57.896684,sim_428b4f2a01,7,view,simulated_baseline
2026-02-16T03:07:06.896716,sim_6b989621bb,9,view,simulated_baseline
2026-02-16T03:08:41.896716,sim_6b989621bb,5,wishlist,simulated_baseline
2026-02-16T03:13:06.896716,sim_6b989621bb,8,view,simulated_baseline
2026-02-16T03:14:32.896716,sim_6b989621bb,8,view,simulated_baseline
2026-02-16T03:14:55.896716,sim_6b989621bb,8,view,simulated_baseline
2026-02-02T21:08:05.896735,sim_0eb6c95f2e,14,view,simulated_baseline
2026-02-02T21:10:35.896735,sim_0eb6c95f2e,9,view,simulated_baseline
2026-02-02T21:15:21.896735,sim_0eb6c95f2e,7,add_to_cart,simulated_baseline
2026-02-02T21:19:30.896735,sim_0eb6c95f2e,8,wishlist,simulated_baseline
2026-02-02T21:20:05.896735,sim_0eb6c95f2e,8,view,simulated_baseline
2026-02-02T21:22:31.896735,sim_0eb6c95f2e,5,view,simulated_baseline
2026-02-02T21:27:27.896735,sim_0eb6c95f2e,8,view,simulated_baseline
2026-02-02T21:28:47.896735,sim_0eb6c95f2e,5,view,simulated_baseline
2026-02-02T21:29:09.896735,sim_0eb6c95f2e,9,view,simulated_baseline
2026-02-02T21:31:27.896735,sim_0eb6c95f2e,8,view,simulated_baseline
2026-02-07T23:03:34.896770,sim_6f536f5f32,7,view,simulated_baseline
2026-02-07T23:07:49.896770,sim_6f536f5f32,7,view,simulated_baseline
2026-02-07T23:11:32.896770,sim_6f536f5f32,7,view,simulated_baseline
2026-02-07T23:15:21.896770,sim_6f536f5f32,7,add_to_cart,simulated_baseline
2026-02-07T23:19:08.896770,sim_6f536f5f32,13,add_to_cart,simulated_baseline
2026-02-07T23:22:26.896770,sim_6f536f5f32,14,add_to_cart,simulated_baseline
2026-02-07T23:24:22.896770,sim_6f536f5f32,13,view,simulated_baseline
2026-02-07T23:28:10.896770,sim_6f536f5f32,7,view,simulated_baseline
2026-02-07T23:30:44.896770,sim_6f536f5f32,13,view,simulated_baseline
2026-02-07T23:32:48.896770,sim_6f536f5f32,13,view,simulated_baseline
2026-02-22T12:05:59.896804,sim_c545a3b894,10,wishlist,simulated_baseline
2026-02-22T12:10:21.896804,sim_c545a3b894,6,view,simulated_baseline
2026-02-22T12:11:28.896804,sim_c545a3b894,11,view,simulated_baseline
2026-02-22T10:04:07.896819,sim_c15bab1801,7,add_to_cart,simulated_baseline
2026-02-22T10:04:40.896819,sim_c15bab1801,9,wishlist,simulated_baseline
2026-02-22T10:06:57.896819,sim_c15bab1801,13,wishlist,simulated_baseline
2026-02-22T10:09:43.896819,sim_c15bab1801,13,view,simulated_baseline
2026-02-22T10:12:12.896819,sim_c15bab1801,13,view,simulated_baseline
2026-02-22T10:15:00.896819,sim_c15bab1801,7,view,simulated_baseline
2026-02-22T10:18:51.896819,sim_c15bab1801,13,view,simulated_baseline
2026-02-22T10:22:30.896819,sim_c15bab1801,14,view,simulated_baseline
2026-02-22T10:26:33.896819,sim_c15bab1801,13,view,simulated_baseline
2026-02-22T10:31:16.896819,sim_c15bab1801,13,view,simulated_baseline
2026-02-13T20:07:11.896853,sim_b653f1804c,13,add_to_cart,simulated_baseline
2026-02-13T20:10:24.896853,sim_b653f1804c,9,view,simulated_baseline
2026-02-13T20:15:09.896853,sim_b653f1804c,5,wishlist,simulated_baseline
2026-02-13T20:18:01.896853,sim_b653f1804c,9,view,simulated_baseline
2026-02-13T20:21:13.896853,sim_b653f1804c,7,wishlist,simulated_baseline
2026-02-13T20:25:39.896853,sim_b653f1804c,13,wishlist,simulated_baseline
2026-02-13T20:27:43.896853,sim_b653f1804c,14,view,simulated_baseline
2026-02-13T20:32:42.896853,sim_b653f1804c,13,view,simulated_baseline
2026-02-06T22:06:45.896883,sim_e2edf9f8ad,8,wishlist,simulated_baseline
2026-02-06T22:10:30.896883,sim_e2edf9f8ad,5,view,simulated_baseline
2026-02-06T22:15:04.896883,sim_e2edf9f8ad,8,view,simulated_baseline
2026-02-06T22:16:45.896883,sim_e2edf9f8ad,8,view,simulated_baseline
2026-02-06T22:20:59.896883,sim_e2edf9f8ad,9,view,simulated_baseline
2026-02-06T22:22:57.896883,sim_e2edf9f8ad,5,view,simulated_baseline
2026-02-06T22:24:25.896883,sim_e2edf9f8ad,5,view,simulated_baseline
2026-02-06T22:26:06.896883,sim_e2edf9f8ad,10,wishlist,simulated_baseline
2026-02-06T22:28:38.896883,sim_e2edf9f8ad,8,wishlist,simulated_baseline
2026-02-06T22:31:41.896883,sim_e2edf9f8ad,9,wishlist,simulated_baseline
2026-02-12T17:04:10.896918,sim_d19cc58fde,12,wishlist,simulated_baseline
2026-02-12T17:05:20.896918,sim_d19cc58fde,6,wishlist,simulated_baseline
2026-02-12T17:10:08.896918,sim_d19cc58fde,10,view,simulated_baseline
2026-02-12T17:11:19.896918,sim_d19cc58fde,12,view,simulated_baseline
2026-02-12T17:14:27.896918,sim_d19cc58fde,6,wishlist,simulated_baseline
2026-02-12T17:16:12.896918,sim_d19cc58fde,10,view,simulated_baseline
2026-02-12T17:18:54.896918,sim_d19cc58fde,12,view,simulated_baseline
2026-02-12T17:22:02.896918,sim_d19cc58fde,9,add_to_cart,simulated_baseline
2026-02-12T17:26:33.896918,sim_d19cc58fde,13,view,simulated_baseline
2026-02-12T17:27:57.896918,sim_d19cc58fde,9,view,simulated_baseline
2026-02-21T16:03:40.896953,sim_4e824dc4e2,12,view,simulated_baseline
2026-02-21T16:04:10.896953,sim_4e824dc4e2,10,view,simulated_baseline
2026-02-21T16:07:07.896953,sim_4e824dc4e2,11,wishlist,simulated_baseline
2026-02-21T16:09:42.896953,sim_4e824dc4e2,11,view,simulated_baseline
2026-02-21T16:13:48.896953,sim_4e824dc4e2,13,view,simulated_baseline
2026-01-28T07:04:03.896973,sim_6beed218a6,5,view,simulated_baseline
2026-01-28T07:08:43.896973,sim_6beed218a6,5,view,simulated_baseline
2026-01-28T07:11:45.896973,sim_6beed218a6,5,view,simulated_baseline
2026-01-28T07:16:02.896973,sim_6beed218a6,12,view,simulated_baseline
2026-01-28T07:19:07.896973,sim_6beed218a6,8,view,simulated_baseline
2026-01-28T07:20:19.896973,sim_6beed218a6,5,view,simulated_baseline
2026-01-28T07:21:15.896973,sim_6beed218a6,9,add_to_cart,simulated_baseline
2026-01-28T07:25:39.896973,sim_6beed218a6,8,view,simulated_baseline
2026-01-28T07:27:55.896973,sim_6beed218a6,5,view,simulated_baseline
2026-01-28T07:31:53.896973,sim_6beed218a6,6,view,simulated_baseline
2026-01-31T14:04:26.897007,sim_64202c2512,14,wishlist,simulated_baseline
2026-01-31T14:08:26.897007,sim_64202c2512,13,view,simulated_baseline
2026-01-31T14:11:32.897007,sim_64202c2512,14,view,simulated_baseline
2026-01-31T14:12:23.897007,sim_64202c2512,7,wishlist,simulated_baseline
2026-01-31T14:13:13.897007,sim_64202c2512,7,wishlist,simulated_baseline
2026-01-31T14:15:47.897007,sim_64202c2512,7,view,simulated_baseline
2026-01-31T14:20:38.897007,sim_64202c2512,14,view,simulated_baseline
2026-02-13T05:04:52.897034,sim_612d4cedd1,12,view,simulated_baseline
2026-02-13T05:07:45.897034,sim_612d4cedd1,13,view,simulated_baseline
2026-02-13T05:11:23.897034,sim_612d4cedd1,6,view,simulated_baseline
2026-02-13T05:16:06.897034,sim_612d4cedd1,12,wishlist,simulated_baseline
2026-01-26T16:03:33.897051,sim_9487fd7827,7,view,simulated_baseline
2026-01-26T16:08:17.897051,sim_9487fd7827,14,view,simulated_baseline
2026-01-26T16:11:11.897051,sim_9487fd7827,13,wishlist,simulated_baseline
2026-01-26T16:11:34.897051,sim_9487fd7827,7,view,simulated_baseline
2026-01-26T16:12:32.897051,sim_9487fd7827,14,view,simulated_baseline
2026-02-17T00:05:30.897073,sim_2e73f7b352,9,view,simulated_baseline
2026-02-17T00:10:10.897073,sim_2e73f7b352,11,view,simulated_baseline
2026-02-17T00:14:27.897073,sim_2e73f7b352,10,view,simulated_baseline
2026-02-17T00:16:27.897073,sim_2e73f7b352,12,view,simulated_baseline
2026-02-17T00:21:25.897073,sim_2e73f7b352,6,view,simulated_baseline
2026-02-17T00:25:37.897073,sim_2e73f7b352,5,add_to_cart,simulated_baseline
2026-01-29T04:04:36.897097,sim_61f9f594d7,10,view,simulated_baseline
2026-01-29T04:04:56.897097,sim_61f9f594d7,5,add_to_cart,simulated_baseline
2026-01-29T04:08:36.897097,sim_61f9f594d7,12,wishlist,simulated_baseline
2026-01-29T04:11:55.897097,sim_61f9f594d7,10,add_to_cart,simulated_baseline
2026-01-29T04:13:07.897097,sim_61f9f594d7,6,view,simulated_baseline
2026-01-29T04:15:58.897097,sim_61f9f594d7,10,view,simulated_baseline
2026-02-03T03:07:23.897120,sim_632ef48fe1,7,view,simulated_baseline
2026-02-03T03:11:43.897120,sim_632ef48fe1,13,view,simulated_baseline
2026-02-03T03:15:21.897120,sim_632ef48fe1,13,wishlist,simulated_baseline
2026-02-03T03:16:02.897120,sim_632ef48fe1,13,view,simulated_baseline
2026-02-03T03:20:16.897120,sim_632ef48fe1,13,view,simulated_baseline
2026-02-03T03:20:29.897120,sim_632ef48fe1,13,view,simulated_baseline
2026-02-03T03:21:02.897120,sim_632ef48fe1,14,view,simulated_baseline
2026-02-03T03:25:13.897120,sim_632ef48fe1,7,wishlist,simulated_baseline
2026-02-03T03:27:33.897120,sim_632ef48fe1,6,view,simulated_baseline
2026-02-03T03:28:50.897120,sim_632ef48fe1,7,view,simulated_baseline
2026-02-05T12:04:14.897155,sim_be50a8bcdf,7,view,simulated_baseline
2026-02-05T12:07:23.897155,sim_be50a8bcdf,13,view,simulated_baseline
2026-02-05T12:11:04.897155,sim_be50a8bcdf,7,view,simulated_baseline
2026-02-05T12:11:23.897155,sim_be50a8bcdf,8,view,simulated_baseline
2026-02-05T12:15:43.897155,sim_be50a8bcdf,13,wishlist,simulated_baseline
2026-02-05T12:17:39.897155,sim_be50a8bcdf,8,view,simulated_baseline
2026-02-06T03:06:13.897178,sim_9b17d04c4f,13,view,simulated_baseline
2026-02-06T03:08:05.897178,sim_9b17d04c4f,7,view,simulated_baseline
2026-02-06T03:09:56.897178,sim_9b17d04c4f,9,view,simulated_baseline
2026-02-06T03:10:24.897178,sim_9b17d04c4f,8,wishlist,simulated_baseline
2026-02-06T03:15:04.897178,sim_9b17d04c4f,13,wishlist,simulated_baseline
2026-01-27T00:06:01.897198,sim_850a3c727d,12,view,simulated_baseline
2026-01-27T00:10:56.897198,sim_850a3c727d,11,view,simulated_baseline
2026-01-27T00:15:16.897198,sim_850a3c727d,11,view,simulated_baseline
2026-01-27T00:18:14.897198,sim_850a3c727d,11,view,simulated_baseline
2026-02-15T04:04:13.897216,sim_276dda4885,13,view,simulated_baseline
2026-02-15T04:05:51.897216,sim_276dda4885,14,view,simulated_baseline
2026-02-15T04:09:32.897216,sim_276dda4885,7,view,simulated_baseline
2026-02-15T04:11:19.897216,sim_276dda4885,13,view,simulated_baseline
2026-02-15T04:12:29.897216,sim_276dda4885,7,add_to_cart,simulated_baseline
2026-02-15T04:16:19.897216,sim_276dda4885,7,view,simulated_baseline
2026-02-15T04:19:16.897216,sim_276dda4885,7,add_to_cart,simulated_baseline
2026-02-15T04:20:14.897216,sim_276dda4885,7,wishlist,simulated_baseline
2026-02-20T23:05:30.897244,sim_a093f4f7d4,7,view,simulated_baseline
2026-02-20T23:07:01.897244,sim_a093f4f7d4,7,view,simulated_baseline
2026-02-20T23:11:22.897244,sim_a093f4f7d4,13,wishlist,simulated_baseline
2026-02-20T23:14:48.897244,sim_a093f4f7d4,7,view,simulated_baseline
2026-02-20T23:16:17.897244,sim_a093f4f7d4,7,wishlist,simulated_baseline
2026-02-20T23:20:18.897244,sim_a093f4f7d4,7,view,simulated_baseline
2026-02-21T21:06:07.897266,sim_4a9a0287d3,9,view,simulated_baseline
2026-02-21T21:11:03.897266,sim_4a9a0287d3,12,view,simulated_baseline
2026-02-21T21:15:40.897266,sim_4a9a0287d3,8,view,simulated_baseline
2026-02-21T21:18:57.897266,sim_4a9a0287d3,5,view,simulated_baseline
2026-02-21T21:22:36.897266,sim_4a9a0287d3,9,wishlist,simulated_baseline
2026-02-21T21:26:39.897266,sim_4a9a0287d3,9,view,simulated_baseline
2026-02-22T22:04:40.897289,sim_ac0d354a96,9,view,simulated_baseline
2026-02-22T22:05:18.897289,sim_ac0d354a96,8,view,simulated_baseline
2026-02-22T22:07:38.897289,sim_ac0d354a96,8,wishlist,simulated_baseline
2026-02-22T22:12:20.897289,sim_ac0d354a96,9,wishlist,simulated_baseline
2026-02-22T22:13:24.897289,sim_ac0d354a96,9,view,simulated_baseline
2026-02-22T22:17:27.897289,sim_ac0d354a96,8,view,simulated_baseline
2026-02-22T22:18:36.897289,sim_ac0d354a96,5,wishlist,simulated_baseline
2026-02-22T22:19:14.897289,sim_ac0d354a96,9,view,simulated_baseline
2026-02-22T22:21:20.897289,sim_ac0d354a96,10,view,simulated_baseline
2026-02-02T11:05:56.897322,sim_edff8d51e6,6,add_to_cart,simulated_baseline
2026-02-02T11:10:23.897322,sim_edff8d51e6,12,view,simulated_baseline
2026-02-02T11:12:34.897322,sim_edff8d51e6,5,add_to_cart,simulated_baseline
2026-02-04T21:08:12.897336,sim_131e328655,8,view,simulated_baseline
2026-02-04T21:08:58.897336,sim_131e328655,5,view,simulated_baseline
2026-02-04T21:09:36.897336,sim_131e328655,9,view,simulated_baseline
2026-02-04T21:13:01.897336,sim_131e328655,8,view,simulated_baseline
2026-02-04T21:13:42.897336,sim_131e328655,9,wishlist,simulated_baseline
2026-02-04T21:16:21.897336,sim_131e328655,9,view,simulated_baseline
2026-02-04T21:17:15.897336,sim_131e328655,9,add_to_cart,simulated_baseline
2026-02-04T21:21:57.897336,sim_131e328655,8,wishlist,simulated_baseline
2026-02-04T21:25:29.897336,sim_131e328655,9,wishlist,simulated_baseline
2026-01-31T16:05:29.897369,sim_136456d4e5,14,view,simulated_baseline
2026-01-31T16:05:52.897369,sim_136456d4e5,7,view,simulated_baseline
2026-01-31T16:07:53.897369,sim_136456d4e5,7,wishlist,simulated_baseline
2026-01-31T16:09:39.897369,sim_136456d4e5,13,view,simulated_baseline
2026-01-31T16:11:47.897369,sim_136456d4e5,7,view,simulated_baseline
2026-01-31T16:14:14.897369,sim_136456d4e5,7,view,simulated_baseline
2026-02-20T03:07:08.897391,sim_1bdc2bd0e0,9,view,simulated_baseline
2026-02-20T03:07:47.897391,sim_1bdc2bd0e0,9,view,simulated_baseline
2026-02-20T03:08:48.897391,sim_1bdc2bd0e0,8,wishlist,simulated_baseline
2026-02-20T03:11:33.897391,sim_1bdc2bd0e0,9,add_to_cart,simulated_baseline
2026-02-20T03:12:28.897391,sim_1bdc2bd0e0,9,view,simulated_baseline
2026-02-20T03:16:03.897391,sim_1bdc2bd0e0,9,wishlist,simulated_baseline
2026-02-20T03:18:12.897391,sim_1bdc2bd0e0,9,view,simulated_baseline
2026-02-20T03:22:27.897391,sim_1bdc2bd0e0,8,view,simulated_baseline
2026-02-20T03:26:21.897391,sim_1bdc2bd0e0,5,view,simulated_baseline
2026-02-20T03:27:59.897391,sim_1bdc2bd0e0,8,view,simulated_baseline
2026-02-06T02:05:15.897425,sim_e9386570a4,14,wishlist,simulated_baseline
2026-02-06T02:07:50.897425,sim_e9386570a4,7,add_to_cart,simulated_baseline
2026-02-06T02:09:14.897425,sim_e9386570a4,13,wishlist,simulated_baseline
2026-02-14T14:04:28.897440,sim_04a5a24c9e,6,wishlist,simulated_baseline
2026-02-14T14:05:14.897440,sim_04a5a24c9e,10,view,simulated_baseline
2026-02-14T14:08:33.897440,sim_04a5a24c9e,12,view,simulated_baseline
2026-01-29T07:07:48.897454,sim_406e939516,7,view,simulated_baseline
2026-01-29T07:09:03.897454,sim_406e939516,13,view,simulated_baseline
2026-01-29T07:10:15.897454,sim_406e939516,13,view,simulated_baseline
2026-01-29T07:12:29.897454,sim_406e939516,7,add_to_cart,simulated_baseline
2026-01-29T07:17:11.897454,sim_406e939516,7,wishlist,simulated_baseline
2026-01-29T07:19:04.897454,sim_406e939516,9,view,simulated_baseline
2026-01-29T07:19:57.897454,sim_406e939516,13,view,simulated_baseline
2026-01-29T07:23:43.897454,sim_406e939516,7,wishlist,simulated_baseline
2026-01-29T07:25:24.897454,sim_406e939516,12,view,simulated_baseline
2026-01-24T10:03:34.897486,sim_a56bdd1394,10,view,simulated_baseline
2026-01-24T10:07:33.897486,sim_a56bdd1394,12,view,simulated_baseline
2026-01-24T10:12:03.897486,sim_a56bdd1394,10,view,simulated_baseline
2026-01-24T10:14:59.897486,sim_a56bdd1394,11,view,simulated_baseline
2026-01-24T10:17:04.897486,sim_a56bdd1394,12,add_to_cart,simulated_baseline
2026-01-24T10:17:30.897486,sim_a56bdd1394,6,view,simulated_baseline
2026-01-24T10:20:47.897486,sim_a56bdd1394,11,view,simulated_baseline
2026-02-20T04:03:34.897515,sim_d68d732903,8,wishlist,simulated_baseline
2026-02-20T04:04:00.897515,sim_d68d732903,5,view,simulated_baseline
2026-02-20T04:07:31.897515,sim_d68d732903,5,add_to_cart,simulated_baseline
2026-02-20T04:11:05.897515,sim_d68d732903,5,wishlist,simulated_baseline
2026-02-20T04:14:12.897515,sim_d68d732903,7,view,simulated_baseline
2026-02-20T04:16:58.897515,sim_d68d732903,8,view,simulated_baseline
2026-02-20T04:19:52.897515,sim_d68d732903,13,view,simulated_baseline
2026-02-20T04:20:22.897515,sim_d68d732903,8,view,simulated_baseline
2026-01-27T03:07:09.897544,sim_1627afcd65,8,view,simulated_baseline
2026-01-27T03:10:11.897544,sim_1627afcd65,5,view,simulated_baseline
2026-01-27T03:14:31.897544,sim_1627afcd65,9,add_to_cart,simulated_baseline
2026-01-27T03:18:50.897544,sim_1627afcd65,5,wishlist,simulated_baseline
2026-01-27T03:23:16.897544,sim_1627afcd65,8,view,simulated_baseline
2026-01-27T03:25:21.897544,sim_1627afcd65,5,view,simulated_baseline
2026-01-27T03:29:15.897544,sim_1627afcd65,8,add_to_cart,simulated_baseline
2026-01-27T03:32:48.897544,sim_1627afcd65,9,wishlist,simulated_baseline
2026-02-07T13:04:15.897572,sim_be1726d4d9,12,wishlist,simulated_baseline
2026-02-07T13:07:05.897572,sim_be1726d4d9,11,view,simulated_baseline
2026-02-07T13:08:25.897572,sim_be1726d4d9,10,wishlist,simulated_baseline
2026-02-09T13:06:00.897586,sim_18bfa2ab9a,13,view,simulated_baseline
2026-02-09T13:07:59.897586,sim_18bfa2ab9a,14,wishlist,simulated_baseline
2026-02-09T13:09:00.897586,sim_18bfa2ab9a,13,view,simulated_baseline
2026-02-09T13:13:51.897586,sim_18bfa2ab9a,12,add_to_cart,simulated_baseline
2026-02-09T13:18:01.897586,sim_18bfa2ab9a,14,view,simulated_baseline
2026-02-11T02:06:01.897606,sim_3e5825fa8b,11,view,simulated_baseline
2026-02-11T02:09:35.897606,sim_3e5825fa8b,6,wishlist,simulated_baseline
2026-02-11T02:09:53.897606,sim_3e5825fa8b,12,view,simulated_baseline
2026-02-11T02:12:12.897606,sim_3e5825fa8b,11,view,simulated_baseline
2026-02-11T02:15:58.897606,sim_3e5825fa8b,11,view,simulated_baseline
2026-02-11T02:17:49.897606,sim_3e5825fa8b,6,view,simulated_baseline
2026-02-11T02:18:12.897606,sim_3e5825fa8b,10,view,simulated_baseline
2026-02-11T02:20:29.897606,sim_3e5825fa8b,11,wishlist,simulated_baseline
2026-02-11T02:24:07.897606,sim_3e5825fa8b,10,view,simulated_baseline
2026-02-11T02:26:18.897606,sim_3e5825fa8b,10,wishlist,simulated_baseline
2026-02-04T08:03:40.897641,sim_53631d1085,7,view,simulated_baseline
2026-02-04T08:05:44.897641,sim_53631d1085,13,view,simulated_baseline
2026-02-04T08:07:19.897641,sim_53631d1085,13,view,simulated_baseline
2026-02-04T18:06:52.897655,sim_8d24d5533b,13,wishlist,simulated_baseline
2026-02-04T18:09:06.897655,sim_8d24d5533b,13,view,simulated_baseline
2026-02-04T18:12:23.897655,sim_8d24d5533b,13,view,simulated_baseline
2026-02-02T11:05:54.897669,sim_530544a573,14,view,simulated_baseline
2026-02-02T11:09:36.897669,sim_530544a573,9,view,simulated_baseline
2026-02-02T11:13:41.897669,sim_530544a573,14,wishlist,simulated_baseline
2026-02-02T11:17:35.897669,sim_530544a573,14,view,simulated_baseline
2026-02-02T11:18:03.897669,sim_530544a573,14,view,simulated_baseline
2026-02-02T11:20:24.897669,sim_530544a573,13,wishlist,simulated_baseline
2026-02-02T11:25:24.897669,sim_530544a573,7,view,simulated_baseline
2026-02-02T11:28:04.897669,sim_530544a573,11,view,simulated_baseline
2026-02-02T11:31:33.897669,sim_530544a573,7,view,simulated_baseline
2026-02-02T11:35:17.897669,sim_530544a573,13,add_to_cart,simulated_baseline
2026-02-07T03:06:33.897703,sim_b007804298,7,wishlist,simulated_baseline
2026-02-07T03:11:26.897703,sim_b007804298,13,view,simulated_baseline
2026-02-07T03:13:00.897703,sim_b007804298,9,add_to_cart,simulated_baseline
2026-02-07T03:14:06.897703,sim_b007804298,7,view,simulated_baseline
2026-02-07T03:17:42.897703,sim_b007804298,11,view,simulated_baseline
2026-01-31T19:05:33.897723,sim_34da1dcdca,13,view,simulated_baseline
2026-01-31T19:10:20.897723,sim_34da1dcdca,14,wishlist,simulated_baseline
2026-01-31T19:11:31.897723,sim_34da1dcdca,7,view,simulated_baseline
2026-01-31T19:15:00.897723,sim_34da1dcdca,7,view,simulated_baseline
2026-01-31T19:18:18.897723,sim_34da1dcdca,11,view,simulated_baseline
2026-01-31T19:19:55.897723,sim_34da1dcdca,7,add_to_cart,simulated_baseline
2026-01-31T19:23:21.897723,sim_34da1dcdca,13,view,simulated_baseline
2026-01-31T19:26:30.897723,sim_34da1dcdca,14,wishlist,simulated_baseline
2026-01-31T19:29:03.897723,sim_34da1dcdca,14,view,simulated_baseline
2026-01-25T19:04:36.897755,sim_107ac6c46f,7,view,simulated_baseline
2026-01-25T19:08:19.897755,sim_107ac6c46f,13,wishlist,simulated_baseline
2026-01-25T19:11:02.897755,sim_107ac6c46f,7,view,simulated_baseline
2026-01-25T19:12:23.897755,sim_107ac6c46f,13,view,simulated_baseline
2026-01-25T19:12:47.897755,sim_107ac6c46f,8,wishlist,simulated_baseline
2026-01-25T19:15:30.897755,sim_107ac6c46f,7,view,simulated_baseline
2026-01-25T19:17:08.897755,sim_107ac6c46f,14,view,simulated_baseline
2026-01-25T19:21:09.897755,sim_107ac6c46f,13,view,simulated_baseline
2026-01-25T19:25:58.897755,sim_107ac6c46f,7,view,simulated_baseline
2026-02-16T11:07:40.897795,sim_0518e74c65,9,view,simulated_baseline
2026-02-16T11:11:33.897795,sim_0518e74c65,13,wishlist,simulated_baseline
2026-02-16T11:14:23.897795,sim_0518e74c65,5,view,simulated_baseline
2026-02-16T11:18:17.897795,sim_0518e74c65,8,wishlist,simulated_baseline
2026-02-16T11:20:48.897795,sim_0518e74c65,12,wishlist,simulated_baseline
2026-02-04T15:03:28.897815,sim_26eba51156,7,view,simulated_baseline
2026-02-04T15:08:21.897815,sim_26eba51156,7,view,simulated_baseline
2026-02-04T15:12:19.897815,sim_26eba51156,7,view,simulated_baseline
2026-02-04T15:13:39.897815,sim_26eba51156,14,wishlist,simulated_baseline
2026-02-04T15:16:59.897815,sim_26eba51156,5,view,simulated_baseline
2026-02-04T15:19:33.897815,sim_26eba51156,7,wishlist,simulated_baseline
2026-02-04T15:24:22.897815,sim_26eba51156,14,view,simulated_baseline
2026-02-04T15:27:18.897815,sim_26eba51156,7,view,simulated_baseline
2026-02-03T17:07:35.897843,sim_7e974a4b2f,11,add_to_cart,simulated_baseline
2026-02-03T17:11:09.897843,sim_7e974a4b2f,9,view,simulated_baseline
2026-02-03T17:11:23.897843,sim_7e974a4b2f,10,view,simulated_baseline
2026-02-03T17:16:23.897843,sim_7e974a4b2f,8,view,simulated_baseline
2026-02-03T17:17:32.897843,sim_7e974a4b2f,5,view,simulated_baseline
2026-02-06T11:03:30.897863,sim_b628825c30,11,view,simulated_baseline
2026-02-06T11:08:03.897863,sim_b628825c30,11,view,simulated_baseline
2026-02-06T11:09:37.897863,sim_b628825c30,14,wishlist,simulated_baseline
2026-02-06T11:10:19.897863,sim_b628825c30,6,view,simulated_baseline
2026-02-06T11:12:31.897863,sim_b628825c30,6,view,simulated_baseline
2026-02-06T11:17:03.897863,sim_b628825c30,12,wishlist,simulated_baseline
2026-02-11T00:06:38.897886,sim_337d610801,11,view,simulated_baseline
2026-02-11T00:07:26.897886,sim_337d610801,13,view,simulated_baseline
2026-02-11T00:09:52.897886,sim_337d610801,11,wishlist,simulated_baseline
2026-02-11T00:13:39.897886,sim_337d610801,6,view,simulated_baseline
2026-02-11T00:14:03.897886,sim_337d610801,11,wishlist,simulated_baseline
2026-02-11T00:14:24.897886,sim_337d610801,10,wishlist,simulated_baseline
2026-02-11T00:18:29.897886,sim_337d610801,11,add_to_cart,simulated_baseline
2026-02-11T00:20:33.897886,sim_337d610801,10,view,simulated_baseline
2026-02-11T00:21:47.897886,sim_337d610801,8,view,simulated_baseline
2026-02-11T00:26:12.897886,sim_337d610801,10,view,simulated_baseline
2026-02-02T04:07:14.897922,sim_3eb8f16ff8,11,view,simulated_baseline
2026-02-02T04:11:29.897922,sim_3eb8f16ff8,13,wishlist,simulated_baseline
2026-02-02T04:15:58.897922,sim_3eb8f16ff8,5,view,simulated_baseline
2026-02-02T04:19:32.897922,sim_3eb8f16ff8,11,view,simulated_baseline
2026-02-02T04:21:59.897922,sim_3eb8f16ff8,11,view,simulated_baseline
2026-02-02T04:23:25.897922,sim_3eb8f16ff8,6,view,simulated_baseline
2026-02-02T04:27:53.897922,sim_3eb8f16ff8,12,view,simulated_baseline
2026-02-02T04:28:09.897922,sim_3eb8f16ff8,12,view,simulated_baseline
2026-02-02T04:28:30.897922,sim_3eb8f16ff8,6,view,simulated_baseline
2026-02-18T11:04:52.897956,sim_86003213d8,11,add_to_cart,simulated_baseline
2026-02-18T11:09:33.897956,sim_86003213d8,13,view,simulated_baseline
2026-02-18T11:12:11.897956,sim_86003213d8,7,view,simulated_baseline
2026-02-18T11:14:26.897956,sim_86003213d8,7,wishlist,simulated_baseline
2026-02-18T11:15:24.897956,sim_86003213d8,7,view,simulated_baseline
2026-02-18T11:18:06.897956,sim_86003213d8,14,view,simulated_baseline
2026-02-14T11:04:30.897979,sim_1aa990b92d,6,view,simulated_baseline
2026-02-14T11:06:06.897979,sim_1aa990b92d,6,wishlist,simulated_baseline
2026-02-14T11:09:32.897979,sim_1aa990b92d,12,wishlist,simulated_baseline
2026-02-14T11:13:08.897979,sim_1aa990b92d,11,view,simulated_baseline
2026-02-14T11:15:40.897979,sim_1aa990b92d,10,add_to_cart,simulated_baseline
2026-02-14T11:19:30.897979,sim_1aa990b92d,6,view,simulated_baseline
2026-02-14T11:21:50.897979,sim_1aa990b92d,12,view,simulated_baseline
2026-02-14T11:25:54.897979,sim_1aa990b92d,10,add_to_cart,simulated_baseline
2026-02-14T11:26:15.897979,sim_1aa990b92d,10,view,simulated_baseline
2026-02-14T11:31:11.897979,sim_1aa990b92d,6,view,simulated_baseline
2026-02-12T16:05:56.898015,sim_e4302ddfce,10,view,simulated_baseline
2026-02-12T16:06:10.898015,sim_e4302ddfce,9,wishlist,simulated_baseline
2026-02-12T16:06:20.898015,sim_e4302ddfce,8,add_to_cart,simulated_baseline
2026-02-12T16:08:52.898015,sim_e4302ddfce,8,view,simulated_baseline
2026-02-12T16:11:05.898015,sim_e4302ddfce,5,add_to_cart,simulated_baseline
2026-02-22T14:03:51.898034,sim_ae6315e3e4,10,view,simulated_baseline
2026-02-22T14:05:32.898034,sim_ae6315e3e4,12,view,simulated_baseline
2026-02-22T14:07:47.898034,sim_ae6315e3e4,6,view,simulated_baseline
2026-02-22T14:08:35.898034,sim_ae6315e3e4,11,add_to_cart,simulated_baseline
2026-02-22T14:10:28.898034,sim_ae6315e3e4,12,view,simulated_baseline
2026-01-31T09:05:00.898054,sim_40e8bb761e,8,view,simulated_baseline
2026-01-31T09:07:37.898054,sim_40e8bb761e,9,view,simulated_baseline
2026-01-31T09:12:15.898054,sim_40e8bb761e,9,view,simulated_baseline
2026-01-31T09:13:09.898054,sim_40e8bb761e,8,wishlist,simulated_baseline
2026-02-19T18:05:14.898071,sim_9912d0cc34,12,view,simulated_baseline
2026-02-19T18:10:03.898071,sim_9912d0cc34,13,view,simulated_baseline
2026-02-19T18:12:52.898071,sim_9912d0cc34,8,wishlist,simulated_baseline
2026-02-19T18:16:30.898071,sim_9912d0cc34,12,view,simulated_baseline
2026-02-19T18:18:58.898071,sim_9912d0cc34,6,add_to_cart,simulated_baseline
2026-02-19T18:20:08.898071,sim_9912d0cc34,10,view,simulated_baseline
2026-02-09T03:04:29.898094,sim_226be0c7eb,12,add_to_cart,simulated_baseline
2026-02-09T03:05:41.898094,sim_226be0c7eb,11,view,simulated_baseline
2026-02-09T03:10:31.898094,sim_226be0c7eb,12,view,simulated_baseline
2026-02-09T03:14:28.898094,sim_226be0c7eb,11,view,simulated_baseline
2026-02-09T03:15:14.898094,sim_226be0c7eb,9,view,simulated_baseline
2026-02-09T03:15:46.898094,sim_226be0c7eb,11,view,simulated_baseline
2026-02-09T03:17:17.898094,sim_226be0c7eb,10,view,simulated_baseline
2026-02-09T03:21:28.898094,sim_226be0c7eb,7,add_to_cart,simulated_baseline
2026-02-09T03:26:07.898094,sim_226be0c7eb,6,wishlist,simulated_baseline
2026-02-18T19:04:14.898127,sim_b2fe0865a8,10,wishlist,simulated_baseline
2026-02-18T19:08:42.898127,sim_b2fe0865a8,11,view,simulated_baseline
2026-02-18T19:10:18.898127,sim_b2fe0865a8,12,view,simulated_baseline
2026-02-18T19:12:11.898127,sim_b2fe0865a8,12,view,simulated_baseline
2026-02-18T19:16:02.898127,sim_b2fe0865a8,12,add_to_cart,simulated_baseline
2026-02-18T19:18:16.898127,sim_b2fe0865a8,10,view,simulated_baseline
2026-02-18T19:22:39.898127,sim_b2fe0865a8,6,view,simulated_baseline
2026-02-18T19:24:26.898127,sim_b2fe0865a8,11,view,simulated_baseline
2026-02-18T19:28:16.898127,sim_b2fe0865a8,11,add_to_cart,simulated_baseline
2026-02-01T18:07:10.898159,sim_8c84dc6f2d,11,view,simulated_baseline
2026-02-01T18:11:12.898159,sim_8c84dc6f2d,10,wishlist,simulated_baseline
2026-02-01T18:14:11.898159,sim_8c84dc6f2d,12,view,simulated_baseline
2026-02-01T18:14:49.898159,sim_8c84dc6f2d,6,view,simulated_baseline
2026-02-01T18:18:08.898159,sim_8c84dc6f2d,12,view,simulated_baseline
2026-02-01T18:19:32.898159,sim_8c84dc6f2d,7,view,simulated_baseline
2026-02-01T18:20:48.898159,sim_8c84dc6f2d,12,view,simulated_baseline
2026-02-01T18:21:12.898159,sim_8c84dc6f2d,11,view,simulated_baseline
2026-02-01T18:25:34.898159,sim_8c84dc6f2d,6,wishlist,simulated_baseline
2026-01-31T05:06:27.898191,sim_993d7c0165,7,view,simulated_baseline
2026-01-31T05:11:21.898191,sim_993d7c0165,10,view,simulated_baseline
2026-01-31T05:12:20.898191,sim_993d7c0165,9,view,simulated_baseline
2026-01-31T05:14:05.898191,sim_993d7c0165,11,view,simulated_baseline
2026-01-31T05:14:46.898191,sim_993d7c0165,11,view,simulated_baseline
2026-01-31T05:18:06.898191,sim_993d7c0165,11,view,simulated_baseline
2026-01-31T05:22:14.898191,sim_993d7c0165,6,add_to_cart,simulated_baseline
2026-01-31T05:26:58.898191,sim_993d7c0165,6,add_to_cart,simulated_baseline
2026-01-31T05:29:02.898191,sim_993d7c0165,9,view,simulated_baseline
2026-01-31T05:29:56.898191,sim_993d7c0165,11,view,simulated_baseline
2026-02-04T12:07:15.898226,sim_3040d9433a,12,wishlist,simulated_baseline
2026-02-04T12:09:40.898226,sim_3040d9433a,6,view,simulated_baseline
2026-02-04T12:13:48.898226,sim_3040d9433a,6,view,simulated_baseline
2026-01-25T15:07:32.898240,sim_5b21cd1079,7,view,simulated_baseline
2026-01-25T15:11:32.898240,sim_5b21cd1079,14,view,simulated_baseline
2026-01-25T15:11:57.898240,sim_5b21cd1079,13,wishlist,simulated_baseline
2026-01-25T15:15:38.898240,sim_5b21cd1079,7,view,simulated_baseline
2026-01-25T15:18:50.898240,sim_5b21cd1079,7,view,simulated_baseline
2026-01-25T15:20:48.898240,sim_5b21cd1079,14,view,simulated_baseline
2026-02-10T05:05:26.898262,sim_334446ea9d,6,view,simulated_baseline
2026-02-10T05:09:03.898262,sim_334446ea9d,11,wishlist,simulated_baseline
2026-02-10T05:11:13.898262,sim_334446ea9d,12,view,simulated_baseline
2026-02-10T05:14:30.898262,sim_334446ea9d,6,view,simulated_baseline
2026-02-10T05:18:46.898262,sim_334446ea9d,13,view,simulated_baseline
2026-02-10T05:21:10.898262,sim_334446ea9d,12,wishlist,simulated_baseline
2026-02-10T05:22:51.898262,sim_334446ea9d,11,wishlist,simulated_baseline
2026-02-10T05:23:45.898262,sim_334446ea9d,6,wishlist,simulated_baseline
2026-02-10T05:28:43.898262,sim_334446ea9d,10,view,simulated_baseline
2026-01-25T20:03:41.898294,sim_bcba8893a9,5,view,simulated_baseline
2026-01-25T20:07:53.898294,sim_bcba8893a9,5,wishlist,simulated_baseline
2026-01-25T20:10:21.898294,sim_bcba8893a9,5,view,simulated_baseline
2026-01-25T20:14:28.898294,sim_bcba8893a9,9,view,simulated_baseline
2026-01-25T20:19:03.898294,sim_bcba8893a9,14,view,simulated_baseline
2026-01-25T20:21:37.898294,sim_bcba8893a9,8,view,simulated_baseline
2026-01-25T20:26:26.898294,sim_bcba8893a9,9,view,simulated_baseline
2026-02-09T23:06:31.898320,sim_f0c1fc8d39,10,view,simulated_baseline
2026-02-09T23:08:22.898320,sim_f0c1fc8d39,11,view,simulated_baseline
2026-02-09T23:10:00.898320,sim_f0c1fc8d39,14,view,simulated_baseline
2026-02-09T23:10:43.898320,sim_f0c1fc8d39,12,view,simulated_baseline
2026-02-09T23:11:11.898320,sim_f0c1fc8d39,7,view,simulated_baseline
2026-02-09T23:13:11.898320,sim_f0c1fc8d39,5,view,simulated_baseline
2026-02-09T23:16:24.898320,sim_f0c1fc8d39,10,view,simulated_baseline
2026-02-09T23:19:41.898320,sim_f0c1fc8d39,10,view,simulated_baseline
2026-02-17T01:08:00.898349,sim_bf23df7de6,5,view,simulated_baseline
2026-02-17T01:12:10.898349,sim_bf23df7de6,13,view,simulated_baseline
2026-02-17T01:16:21.898349,sim_bf23df7de6,8,view,simulated_baseline
2026-02-17T01:18:08.898349,sim_bf23df7de6,8,wishlist,simulated_baseline
2026-02-17T01:22:38.898349,sim_bf23df7de6,9,wishlist,simulated_baseline
2026-02-17T01:23:52.898349,sim_bf23df7de6,9,wishlist,simulated_baseline
2026-02-17T01:24:49.898349,sim_bf23df7de6,5,view,simulated_baseline
2026-02-17T01:26:24.898349,sim_bf23df7de6,8,view,simulated_baseline
2026-02-17T23:04:50.898381,sim_224e270f09,6,view,simulated_baseline
2026-02-17T23:05:50.898381,sim_224e270f09,6,view,simulated_baseline
2026-02-17T23:08:41.898381,sim_224e270f09,11,view,simulated_baseline
2026-02-17T23:11:17.898381,sim_224e270f09,7,view,simulated_baseline
2026-02-17T23:12:47.898381,sim_224e270f09,11,wishlist,simulated_baseline
2026-02-13T18:06:17.898401,sim_ece19bb964,12,wishlist,simulated_baseline
2026-02-13T18:11:08.898401,sim_ece19bb964,6,view,simulated_baseline
2026-02-13T18:12:56.898401,sim_ece19bb964,12,wishlist,simulated_baseline
2026-02-13T18:15:04.898401,sim_ece19bb964,6,view,simulated_baseline
2026-02-13T18:19:42.898401,sim_ece19bb964,10,view,simulated_baseline
2026-02-13T18:20:51.898401,sim_ece19bb964,12,wishlist,simulated_baseline
2026-02-13T18:25:39.898401,sim_ece19bb964,12,view,simulated_baseline
2026-02-13T18:30:34.898401,sim_ece19bb964,11,view,simulated_baseline
2026-01-31T01:03:51.898431,sim_cb98be16fa,13,add_to_cart,simulated_baseline
2026-01-31T01:07:59.898431,sim_cb98be16fa,7,add_to_cart,simulated_baseline
2026-01-31T01:11:48.898431,sim_cb98be16fa,13,view,simulated_baseline
2026-01-31T01:12:10.898431,sim_cb98be16fa,13,wishlist,simulated_baseline
2026-01-31T01:14:18.898431,sim_cb98be16fa,7,view,simulated_baseline
2026-01-31T01:19:02.898431,sim_cb98be16fa,13,view,simulated_baseline
2026-01-31T01:20:32.898431,sim_cb98be16fa,13,wishlist,simulated_baseline
2026-01-31T01:23:55.898431,sim_cb98be16fa,11,view,simulated_baseline
2026-01-31T01:27:15.898431,sim_cb98be16fa,7,view,simulated_baseline
2026-02-06T23:03:40.898463,sim_285eba4d00,8,view,simulated_baseline
2026-02-06T23:06:42.898463,sim_285eba4d00,5,view,simulated_baseline
2026-02-06T23:06:52.898463,sim_285eba4d00,9,view,simulated_baseline
2026-02-06T23:08:44.898463,sim_285eba4d00,12,view,simulated_baseline
2026-02-06T23:11:47.898463,sim_285eba4d00,5,wishlist,simulated_baseline
2026-02-06T23:12:45.898463,sim_285eba4d00,9,view,simulated_baseline
2026-01-31T04:04:22.898486,sim_86ff998074,6,view,simulated_baseline
2026-01-31T04:07:36.898486,sim_86ff998074,6,view,simulated_baseline
2026-01-31T04:11:07.898486,sim_86ff998074,12,view,simulated_baseline
2026-01-31T04:11:53.898486,sim_86ff998074,12,wishlist,simulated_baseline
2026-01-31T04:12:25.898486,sim_86ff998074,12,view,simulated_baseline
2026-01-31T04:14:58.898486,sim_86ff998074,11,view,simulated_baseline
2026-02-17T08:05:55.898508,sim_9a5db9ed57,5,add_to_cart,simulated_baseline
2026-02-17T08:06:27.898508,sim_9a5db9ed57,9,wishlist,simulated_baseline
2026-02-17T08:07:25.898508,sim_9a5db9ed57,5,view,simulated_baseline
2026-02-04T21:06:36.898522,sim_7068b5ed96,13,view,simulated_baseline
2026-02-04T21:08:29.898522,sim_7068b5ed96,7,add_to_cart,simulated_baseline
2026-02-04T21:10:20.898522,sim_7068b5ed96,14,view,simulated_baseline
2026-02-04T21:14:39.898522,sim_7068b5ed96,11,add_to_cart,simulated_baseline
2026-02-04T21:16:32.898522,sim_7068b5ed96,14,wishlist,simulated_baseline
2026-02-04T21:18:07.898522,sim_7068b5ed96,7,view,simulated_baseline
2026-02-04T21:20:04.898522,sim_7068b5ed96,5,view,simulated_baseline
2026-02-04T21:24:12.898522,sim_7068b5ed96,9,view,simulated_baseline
2026-02-11T20:06:27.898551,sim_8e3dac0ae2,7,add_to_cart,simulated_baseline
2026-02-11T20:07:54.898551,sim_8e3dac0ae2,13,wishlist,simulated_baseline
2026-02-11T20:12:08.898551,sim_8e3dac0ae2,7,view,simulated_baseline
2026-01-27T11:07:49.898564,sim_c6065d3e01,10,add_to_cart,simulated_baseline
2026-01-27T11:12:01.898564,sim_c6065d3e01,6,view,simulated_baseline
2026-01-27T11:14:54.898564,sim_c6065d3e01,11,add_to_cart,simulated_baseline
2026-01-27T11:17:43.898564,sim_c6065d3e01,6,view,simulated_baseline
2026-01-27T11:19:33.898564,sim_c6065d3e01,12,wishlist,simulated_baseline
2026-01-27T11:23:59.898564,sim_c6065d3e01,11,add_to_cart,simulated_baseline
2026-02-07T09:06:46.898588,sim_d3f3696186,14,view,simulated_baseline
2026-02-07T09:07:28.898588,sim_d3f3696186,7,wishlist,simulated_baseline
2026-02-07T09:10:33.898588,sim_d3f3696186,14,view,simulated_baseline
2026-02-07T09:12:53.898588,sim_d3f3696186,7,view,simulated_baseline
2026-02-07T09:13:12.898588,sim_d3f3696186,7,wishlist,simulated_baseline
2026-02-07T09:17:01.898588,sim_d3f3696186,7,view,simulated_baseline
2026-02-07T09:21:03.898588,sim_d3f3696186,14,view,simulated_baseline
2026-02-07T09:24:37.898588,sim_d3f3696186,14,view,simulated_baseline
2026-02-07T09:29:30.898588,sim_d3f3696186,13,view,simulated_baseline
2026-02-14T19:07:59.898619,sim_dece23bb21,8,add_to_cart,simulated_baseline
2026-02-14T19:09:05.898619,sim_dece23bb21,8,view,simulated_baseline
2026-02-14T19:09:41.898619,sim_dece23bb21,9,view,simulated_baseline
2026-02-14T19:11:56.898619,sim_dece23bb21,9,view,simulated_baseline
2026-02-11T21:05:20.898635,sim_138c484c90,11,wishlist,simulated_baseline
2026-02-11T21:07:52.898635,sim_138c484c90,6,view,simulated_baseline
2026-02-11T21:09:46.898635,sim_138c484c90,10,view,simulated_baseline
2026-02-11T21:12:00.898635,sim_138c484c90,10,view,simulated_baseline
2026-02-11T21:14:46.898635,sim_138c484c90,10,view,simulated_baseline
2026-02-11T21:17:29.898635,sim_138c484c90,6,view,simulated_baseline
2026-02-11T21:20:00.898635,sim_138c484c90,10,view,simulated_baseline
2026-02-11T21:20:45.898635,sim_138c484c90,13,view,simulated_baseline
2026-02-11T21:22:27.898635,sim_138c484c90,12,view,simulated_baseline
2026-02-11T21:25:41.898635,sim_138c484c90,6,view,simulated_baseline
2026-02-11T05:07:55.898670,sim_0781df7e77,14,view,simulated_baseline
2026-02-11T05:12:53.898670,sim_0781df7e77,13,wishlist,simulated_baseline
2026-02-11T05:14:31.898670,sim_0781df7e77,10,view,simulated_baseline
2026-02-11T05:15:36.898670,sim_0781df7e77,7,view,simulated_baseline
2026-02-11T05:20:31.898670,sim_0781df7e77,7,view,simulated_baseline
2026-02-11T05:24:06.898670,sim_0781df7e77,7,wishlist,simulated_baseline
2026-02-11T05:29:00.898670,sim_0781df7e77,12,view,simulated_baseline
2026-02-11T05:31:01.898670,sim_0781df7e77,14,view,simulated_baseline
2026-02-11T05:33:08.898670,sim_0781df7e77,7,wishlist,simulated_baseline
2026-02-11T05:33:40.898670,sim_0781df7e77,13,view,simulated_baseline
2026-02-15T22:05:18.898705,sim_3671fccb35,14,view,simulated_baseline
2026-02-15T22:09:48.898705,sim_3671fccb35,7,view,simulated_baseline
2026-02-15T22:14:05.898705,sim_3671fccb35,13,view,simulated_baseline
2026-02-15T22:18:18.898705,sim_3671fccb35,7,view,simulated_baseline
2026-02-15T22:19:46.898705,sim_3671fccb35,13,view,simulated_baseline
2026-02-03T05:04:14.898725,sim_9f81f24bb2,9,view,simulated_baseline
2026-02-03T05:04:38.898725,sim_9f81f24bb2,5,view,simulated_baseline
2026-02-03T05:06:15.898725,sim_9f81f24bb2,9,wishlist,simulated_baseline
2026-02-03T05:08:08.898725,sim_9f81f24bb2,9,wishlist,simulated_baseline
2026-02-03T05:08:29.898725,sim_9f81f24bb2,8,view,simulated_baseline
2026-02-03T05:11:36.898725,sim_9f81f24bb2,5,view,simulated_baseline
2026-02-01T20:07:01.898747,sim_32d15bc7ca,8,view,simulated_baseline
2026-02-01T20:10:20.898747,sim_32d15bc7ca,9,view,simulated_baseline
2026-02-01T20:13:59.898747,sim_32d15bc7ca,9,add_to_cart,simulated_baseline
2026-02-01T20:16:15.898747,sim_32d15bc7ca,9,view,simulated_baseline
2026-02-01T20:18:41.898747,sim_32d15bc7ca,8,view,simulated_baseline
2026-02-01T20:20:00.898747,sim_32d15bc7ca,5,view,simulated_baseline
2026-02-01T20:23:59.898747,sim_32d15bc7ca,5,view,simulated_baseline
2026-02-01T20:27:50.898747,sim_32d15bc7ca,8,view,simulated_baseline
2026-02-01T20:32:22.898747,sim_32d15bc7ca,9,wishlist,simulated_baseline
2026-02-01T20:32:38.898747,sim_32d15bc7ca,5,add_to_cart,simulated_baseline
2026-02-10T14:06:55.898782,sim_7a1a7150ef,10,wishlist,simulated_baseline
2026-02-10T14:10:15.898782,sim_7a1a7150ef,9,view,simulated_baseline
2026-02-10T14:13:37.898782,sim_7a1a7150ef,11,view,simulated_baseline
2026-02-10T14:17:04.898782,sim_7a1a7150ef,10,view,simulated_baseline
2026-02-10T14:19:21.898782,sim_7a1a7150ef,12,view,simulated_baseline
2026-02-10T14:20:18.898782,sim_7a1a7150ef,12,view,simulated_baseline
2026-01-25T23:07:05.898805,sim_cd7e416393,5,view,simulated_baseline
2026-01-25T23:09:08.898805,sim_cd7e416393,9,wishlist,simulated_baseline
2026-01-25T23:10:01.898805,sim_cd7e416393,8,view,simulated_baseline
2026-01-25T23:12:01.898805,sim_cd7e416393,13,view,simulated_baseline
2026-01-25T23:12:26.898805,sim_cd7e416393,5,view,simulated_baseline
2026-01-25T23:17:09.898805,sim_cd7e416393,8,add_to_cart,simulated_baseline
2026-01-25T23:18:32.898805,sim_cd7e416393,9,view,simulated_baseline
2026-01-25T23:20:26.898805,sim_cd7e416393,8,view,simulated_baseline
2026-01-25T23:22:57.898805,sim_cd7e416393,5,view,simulated_baseline
2026-01-29T07:08:05.898948,sim_e3029fd2c4,8,view,simulated_baseline
2026-01-29T07:11:36.898948,sim_e3029fd2c4,5,view,simulated_baseline
2026-01-29T07:12:32.898948,sim_e3029fd2c4,8,view,simulated_baseline
2026-01-29T07:16:40.898948,sim_e3029fd2c4,9,add_to_cart,simulated_baseline
2026-01-29T07:21:14.898948,sim_e3029fd2c4,5,view,simulated_baseline
2026-01-28T05:06:50.898970,sim_a84eacf31c,7,add_to_cart,simulated_baseline
2026-01-28T05:09:34.898970,sim_a84eacf31c,14,view,simulated_baseline
2026-01-28T05:13:20.898970,sim_a84eacf31c,7,wishlist,simulated_baseline
2026-01-28T05:17:16.898970,sim_a84eacf31c,13,view,simulated_baseline
2026-01-28T05:19:49.898970,sim_a84eacf31c,7,view,simulated_baseline
2026-02-05T06:04:47.898990,sim_4635200b4c,13,wishlist,simulated_baseline
2026-02-05T06:08:53.898990,sim_4635200b4c,7,view,simulated_baseline
2026-02-05T06:11:47.898990,sim_4635200b4c,13,wishlist,simulated_baseline
2026-02-05T06:11:59.898990,sim_4635200b4c,14,view,simulated_baseline
2026-02-15T15:05:01.899008,sim_8d84ccdc67,11,view,simulated_baseline
2026-02-15T15:06:38.899008,sim_8d84ccdc67,6,view,simulated_baseline
2026-02-15T15:09:19.899008,sim_8d84ccdc67,6,view,simulated_baseline
2026-02-15T15:14:14.899008,sim_8d84ccdc67,11,view,simulated_baseline
2026-02-15T15:18:55.899008,sim_8d84ccdc67,11,view,simulated_baseline
2026-02-15T15:20:50.899008,sim_8d84ccdc67,11,view,simulated_baseline
2026-02-15T15:23:32.899008,sim_8d84ccdc67,10,view,simulated_baseline
2026-02-15T15:24:13.899008,sim_8d84ccdc67,10,wishlist,simulated_baseline
2026-02-15T15:26:25.899008,sim_8d84ccdc67,14,wishlist,simulated_baseline
2026-02-15T15:31:17.899008,sim_8d84ccdc67,6,wishlist,simulated_baseline
2026-01-27T17:06:04.899044,sim_84bcef750e,6,view,simulated_baseline
2026-01-27T17:09:39.899044,sim_84bcef750e,12,view,simulated_baseline
2026-01-27T17:09:58.899044,sim_84bcef750e,6,view,simulated_baseline
2026-02-05T15:08:11.899057,sim_8db8dc84d7,12,view,simulated_baseline
2026-02-05T15:08:27.899057,sim_8db8dc84d7,12,wishlist,simulated_baseline
2026-02-05T15:09:14.899057,sim_8db8dc84d7,10,view,simulated_baseline
2026-02-05T15:13:27.899057,sim_8db8dc84d7,11,wishlist,simulated_baseline
2026-02-05T15:15:36.899057,sim_8db8dc84d7,11,view,simulated_baseline
2026-02-05T15:19:51.899057,sim_8db8dc84d7,11,view,simulated_baseline
2026-02-05T15:22:56.899057,sim_8db8dc84d7,6,view,simulated_baseline
2026-02-05T15:25:00.899057,sim_8db8dc84d7,10,view,simulated_baseline
2026-02-17T00:05:15.899087,sim_beadc998bf,13,add_to_cart,simulated_baseline
2026-02-17T00:07:51.899087,sim_beadc998bf,14,view,simulated_baseline
2026-02-17T00:09:37.899087,sim_beadc998bf,7,view,simulated_baseline
2026-02-17T00:13:44.899087,sim_beadc998bf,14,view,simulated_baseline
2026-02-17T00:13:58.899087,sim_beadc998bf,7,view,simulated_baseline
2026-02-17T00:15:22.899087,sim_beadc998bf,14,view,simulated_baseline
2026-02-17T00:18:17.899087,sim_beadc998bf,14,view,simulated_baseline
2026-02-17T00:18:40.899087,sim_beadc998bf,8,view,simulated_baseline
2026-02-17T00:20:22.899087,sim_beadc998bf,13,view,simulated_baseline
2026-02-17T00:22:58.899087,sim_beadc998bf,13,view,simulated_baseline
2026-02-21T15:05:06.899122,sim_1b16d3fe9a,7,view,simulated_baseline
2026-02-21T15:07:16.899122,sim_1b16d3fe9a,8,view,simulated_baseline
2026-02-21T15:11:17.899122,sim_1b16d3fe9a,9,view,simulated_baseline
2026-02-21T15:12:40.899122,sim_1b16d3fe9a,5,view,simulated_baseline
2026-02-21T15:17:13.899122,sim_1b16d3fe9a,8,view,simulated_baseline
2026-02-21T15:21:31.899122,sim_1b16d3fe9a,5,view,simulated_baseline
2026-02-13T04:04:54.899145,sim_c48aa2f310,12,wishlist,simulated_baseline
2026-02-13T04:07:39.899145,sim_c48aa2f310,8,view,simulated_baseline
2026-02-13T04:08:06.899145,sim_c48aa2f310,11,view,simulated_baseline
2026-02-13T04:11:04.899145,sim_c48aa2f310,12,view,simulated_baseline
2026-02-13T04:12:22.899145,sim_c48aa2f310,10,view,simulated_baseline
2026-02-13T04:14:35.899145,sim_c48aa2f310,10,view,simulated_baseline
2026-02-12T17:04:33.899168,sim_3975ac730b,8,view,simulated_baseline
2026-02-12T17:05:19.899168,sim_3975ac730b,12,view,simulated_baseline
2026-02-12T17:09:35.899168,sim_3975ac730b,6,add_to_cart,simulated_baseline
2026-02-12T17:13:48.899168,sim_3975ac730b,6,view,simulated_baseline
2026-02-08T05:07:13.899185,sim_631564b685,14,wishlist,simulated_baseline
2026-02-08T05:11:53.899185,sim_631564b685,7,wishlist,simulated_baseline
2026-02-08T05:16:50.899185,sim_631564b685,7,wishlist,simulated_baseline
2026-02-08T05:19:02.899185,sim_631564b685,14,view,simulated_baseline
2026-02-08T05:21:11.899185,sim_631564b685,8,view,simulated_baseline
2026-02-08T05:24:02.899185,sim_631564b685,14,view,simulated_baseline
2026-02-08T05:27:15.899185,sim_631564b685,7,wishlist,simulated_baseline
2026-02-08T05:30:41.899185,sim_631564b685,13,wishlist,simulated_baseline
2026-02-08T05:31:05.899185,sim_631564b685,13,view,simulated_baseline
2026-02-09T04:05:25.899218,sim_e34413e1ee,10,view,simulated_baseline
2026-02-09T04:06:24.899218,sim_e34413e1ee,12,wishlist,simulated_baseline
2026-02-09T04:08:48.899218,sim_e34413e1ee,12,view,simulated_baseline
2026-02-09T04:10:34.899218,sim_e34413e1ee,11,view,simulated_baseline
2026-02-09T04:15:08.899218,sim_e34413e1ee,12,view,simulated_baseline
2026-02-09T04:19:28.899218,sim_e34413e1ee,11,view,simulated_baseline
2026-02-09T04:21:04.899218,sim_e34413e1ee,12,view,simulated_baseline
2026-02-09T04:24:16.899218,sim_e34413e1ee,10,view,simulated_baseline
2026-02-09T04:26:26.899218,sim_e34413e1ee,10,view,simulated_baseline
2026-02-11T21:07:46.899249,sim_c0eed9e269,13,wishlist,simulated_baseline
2026-02-11T21:08:11.899249,sim_c0eed9e269,7,view,simulated_baseline
2026-02-11T21:12:47.899249,sim_c0eed9e269,7,view,simulated_baseline
2026-01-26T05:04:02.899263,sim_014ec8576e,10,view,simulated_baseline
2026-01-26T05:07:23.899263,sim_014ec8576e,11,wishlist,simulated_baseline
2026-01-26T05:11:47.899263,sim_014ec8576e,10,view,simulated_baseline
2026-01-26T05:14:03.899263,sim_014ec8576e,10,view,simulated_baseline
2026-01-26T05:17:55.899263,sim_014ec8576e,10,view,simulated_baseline
2026-01-26T05:21:28.899263,sim_014ec8576e,12,view,simulated_baseline
2026-01-25T09:06:11.899286,sim_e8356f099b,10,view,simulated_baseline
2026-01-25T09:09:22.899286,sim_e8356f099b,12,view,simulated_baseline
2026-01-25T09:13:43.899286,sim_e8356f099b,10,view,simulated_baseline
2026-02-17T08:07:05.899300,sim_37d6a3eb7f,8,wishlist,simulated_baseline
2026-02-17T08:07:38.899300,sim_37d6a3eb7f,7,view,simulated_baseline
2026-02-17T08:10:20.899300,sim_37d6a3eb7f,9,view,simulated_baseline
2026-02-17T08:12:45.899300,sim_37d6a3eb7f,12,view,simulated_baseline
2026-02-17T08:16:14.899300,sim_37d6a3eb7f,6,view,simulated_baseline
2026-01-31T10:05:01.899320,sim_d2ad276b82,14,view,simulated_baseline
2026-01-31T10:07:54.899320,sim_d2ad276b82,13,view,simulated_baseline
2026-01-31T10:09:48.899320,sim_d2ad276b82,7,view,simulated_baseline
2026-01-31T10:12:41.899320,sim_d2ad276b82,13,add_to_cart,simulated_baseline
2026-01-31T10:13:41.899320,sim_d2ad276b82,13,view,simulated_baseline
2026-02-17T12:07:13.899339,sim_c343c0c5b7,9,wishlist,simulated_baseline
2026-02-17T12:12:00.899339,sim_c343c0c5b7,8,view,simulated_baseline
2026-02-17T12:14:38.899339,sim_c343c0c5b7,9,view,simulated_baseline
2026-02-21T14:04:38.899353,sim_a12f36f71b,6,view,simulated_baseline
2026-02-21T14:05:14.899353,sim_a12f36f71b,7,view,simulated_baseline
2026-02-21T14:05:27.899353,sim_a12f36f71b,13,wishlist,simulated_baseline
2026-02-21T14:08:52.899353,sim_a12f36f71b,13,view,simulated_baseline
2026-02-16T21:03:52.899369,sim_58592221e2,11,wishlist,simulated_baseline
2026-02-16T21:08:49.899369,sim_58592221e2,11,wishlist,simulated_baseline
2026-02-16T21:09:52.899369,sim_58592221e2,13,view,simulated_baseline
2026-02-16T21:13:27.899369,sim_58592221e2,10,view,simulated_baseline
2026-02-16T21:14:08.899369,sim_58592221e2,5,add_to_cart,simulated_baseline
2026-02-16T21:16:19.899369,sim_58592221e2,12,view,simulated_baseline
2026-02-16T21:18:33.899369,sim_58592221e2,10,view,simulated_baseline
2026-02-16T21:22:12.899369,sim_58592221e2,11,view,simulated_baseline
2026-02-16T21:27:07.899369,sim_58592221e2,14,view,simulated_baseline
2026-02-21T20:06:22.899406,sim_4c47b5d1d3,8,view,simulated_baseline
2026-02-21T20:09:18.899406,sim_4c47b5d1d3,8,view,simulated_baseline
2026-02-21T20:11:56.899406,sim_4c47b5d1d3,8,wishlist,simulated_baseline
2026-02-21T20:15:04.899406,sim_4c47b5d1d3,5,view,simulated_baseline
2026-02-21T20:15:48.899406,sim_4c47b5d1d3,5,view,simulated_baseline
2026-02-21T20:16:20.899406,sim_4c47b5d1d3,5,add_to_cart,simulated_baseline
2026-02-19T22:06:15.899428,sim_8e9edbdcbe,9,add_to_cart,simulated_baseline
2026-02-19T22:09:46.899428,sim_8e9edbdcbe,5,view,simulated_baseline
2026-02-19T22:10:03.899428,sim_8e9edbdcbe,9,add_to_cart,simulated_baseline
2026-02-19T22:11:11.899428,sim_8e9edbdcbe,8,wishlist,simulated_baseline
2026-02-19T22:13:35.899428,sim_8e9edbdcbe,7,wishlist,simulated_baseline
2026-02-19T22:16:16.899428,sim_8e9edbdcbe,9,view,simulated_baseline
2026-02-19T22:20:40.899428,sim_8e9edbdcbe,8,wishlist,simulated_baseline
2026-02-19T22:25:23.899428,sim_8e9edbdcbe,5,view,simulated_baseline
2026-02-10T10:03:57.899457,sim_6346ce3511,14,wishlist,simulated_baseline
2026-02-10T10:04:59.899457,sim_6346ce3511,13,wishlist,simulated_baseline
2026-02-10T10:08:05.899457,sim_6346ce3511,5,view,simulated_baseline
2026-02-10T10:10:24.899457,sim_6346ce3511,9,view,simulated_baseline
2026-02-10T10:10:54.899457,sim_6346ce3511,11,wishlist,simulated_baseline
2026-02-10T10:13:53.899457,sim_6346ce3511,9,wishlist,simulated_baseline
2026-02-10T10:18:15.899457,sim_6346ce3511,9,view,simulated_baseline
2026-02-10T10:21:07.899457,sim_6346ce3511,8,add_to_cart,simulated_baseline
2026-01-26T22:07:14.899486,sim_1e466f4a41,5,view,simulated_baseline
2026-01-26T22:12:09.899486,sim_1e466f4a41,8,view,simulated_baseline
2026-01-26T22:14:17.899486,sim_1e466f4a41,8,view,simulated_baseline
2026-01-26T22:15:11.899486,sim_1e466f4a41,8,view,simulated_baseline
2026-01-26T22:15:55.899486,sim_1e466f4a41,5,view,simulated_baseline
2026-01-26T22:17:00.899486,sim_1e466f4a41,8,view,simulated_baseline
2026-01-26T22:21:50.899486,sim_1e466f4a41,9,view,simulated_baseline
2026-01-26T22:22:30.899486,sim_1e466f4a41,6,view,simulated_baseline
2026-01-26T22:26:29.899486,sim_1e466f4a41,11,wishlist,simulated_baseline
2026-02-14T03:06:57.899518,sim_3ad342e981,10,view,simulated_baseline
2026-02-14T03:11:37.899518,sim_3ad342e981,6,add_to_cart,simulated_baseline
2026-02-14T03:12:40.899518,sim_3ad342e981,6,add_to_cart,simulated_baseline
2026-02-14T03:15:56.899518,sim_3ad342e981,10,wishlist,simulated_baseline
2026-02-14T03:19:29.899518,sim_3ad342e981,6,view,simulated_baseline
2026-01-29T09:06:20.899538,sim_fbeadbd789,7,view,simulated_baseline
2026-01-29T09:08:38.899538,sim_fbeadbd789,13,view,simulated_baseline
2026-01-29T09:10:23.899538,sim_fbeadbd789,7,view,simulated_baseline
2026-01-29T09:11:17.899538,sim_fbeadbd789,13,wishlist,simulated_baseline
2026-01-27T06:05:19.899555,sim_b181f5bd4a,8,view,simulated_baseline
2026-01-27T06:09:50.899555,sim_b181f5bd4a,5,view,simulated_baseline
2026-01-27T06:13:22.899555,sim_b181f5bd4a,5,view,simulated_baseline
2026-01-27T06:17:23.899555,sim_b181f5bd4a,9,wishlist,simulated_baseline
2026-01-27T06:18:40.899555,sim_b181f5bd4a,5,view,simulated_baseline
2026-01-27T06:22:01.899555,sim_b181f5bd4a,9,wishlist,simulated_baseline
2026-01-25T03:06:15.899578,sim_a6ddbc98ba,9,view,simulated_baseline
2026-01-25T03:10:30.899578,sim_a6ddbc98ba,5,view,simulated_baseline
2026-01-25T03:13:17.899578,sim_a6ddbc98ba,8,view,simulated_baseline
2026-01-25T03:15:19.899578,sim_a6ddbc98ba,5,view,simulated_baseline
2026-01-25T03:19:43.899578,sim_a6ddbc98ba,9,view,simulated_baseline
2026-01-25T03:22:06.899578,sim_a6ddbc98ba,14,view,simulated_baseline
2026-01-25T03:24:12.899578,sim_a6ddbc98ba,5,view,simulated_baseline
2026-01-25T03:24:43.899578,sim_a6ddbc98ba,8,view,simulated_baseline
2026-01-25T03:26:32.899578,sim_a6ddbc98ba,9,view,simulated_baseline
2026-01-25T03:31:32.899578,sim_a6ddbc98ba,9,view,simulated_baseline
2026-02-08T13:07:10.899612,sim_fb5132a7e7,13,view,simulated_baseline
2026-02-08T13:09:07.899612,sim_fb5132a7e7,14,view,simulated_baseline
2026-02-08T13:10:19.899612,sim_fb5132a7e7,13,view,simulated_baseline
2026-02-22T01:04:29.899626,sim_e51e0df4b9,14,view,simulated_baseline
2026-02-22T01:04:41.899626,sim_e51e0df4b9,7,add_to_cart,simulated_baseline
2026-02-22T01:05:32.899626,sim_e51e0df4b9,13,view,simulated_baseline
2026-02-22T01:07:07.899626,sim_e51e0df4b9,13,add_to_cart,simulated_baseline
2026-02-22T01:11:44.899626,sim_e51e0df4b9,13,wishlist,simulated_baseline
2026-02-22T01:12:00.899626,sim_e51e0df4b9,14,view,simulated_baseline
2026-02-22T01:14:20.899626,sim_e51e0df4b9,13,view,simulated_baseline
2026-01-28T02:05:05.899651,sim_d30d0f2663,8,view,simulated_baseline
2026-01-28T02:07:32.899651,sim_d30d0f2663,9,view,simulated_baseline
2026-01-28T02:08:02.899651,sim_d30d0f2663,6,wishlist,simulated_baseline
2026-01-28T02:11:55.899651,sim_d30d0f2663,9,view,simulated_baseline
2026-01-28T02:15:55.899651,sim_d30d0f2663,13,view,simulated_baseline
2026-01-28T02:18:18.899651,sim_d30d0f2663,14,wishlist,simulated_baseline
2026-01-28T02:22:09.899651,sim_d30d0f2663,9,view,simulated_baseline
2026-01-28T02:26:59.899651,sim_d30d0f2663,8,view,simulated_baseline
2026-01-28T02:30:31.899651,sim_d30d0f2663,6,view,simulated_baseline
2026-02-14T23:07:40.899685,sim_3ee67a9e56,14,add_to_cart,simulated_baseline
2026-02-14T23:10:57.899685,sim_3ee67a9e56,7,add_to_cart,simulated_baseline
2026-02-14T23:13:23.899685,sim_3ee67a9e56,11,view,simulated_baseline
2026-02-14T23:17:31.899685,sim_3ee67a9e56,13,view,simulated_baseline
2026-02-14T23:21:02.899685,sim_3ee67a9e56,14,view,simulated_baseline
2026-02-14T23:24:17.899685,sim_3ee67a9e56,9,wishlist,simulated_baseline
2026-02-14T23:24:46.899685,sim_3ee67a9e56,7,wishlist,simulated_baseline
2026-02-14T23:29:17.899685,sim_3ee67a9e56,7,wishlist,simulated_baseline
2026-02-14T23:30:23.899685,sim_3ee67a9e56,14,view,simulated_baseline
2026-02-23T02:04:04.899717,sim_e32d1ad526,14,view,simulated_baseline
2026-02-23T02:08:23.899717,sim_e32d1ad526,10,view,simulated_baseline
2026-02-23T02:13:08.899717,sim_e32d1ad526,7,view,simulated_baseline
2026-02-23T02:17:32.899717,sim_e32d1ad526,14,add_to_cart,simulated_baseline
2026-02-23T02:22:23.899717,sim_e32d1ad526,14,wishlist,simulated_baseline
2026-02-23T02:26:36.899717,sim_e32d1ad526,6,view,simulated_baseline
2026-01-31T22:03:30.899739,sim_9f697c9f70,14,wishlist,simulated_baseline
2026-01-31T22:07:35.899739,sim_9f697c9f70,7,wishlist,simulated_baseline
2026-01-31T22:09:29.899739,sim_9f697c9f70,9,view,simulated_baseline
2026-01-31T22:13:48.899739,sim_9f697c9f70,7,view,simulated_baseline
2026-01-31T22:15:57.899739,sim_9f697c9f70,14,view,simulated_baseline
2026-01-31T22:16:41.899739,sim_9f697c9f70,13,add_to_cart,simulated_baseline
2026-01-31T22:20:45.899739,sim_9f697c9f70,6,view,simulated_baseline
2026-01-31T22:21:38.899739,sim_9f697c9f70,7,view,simulated_baseline
2026-02-23T11:05:32.899769,sim_b5ca8ef29d,7,view,simulated_baseline
2026-02-23T11:06:36.899769,sim_b5ca8ef29d,9,view,simulated_baseline
2026-02-23T11:08:28.899769,sim_b5ca8ef29d,8,view,simulated_baseline
2026-02-23T11:11:40.899769,sim_b5ca8ef29d,8,view,simulated_baseline
2026-02-23T11:12:00.899769,sim_b5ca8ef29d,5,wishlist,simulated_baseline
2026-02-23T11:14:46.899769,sim_b5ca8ef29d,9,view,simulated_baseline
2026-02-12T14:04:45.899800,sim_4b7628d15d,13,view,simulated_baseline
2026-02-12T14:08:24.899800,sim_4b7628d15d,12,view,simulated_baseline
2026-02-12T14:08:56.899800,sim_4b7628d15d,7,view,simulated_baseline
2026-02-12T14:09:52.899800,sim_4b7628d15d,13,wishlist,simulated_baseline
2026-02-12T14:12:44.899800,sim_4b7628d15d,7,view,simulated_baseline
2026-02-12T14:15:51.899800,sim_4b7628d15d,13,view,simulated_baseline
2026-02-12T14:19:11.899800,sim_4b7628d15d,7,view,simulated_baseline
2026-02-19T07:06:26.899829,sim_b3047fc8ca,8,wishlist,simulated_baseline
2026-02-19T07:11:23.899829,sim_b3047fc8ca,9,wishlist,simulated_baseline
2026-02-19T07:15:57.899829,sim_b3047fc8ca,5,wishlist,simulated_baseline
2026-02-19T07:19:51.899829,sim_b3047fc8ca,5,view,simulated_baseline
2026-02-19T07:21:00.899829,sim_b3047fc8ca,8,view,simulated_baseline
2026-02-19T07:24:12.899829,sim_b3047fc8ca,8,view,simulated_baseline
2026-02-19T07:25:58.899829,sim_b3047fc8ca,5,add_to_cart,simulated_baseline
2026-02-19T07:28:42.899829,sim_b3047fc8ca,9,add_to_cart,simulated_baseline
2026-02-19T07:29:35.899829,sim_b3047fc8ca,11,view,simulated_baseline
2026-01-31T12:06:51.899861,sim_a505828b19,8,view,simulated_baseline
2026-01-31T12:11:24.899861,sim_a505828b19,8,view,simulated_baseline
2026-01-31T12:15:26.899861,sim_a505828b19,8,view,simulated_baseline
2026-01-28T20:04:51.899874,sim_1dcb22e01e,8,view,simulated_baseline
2026-01-28T20:07:12.899874,sim_1dcb22e01e,13,view,simulated_baseline
2026-01-28T20:08:06.899874,sim_1dcb22e01e,7,view,simulated_baseline
2026-01-28T20:11:26.899874,sim_1dcb22e01e,14,view,simulated_baseline
2026-01-28T20:11:38.899874,sim_1dcb22e01e,14,view,simulated_baseline
2026-01-28T20:16:25.899874,sim_1dcb22e01e,14,wishlist,simulated_baseline
2026-02-02T22:04:49.899896,sim_8ad727e271,12,view,simulated_baseline
2026-02-02T22:07:22.899896,sim_8ad727e271,12,view,simulated_baseline
2026-02-02T22:07:43.899896,sim_8ad727e271,11,view,simulated_baseline
2026-02-02T22:11:45.899896,sim_8ad727e271,6,wishlist,simulated_baseline
2026-02-02T22:15:09.899896,sim_8ad727e271,10,view,simulated_baseline
2026-02-02T22:15:41.899896,sim_8ad727e271,6,view,simulated_baseline
2026-02-02T22:18:20.899896,sim_8ad727e271,11,view,simulated_baseline
2026-02-17T19:06:45.899921,sim_bf1489994e,5,view,simulated_baseline
2026-02-17T19:08:44.899921,sim_bf1489994e,8,view,simulated_baseline
2026-02-17T19:09:52.899921,sim_bf1489994e,9,view,simulated_baseline
2026-02-17T19:10:33.899921,sim_bf1489994e,9,view,simulated_baseline
2026-02-17T19:13:53.899921,sim_bf1489994e,8,view,simulated_baseline
2026-02-17T19:14:28.899921,sim_bf1489994e,8,add_to_cart,simulated_baseline
2026-02-17T19:18:49.899921,sim_bf1489994e,5,view,simulated_baseline
2026-02-17T19:22:58.899921,sim_bf1489994e,8,view,simulated_baseline
2026-02-17T19:26:47.899921,sim_bf1489994e,9,view,simulated_baseline
2026-01-28T11:07:56.899952,sim_8c9871a468,9,view,simulated_baseline
2026-01-28T11:09:52.899952,sim_8c9871a468,9,view,simulated_baseline
2026-01-28T11:14:08.899952,sim_8c9871a468,9,view,simulated_baseline
2026-01-28T11:18:48.899952,sim_8c9871a468,9,add_to_cart,simulated_baseline
2026-01-27T14:04:03.899969,sim_9cd87623a0,11,view,simulated_baseline
2026-01-27T14:04:56.899969,sim_9cd87623a0,8,view,simulated_baseline
2026-01-27T14:08:47.899969,sim_9cd87623a0,8,view,simulated_baseline
2026-01-27T14:13:31.899969,sim_9cd87623a0,9,view,simulated_baseline
2026-01-27T14:14:52.899969,sim_9cd87623a0,5,view,simulated_baseline
2026-01-27T14:15:34.899969,sim_9cd87623a0,5,view,simulated_baseline
2026-02-17T01:04:55.899992,sim_ff78318092,13,view,simulated_baseline
2026-02-17T01:08:00.899992,sim_ff78318092,14,view,simulated_baseline
2026-02-17T01:09:22.899992,sim_ff78318092,14,view,simulated_baseline
2026-02-14T02:08:12.900005,sim_c6853e6aa7,5,view,simulated_baseline
2026-02-14T02:12:58.900005,sim_c6853e6aa7,9,add_to_cart,simulated_baseline
2026-02-14T02:13:19.900005,sim_c6853e6aa7,9,view,simulated_baseline
2026-02-14T02:14:50.900005,sim_c6853e6aa7,6,wishlist,simulated_baseline
2026-02-10T11:04:12.900022,sim_00e71d322d,5,view,simulated_baseline
2026-02-10T11:06:03.900022,sim_00e71d322d,7,wishlist,simulated_baseline
2026-02-10T11:08:15.900022,sim_00e71d322d,5,view,simulated_baseline
2026-02-10T11:12:00.900022,sim_00e71d322d,9,view,simulated_baseline
2026-02-10T11:12:45.900022,sim_00e71d322d,9,view,simulated_baseline
2026-02-10T11:14:25.900022,sim_00e71d322d,8,view,simulated_baseline
2026-02-10T11:17:24.900022,sim_00e71d322d,9,wishlist,simulated_baseline
2026-02-10T11:19:24.900022,sim_00e71d322d,9,view,simulated_baseline
2026-02-10T11:20:01.900022,sim_00e71d322d,5,view,simulated_baseline
2026-02-10T11:22:18.900022,sim_00e71d322d,9,view,simulated_baseline
2026-02-13T12:06:16.900056,sim_301472ed8a,5,view,simulated_baseline
2026-02-13T12:09:47.900056,sim_301472ed8a,8,view,simulated_baseline
2026-02-13T12:11:32.900056,sim_301472ed8a,12,add_to_cart,simulated_baseline
2026-02-13T12:13:29.900056,sim_301472ed8a,8,view,simulated_baseline
2026-02-13T03:03:39.900073,sim_894eec3ba3,11,view,simulated_baseline
2026-02-13T03:04:36.900073,sim_894eec3ba3,10,view,simulated_baseline
2026-02-13T03:09:07.900073,sim_894eec3ba3,10,wishlist,simulated_baseline
2026-02-13T03:09:53.900073,sim_894eec3ba3,12,view,simulated_baseline
2026-02-13T03:14:17.900073,sim_894eec3ba3,11,view,simulated_baseline
2026-02-13T03:17:49.900073,sim_894eec3ba3,11,wishlist,simulated_baseline
2026-02-22T22:04:33.900095,sim_35012add21,6,view,simulated_baseline
2026-02-22T22:06:54.900095,sim_35012add21,14,view,simulated_baseline
2026-02-22T22:09:13.900095,sim_35012add21,8,view,simulated_baseline
2026-02-22T22:12:02.900095,sim_35012add21,14,view,simulated_baseline
2026-02-22T22:16:49.900095,sim_35012add21,8,view,simulated_baseline
2026-02-22T22:18:10.900095,sim_35012add21,9,view,simulated_baseline
2026-02-22T22:19:47.900095,sim_35012add21,9,add_to_cart,simulated_baseline
2026-02-19T13:05:59.900121,sim_678b0402e9,14,view,simulated_baseline
2026-02-19T13:08:45.900121,sim_678b0402e9,13,wishlist,simulated_baseline
2026-02-19T13:12:47.900121,sim_678b0402e9,7,view,simulated_baseline
2026-02-19T13:15:25.900121,sim_678b0402e9,7,view,simulated_baseline
2026-02-19T13:16:38.900121,sim_678b0402e9,13,view,simulated_baseline
2026-02-19T13:17:20.900121,sim_678b0402e9,7,view,simulated_baseline
2026-02-19T13:18:14.900121,sim_678b0402e9,14,view,simulated_baseline
2026-02-19T13:21:16.900121,sim_678b0402e9,7,view,simulated_baseline
2026-02-07T04:04:18.900149,sim_0ea6756022,8,view,simulated_baseline
2026-02-07T04:05:14.900149,sim_0ea6756022,14,view,simulated_baseline
2026-02-07T04:07:51.900149,sim_0ea6756022,9,view,simulated_baseline
2026-02-07T04:11:20.900149,sim_0ea6756022,8,view,simulated_baseline
2026-02-07T04:14:10.900149,sim_0ea6756022,5,view,simulated_baseline
2026-02-07T04:17:36.900149,sim_0ea6756022,9,view,simulated_baseline
2026-02-07T04:21:24.900149,sim_0ea6756022,8,view,simulated_baseline
2026-02-07T04:22:08.900149,sim_0ea6756022,8,view,simulated_baseline
2026-02-07T04:26:36.900149,sim_0ea6756022,8,add_to_cart,simulated_baseline
2026-02-07T04:28:43.900149,sim_0ea6756022,8,view,simulated_baseline
2026-02-22T00:06:50.900184,sim_c0a53471b7,9,view,simulated_baseline
2026-02-22T00:08:48.900184,sim_c0a53471b7,8,wishlist,simulated_baseline
2026-02-22T00:11:13.900184,sim_c0a53471b7,8,view,simulated_baseline
2026-02-22T00:12:43.900184,sim_c0a53471b7,8,view,simulated_baseline
2026-02-22T00:13:26.900184,sim_c0a53471b7,14,view,simulated_baseline
2026-02-22T00:14:12.900184,sim_c0a53471b7,9,view,simulated_baseline
2026-02-22T00:18:04.900184,sim_c0a53471b7,8,view,simulated_baseline
2026-02-22T00:22:02.900184,sim_c0a53471b7,8,view,simulated_baseline
2026-02-22T00:23:08.900184,sim_c0a53471b7,8,view,simulated_baseline
2026-02-22T00:24:39.900184,sim_c0a53471b7,14,view,simulated_baseline
2026-02-24T05:03:45.900219,sim_1e0d811442,11,view,simulated_baseline
2026-02-24T05:04:23.900219,sim_1e0d811442,12,view,simulated_baseline
2026-02-24T05:07:48.900219,sim_1e0d811442,10,view,simulated_baseline
2026-02-24T05:08:44.900219,sim_1e0d811442,11,wishlist,simulated_baseline
2026-02-24T05:12:28.900219,sim_1e0d811442,12,view,simulated_baseline
2026-02-24T05:14:46.900219,sim_1e0d811442,13,view,simulated_baseline
2026-02-24T05:18:36.900219,sim_1e0d811442,8,wishlist,simulated_baseline
2026-02-24T05:21:18.900219,sim_1e0d811442,10,wishlist,simulated_baseline
2026-02-24T05:26:17.900219,sim_1e0d811442,10,view,simulated_baseline
2026-02-07T21:07:04.900254,sim_b7962ea919,13,view,simulated_baseline
2026-02-07T21:08:58.900254,sim_b7962ea919,14,view,simulated_baseline
2026-02-07T21:11:16.900254,sim_b7962ea919,13,add_to_cart,simulated_baseline
2026-02-01T22:07:58.900268,sim_68ca56523e,6,view,simulated_baseline
2026-02-01T22:10:33.900268,sim_68ca56523e,11,wishlist,simulated_baseline
2026-02-01T22:13:54.900268,sim_68ca56523e,11,add_to_cart,simulated_baseline
2026-02-01T22:15:56.900268,sim_68ca56523e,13,view,simulated_baseline
2026-02-01T22:18:13.900268,sim_68ca56523e,11,view,simulated_baseline
2026-02-01T22:18:30.900268,sim_68ca56523e,12,add_to_cart,simulated_baseline
2026-02-01T22:23:20.900268,sim_68ca56523e,6,wishlist,simulated_baseline
2026-02-01T22:27:58.900268,sim_68ca56523e,12,add_to_cart,simulated_baseline
2026-02-01T22:28:20.900268,sim_68ca56523e,10,add_to_cart,simulated_baseline
2026-02-01T22:32:37.900268,sim_68ca56523e,11,view,simulated_baseline
2026-02-06T14:04:08.900304,sim_130409a65a,12,view,simulated_baseline
2026-02-06T14:07:45.900304,sim_130409a65a,12,view,simulated_baseline
2026-02-06T14:08:44.900304,sim_130409a65a,10,view,simulated_baseline
2026-02-12T10:05:15.900318,sim_b603092f68,14,view,simulated_baseline
2026-02-12T10:06:17.900318,sim_b603092f68,13,add_to_cart,simulated_baseline
2026-02-12T10:09:08.900318,sim_b603092f68,13,wishlist,simulated_baseline
2026-02-12T10:09:44.900318,sim_b603092f68,13,view,simulated_baseline
2026-02-12T10:14:25.900318,sim_b603092f68,14,view,simulated_baseline
2026-02-12T10:16:02.900318,sim_b603092f68,14,view,simulated_baseline
2026-02-12T10:20:18.900318,sim_b603092f68,14,view,simulated_baseline
2026-02-12T10:25:17.900318,sim_b603092f68,7,add_to_cart,simulated_baseline
2026-02-24T06:05:37.900346,sim_78b673e852,6,wishlist,simulated_baseline
2026-02-24T06:07:19.900346,sim_78b673e852,10,view,simulated_baseline
2026-02-24T06:12:06.900346,sim_78b673e852,6,wishlist,simulated_baseline
2026-02-24T06:15:06.900346,sim_78b673e852,6,view,simulated_baseline
2026-02-24T06:18:18.900346,sim_78b673e852,11,add_to_cart,simulated_baseline
2026-02-16T05:07:46.900366,sim_df46ebd12e,6,view,simulated_baseline
2026-02-16T05:09:57.900366,sim_df46ebd12e,10,add_to_cart,simulated_baseline
2026-02-16T05:11:09.900366,sim_df46ebd12e,6,wishlist,simulated_baseline
2026-02-16T05:15:36.900366,sim_df46ebd12e,10,view,simulated_baseline
2026-02-16T05:18:06.900366,sim_df46ebd12e,14,view,simulated_baseline
2026-02-16T03:07:59.900386,sim_5e92520f05,13,add_to_cart,simulated_baseline
2026-02-16T03:10:22.900386,sim_5e92520f05,13,wishlist,simulated_baseline
2026-02-16T03:10:44.900386,sim_5e92520f05,14,view,simulated_baseline
2026-02-16T03:11:36.900386,sim_5e92520f05,14,view,simulated_baseline
2026-02-16T03:12:11.900386,sim_5e92520f05,14,wishlist,simulated_baseline
2026-02-16T03:12:38.900386,sim_5e92520f05,7,view,simulated_baseline
2026-02-16T03:15:52.900386,sim_5e92520f05,13,view,simulated_baseline
2026-02-16T03:19:24.900386,sim_5e92520f05,7,view,simulated_baseline
2026-01-29T14:07:42.900414,sim_d013efbc63,13,view,simulated_baseline
2026-01-29T14:12:18.900414,sim_d013efbc63,14,view,simulated_baseline
2026-01-29T14:15:53.900414,sim_d013efbc63,5,view,simulated_baseline
2026-01-26T09:06:44.900427,sim_b2b5c63f19,11,add_to_cart,simulated_baseline
2026-01-26T09:07:13.900427,sim_b2b5c63f19,14,view,simulated_baseline
2026-01-26T09:10:45.900427,sim_b2b5c63f19,13,view,simulated_baseline
2026-01-26T09:12:44.900427,sim_b2b5c63f19,7,view,simulated_baseline
2026-01-26T09:14:13.900427,sim_b2b5c63f19,6,view,simulated_baseline
2026-01-26T09:17:51.900427,sim_b2b5c63f19,14,view,simulated_baseline
2026-01-26T09:20:33.900427,sim_b2b5c63f19,13,view,simulated_baseline
2026-01-26T09:21:41.900427,sim_b2b5c63f19,10,view,simulated_baseline
2026-02-05T08:05:43.900456,sim_6d59a46216,5,view,simulated_baseline
2026-02-05T08:08:42.900456,sim_6d59a46216,9,view,simulated_baseline
2026-02-05T08:08:54.900456,sim_6d59a46216,8,add_to_cart,simulated_baseline
2026-01-25T22:03:27.900470,sim_a6f747dcaa,12,view,simulated_baseline
2026-01-25T22:07:04.900470,sim_a6f747dcaa,14,view,simulated_baseline
2026-01-25T22:08:12.900470,sim_a6f747dcaa,13,view,simulated_baseline
2026-01-25T22:11:09.900470,sim_a6f747dcaa,10,wishlist,simulated_baseline
2026-01-25T22:12:07.900470,sim_a6f747dcaa,5,wishlist,simulated_baseline
2026-01-25T22:15:31.900470,sim_a6f747dcaa,7,view,simulated_baseline
2026-01-25T22:19:47.900470,sim_a6f747dcaa,13,view,simulated_baseline
2026-02-23T10:07:11.900497,sim_731dda9e75,11,wishlist,simulated_baseline
2026-02-23T10:11:03.900497,sim_731dda9e75,11,wishlist,simulated_baseline
2026-02-23T10:11:35.900497,sim_731dda9e75,11,view,simulated_baseline
2026-02-23T10:15:14.900497,sim_731dda9e75,9,wishlist,simulated_baseline
2026-02-23T10:19:28.900497,sim_731dda9e75,12,view,simulated_baseline
2026-02-23T10:23:50.900497,sim_731dda9e75,11,view,simulated_baseline
2026-01-28T21:07:04.900521,sim_dfd9799946,6,view,simulated_baseline
2026-01-28T21:11:31.900521,sim_dfd9799946,12,view,simulated_baseline
2026-01-28T21:15:44.900521,sim_dfd9799946,11,view,simulated_baseline
2026-01-28T21:17:23.900521,sim_dfd9799946,6,add_to_cart,simulated_baseline
2026-02-14T07:03:52.900539,sim_885f39cf6b,13,view,simulated_baseline
2026-02-14T07:04:48.900539,sim_885f39cf6b,14,view,simulated_baseline
2026-02-14T07:06:14.900539,sim_885f39cf6b,13,view,simulated_baseline
2026-02-14T07:10:24.900539,sim_885f39cf6b,14,view,simulated_baseline
2026-02-14T07:13:33.900539,sim_885f39cf6b,6,view,simulated_baseline
2026-02-02T01:07:42.900559,sim_ab223c8844,7,add_to_cart,simulated_baseline
2026-02-02T01:10:11.900559,sim_ab223c8844,14,view,simulated_baseline
2026-02-02T01:14:48.900559,sim_ab223c8844,7,wishlist,simulated_baseline
2026-02-02T01:18:46.900559,sim_ab223c8844,14,wishlist,simulated_baseline
2026-02-02T01:19:03.900559,sim_ab223c8844,14,wishlist,simulated_baseline
2026-02-02T01:22:40.900559,sim_ab223c8844,13,wishlist,simulated_baseline
2026-02-02T01:24:19.900559,sim_ab223c8844,14,view,simulated_baseline
2026-02-02T01:27:44.900559,sim_ab223c8844,9,add_to_cart,simulated_baseline
2026-01-29T19:05:47.900589,sim_becef61dfa,6,view,simulated_baseline
2026-01-29T19:08:12.900589,sim_becef61dfa,5,view,simulated_baseline
2026-01-29T19:12:37.900589,sim_becef61dfa,6,view,simulated_baseline
2026-01-29T19:16:32.900589,sim_becef61dfa,11,wishlist,simulated_baseline
2026-01-29T19:19:00.900589,sim_becef61dfa,10,view,simulated_baseline
2026-01-29T19:23:47.900589,sim_becef61dfa,6,view,simulated_baseline
2026-01-29T16:04:26.900612,sim_61f61f2592,5,view,simulated_baseline
2026-01-29T16:06:34.900612,sim_61f61f2592,9,view,simulated_baseline
2026-01-29T16:10:52.900612,sim_61f61f2592,9,view,simulated_baseline
2026-01-29T16:14:27.900612,sim_61f61f2592,5,wishlist,simulated_baseline
2026-01-29T16:15:24.900612,sim_61f61f2592,9,view,simulated_baseline
2026-01-29T16:19:35.900612,sim_61f61f2592,9,view,simulated_baseline
2026-01-29T16:23:05.900612,sim_61f61f2592,9,view,simulated_baseline
2026-01-29T16:26:56.900612,sim_61f61f2592,5,wishlist,simulated_baseline
2026-01-30T00:04:30.900640,sim_db662163f6,8,view,simulated_baseline
2026-01-30T00:05:17.900640,sim_db662163f6,9,view,simulated_baseline
2026-01-30T00:07:26.900640,sim_db662163f6,9,view,simulated_baseline
2026-01-30T00:09:16.900640,sim_db662163f6,9,wishlist,simulated_baseline
2026-01-30T00:10:48.900640,sim_db662163f6,5,wishlist,simulated_baseline
2026-01-30T00:13:58.900640,sim_db662163f6,8,wishlist,simulated_baseline
2026-01-30T00:14:54.900640,sim_db662163f6,9,wishlist,simulated_baseline
2026-01-30T00:15:56.900640,sim_db662163f6,5,view,simulated_baseline
2026-02-06T00:05:59.900670,sim_36c59a1db3,7,view,simulated_baseline
2026-02-06T00:08:36.900670,sim_36c59a1db3,6,view,simulated_baseline
2026-02-06T00:10:02.900670,sim_36c59a1db3,7,view,simulated_baseline
2026-02-06T00:14:55.900670,sim_36c59a1db3,7,view,simulated_baseline
2026-02-06T00:18:29.900670,sim_36c59a1db3,14,view,simulated_baseline
2026-01-24T15:07:13.900690,sim_0e893b05cb,6,wishlist,simulated_baseline
2026-01-24T15:09:05.900690,sim_0e893b05cb,6,view,simulated_baseline
2026-01-24T15:13:48.900690,sim_0e893b05cb,12,view,simulated_baseline
2026-01-24T15:15:33.900690,sim_0e893b05cb,10,view,simulated_baseline
2026-01-24T15:16:49.900690,sim_0e893b05cb,13,wishlist,simulated_baseline
2026-01-24T15:21:30.900690,sim_0e893b05cb,12,add_to_cart,simulated_baseline
2026-01-24T15:21:55.900690,sim_0e893b05cb,11,add_to_cart,simulated_baseline
2026-01-24T15:26:46.900690,sim_0e893b05cb,10,wishlist,simulated_baseline
2026-01-24T15:29:40.900690,sim_0e893b05cb,12,view,simulated_baseline
2026-01-24T15:29:55.900690,sim_0e893b05cb,10,add_to_cart,simulated_baseline
2026-02-05T00:06:43.900729,sim_f6a0985b5c,10,view,simulated_baseline
2026-02-05T00:11:07.900729,sim_f6a0985b5c,10,view,simulated_baseline
2026-02-05T00:13:26.900729,sim_f6a0985b5c,13,view,simulated_baseline
2026-02-05T00:17:02.900729,sim_f6a0985b5c,11,add_to_cart,simulated_baseline
2026-02-05T00:18:15.900729,sim_f6a0985b5c,12,view,simulated_baseline
2026-02-05T00:19:34.900729,sim_f6a0985b5c,8,view,simulated_baseline
2026-02-05T00:20:34.900729,sim_f6a0985b5c,11,view,simulated_baseline
2026-02-05T00:22:13.900729,sim_f6a0985b5c,11,view,simulated_baseline
2026-02-11T00:05:42.900758,sim_515745c7ba,5,view,simulated_baseline
2026-02-11T00:08:03.900758,sim_515745c7ba,5,view,simulated_baseline
2026-02-11T00:11:24.900758,sim_515745c7ba,5,view,simulated_baseline
2026-02-11T00:15:41.900758,sim_515745c7ba,9,wishlist,simulated_baseline
2026-02-11T00:18:18.900758,sim_515745c7ba,5,view,simulated_baseline
2026-02-06T09:05:28.900777,sim_08e785e6e5,5,wishlist,simulated_baseline
2026-02-06T09:08:38.900777,sim_08e785e6e5,8,wishlist,simulated_baseline
2026-02-06T09:10:21.900777,sim_08e785e6e5,9,view,simulated_baseline
2026-02-06T09:12:34.900777,sim_08e785e6e5,8,view,simulated_baseline
2026-02-05T06:06:36.900794,sim_7ab34dc984,14,view,simulated_baseline
2026-02-05T06:10:24.900794,sim_7ab34dc984,13,view,simulated_baseline
2026-02-05T06:12:09.900794,sim_7ab34dc984,14,view,simulated_baseline
2026-02-04T14:07:15.900808,sim_4fb93b72ab,8,view,simulated_baseline
2026-02-04T14:07:29.900808,sim_4fb93b72ab,9,view,simulated_baseline
2026-02-04T14:11:13.900808,sim_4fb93b72ab,8,view,simulated_baseline
2026-02-04T14:12:32.900808,sim_4fb93b72ab,9,view,simulated_baseline
2026-02-04T14:16:28.900808,sim_4fb93b72ab,5,view,simulated_baseline
2026-02-04T14:19:37.900808,sim_4fb93b72ab,8,view,simulated_baseline
2026-02-04T14:23:33.900808,sim_4fb93b72ab,5,wishlist,simulated_baseline
2026-02-04T14:26:50.900808,sim_4fb93b72ab,8,add_to_cart,simulated_baseline
2026-02-02T14:07:23.900836,sim_d7cf7fb16c,14,view,simulated_baseline
2026-02-02T14:08:56.900836,sim_d7cf7fb16c,6,wishlist,simulated_baseline
2026-02-02T14:11:11.900836,sim_d7cf7fb16c,7,view,simulated_baseline
2026-02-02T14:11:34.900836,sim_d7cf7fb16c,14,view,simulated_baseline
2026-02-02T14:15:55.900836,sim_d7cf7fb16c,7,view,simulated_baseline
2026-02-02T14:19:29.900836,sim_d7cf7fb16c,13,view,simulated_baseline
2026-02-02T14:23:44.900836,sim_d7cf7fb16c,14,view,simulated_baseline
2026-02-14T03:08:12.900862,sim_5d4fac57f9,8,view,simulated_baseline
2026-02-14T03:10:30.900862,sim_5d4fac57f9,13,view,simulated_baseline
2026-02-14T03:14:01.900862,sim_5d4fac57f9,8,view,simulated_baseline
2026-02-14T03:16:58.900862,sim_5d4fac57f9,12,wishlist,simulated_baseline
2026-02-14T03:21:52.900862,sim_5d4fac57f9,9,wishlist,simulated_baseline
2026-02-14T03:24:57.900862,sim_5d4fac57f9,8,wishlist,simulated_baseline
2026-02-14T03:28:24.900862,sim_5d4fac57f9,13,view,simulated_baseline
2026-02-06T11:08:08.900888,sim_b8821c7cbf,7,view,simulated_baseline
2026-02-06T11:11:09.900888,sim_b8821c7cbf,7,view,simulated_baseline
2026-02-06T11:12:34.900888,sim_b8821c7cbf,7,view,simulated_baseline
2026-02-06T11:15:02.900888,sim_b8821c7cbf,14,view,simulated_baseline
2026-02-06T11:18:19.900888,sim_b8821c7cbf,13,wishlist,simulated_baseline
2026-02-06T19:05:50.900908,sim_48bd903630,12,view,simulated_baseline
2026-02-06T19:06:33.900908,sim_48bd903630,6,view,simulated_baseline
2026-02-06T19:10:59.900908,sim_48bd903630,11,view,simulated_baseline
2026-02-06T19:13:41.900908,sim_48bd903630,10,view,simulated_baseline
2026-02-06T19:17:48.900908,sim_48bd903630,6,view,simulated_baseline
2026-02-06T19:21:19.900908,sim_48bd903630,12,view,simulated_baseline
2026-02-06T19:22:44.900908,sim_48bd903630,6,view,simulated_baseline
2026-02-06T19:27:19.900908,sim_48bd903630,10,add_to_cart,simulated_baseline
2026-02-06T19:28:12.900908,sim_48bd903630,12,view,simulated_baseline
2026-02-06T19:32:10.900908,sim_48bd903630,13,add_to_cart,simulated_baseline
2026-02-06T00:06:01.900943,sim_1d7db845b3,14,wishlist,simulated_baseline
2026-02-06T00:07:35.900943,sim_1d7db845b3,14,view,simulated_baseline
2026-02-06T00:12:10.900943,sim_1d7db845b3,7,view,simulated_baseline
2026-02-06T00:15:28.900943,sim_1d7db845b3,13,add_to_cart,simulated_baseline
2026-02-06T00:17:48.900943,sim_1d7db845b3,13,view,simulated_baseline
2026-02-06T00:19:13.900943,sim_1d7db845b3,13,add_to_cart,simulated_baseline
2026-02-06T00:20:43.900943,sim_1d7db845b3,13,wishlist,simulated_baseline
2026-02-06T00:24:16.900943,sim_1d7db845b3,14,wishlist,simulated_baseline
2026-02-06T00:24:35.900943,sim_1d7db845b3,13,view,simulated_baseline
2026-02-05T15:04:48.900976,sim_95aa119fad,9,wishlist,simulated_baseline
2026-02-05T15:09:23.900976,sim_95aa119fad,8,wishlist,simulated_baseline
2026-02-05T15:10:29.900976,sim_95aa119fad,9,view,simulated_baseline
2026-02-05T15:13:57.900976,sim_95aa119fad,9,view,simulated_baseline
2026-02-05T15:17:58.900976,sim_95aa119fad,8,wishlist,simulated_baseline
2026-02-05T15:19:39.900976,sim_95aa119fad,9,view,simulated_baseline
2026-02-05T15:21:49.900976,sim_95aa119fad,9,add_to_cart,simulated_baseline
2026-02-05T15:23:23.900976,sim_95aa119fad,9,view,simulated_baseline
2026-02-05T15:24:05.900976,sim_95aa119fad,5,view,simulated_baseline
2026-02-05T15:25:24.900976,sim_95aa119fad,5,wishlist,simulated_baseline
2026-02-22T01:07:43.901010,sim_f9eba2b872,10,view,simulated_baseline
2026-02-22T01:09:45.901010,sim_f9eba2b872,12,view,simulated_baseline
2026-02-22T01:10:53.901010,sim_f9eba2b872,10,view,simulated_baseline
2026-02-22T01:14:39.901010,sim_f9eba2b872,7,view,simulated_baseline
2026-02-22T01:16:30.901010,sim_f9eba2b872,6,view,simulated_baseline
2026-02-22T01:18:07.901010,sim_f9eba2b872,6,view,simulated_baseline
2026-02-22T01:19:10.901010,sim_f9eba2b872,6,view,simulated_baseline
2026-02-22T01:23:32.901010,sim_f9eba2b872,6,view,simulated_baseline
2026-02-22T19:03:35.901039,sim_c19dbdbbeb,13,wishlist,simulated_baseline
2026-02-22T19:06:21.901039,sim_c19dbdbbeb,10,view,simulated_baseline
2026-02-22T19:09:10.901039,sim_c19dbdbbeb,5,wishlist,simulated_baseline
2026-02-22T19:12:28.901039,sim_c19dbdbbeb,7,view,simulated_baseline
2026-02-22T19:13:16.901039,sim_c19dbdbbeb,14,view,simulated_baseline
2026-02-22T19:16:11.901039,sim_c19dbdbbeb,13,view,simulated_baseline
2026-02-22T19:18:28.901039,sim_c19dbdbbeb,14,view,simulated_baseline
2026-01-26T07:04:45.901065,sim_f7cfeb3193,9,view,simulated_baseline
2026-01-26T07:09:17.901065,sim_f7cfeb3193,9,view,simulated_baseline
2026-01-26T07:10:53.901065,sim_f7cfeb3193,8,add_to_cart,simulated_baseline
2026-01-26T07:15:30.901065,sim_f7cfeb3193,5,view,simulated_baseline
2026-01-26T07:19:58.901065,sim_f7cfeb3193,11,view,simulated_baseline
2026-01-26T10:07:55.901086,sim_d33e234891,14,wishlist,simulated_baseline
2026-01-26T10:08:59.901086,sim_d33e234891,10,view,simulated_baseline
2026-01-26T10:09:39.901086,sim_d33e234891,7,view,simulated_baseline
2026-01-30T21:04:22.901100,sim_24400d1036,10,view,simulated_baseline
2026-01-30T21:06:13.901100,sim_24400d1036,12,view,simulated_baseline
2026-01-30T21:09:21.901100,sim_24400d1036,12,view,simulated_baseline
2026-01-30T21:11:01.901100,sim_24400d1036,10,add_to_cart,simulated_baseline
2026-01-30T21:13:52.901100,sim_24400d1036,10,add_to_cart,simulated_baseline
2026-01-30T21:14:06.901100,sim_24400d1036,11,view,simulated_baseline
2026-01-30T21:16:26.901100,sim_24400d1036,12,view,simulated_baseline
2026-01-30T21:18:27.901100,sim_24400d1036,10,view,simulated_baseline
2026-01-30T21:23:22.901100,sim_24400d1036,12,view,simulated_baseline
2026-01-30T21:25:07.901100,sim_24400d1036,5,view,simulated_baseline
2026-02-19T08:06:03.901138,sim_342eda0fa2,11,view,simulated_baseline
2026-02-19T08:07:54.901138,sim_342eda0fa2,9,view,simulated_baseline
2026-02-19T08:11:47.901138,sim_342eda0fa2,11,view,simulated_baseline
2026-02-19T08:15:56.901138,sim_342eda0fa2,12,view,simulated_baseline
2026-02-19T08:18:22.901138,sim_342eda0fa2,13,view,simulated_baseline
2026-02-19T08:22:07.901138,sim_342eda0fa2,10,wishlist,simulated_baseline
2026-02-19T08:24:26.901138,sim_342eda0fa2,10,view,simulated_baseline
2026-02-19T08:29:16.901138,sim_342eda0fa2,5,view,simulated_baseline
2026-02-19T08:31:15.901138,sim_342eda0fa2,12,wishlist,simulated_baseline
2026-02-21T01:07:20.901171,sim_28870523e0,8,view,simulated_baseline
2026-02-21T01:08:21.901171,sim_28870523e0,5,view,simulated_baseline
2026-02-21T01:09:53.901171,sim_28870523e0,5,view,simulated_baseline
2026-02-21T01:13:39.901171,sim_28870523e0,12,wishlist,simulated_baseline
2026-02-21T01:17:25.901171,sim_28870523e0,9,view,simulated_baseline
2026-02-21T01:19:23.901171,sim_28870523e0,9,view,simulated_baseline
2026-02-21T01:24:23.901171,sim_28870523e0,5,view,simulated_baseline
2026-02-21T01:25:19.901171,sim_28870523e0,9,view,simulated_baseline
2026-01-30T18:07:59.901200,sim_3b4576ad9d,6,view,simulated_baseline
2026-01-30T18:08:39.901200,sim_3b4576ad9d,7,view,simulated_baseline
2026-01-30T18:09:06.901200,sim_3b4576ad9d,8,view,simulated_baseline
2026-01-30T18:10:00.901200,sim_3b4576ad9d,6,view,simulated_baseline
2026-01-30T18:14:49.901200,sim_3b4576ad9d,11,add_to_cart,simulated_baseline
2026-01-30T18:15:14.901200,sim_3b4576ad9d,12,view,simulated_baseline
2026-01-30T18:17:02.901200,sim_3b4576ad9d,6,view,simulated_baseline
2026-01-30T18:17:40.901200,sim_3b4576ad9d,10,view,simulated_baseline
2026-01-30T17:06:10.901230,sim_6b95cddf9e,13,view,simulated_baseline
2026-01-30T17:07:52.901230,sim_6b95cddf9e,7,view,simulated_baseline
2026-01-30T17:12:04.901230,sim_6b95cddf9e,14,view,simulated_baseline
2026-01-30T17:15:39.901230,sim_6b95cddf9e,13,wishlist,simulated_baseline
2026-01-30T17:18:04.901230,sim_6b95cddf9e,9,view,simulated_baseline
2026-01-30T17:18:28.901230,sim_6b95cddf9e,14,view,simulated_baseline
2026-01-30T17:21:23.901230,sim_6b95cddf9e,13,wishlist,simulated_baseline
2026-01-30T17:23:20.901230,sim_6b95cddf9e,7,view,simulated_baseline
2026-01-30T17:27:48.901230,sim_6b95cddf9e,14,view,simulated_baseline
2026-02-18T12:07:44.901265,sim_30ddc32501,7,wishlist,simulated_baseline
2026-02-18T12:11:29.901265,sim_30ddc32501,14,view,simulated_baseline
2026-02-18T12:13:51.901265,sim_30ddc32501,13,view,simulated_baseline
2026-02-18T12:14:01.901265,sim_30ddc32501,14,view,simulated_baseline
2026-02-18T12:18:14.901265,sim_30ddc32501,5,view,simulated_baseline
2026-02-18T12:19:01.901265,sim_30ddc32501,7,view,simulated_baseline
2026-02-18T12:19:33.901265,sim_30ddc32501,10,view,simulated_baseline
2026-02-18T12:22:28.901265,sim_30ddc32501,5,view,simulated_baseline
2026-02-18T12:26:37.901265,sim_30ddc32501,13,view,simulated_baseline
2026-02-18T12:30:40.901265,sim_30ddc32501,14,view,simulated_baseline
2026-02-18T16:04:02.901303,sim_cac5e7daa6,8,add_to_cart,simulated_baseline
2026-02-18T16:06:28.901303,sim_cac5e7daa6,8,view,simulated_baseline
2026-02-18T16:09:17.901303,sim_cac5e7daa6,5,view,simulated_baseline
2026-02-18T16:11:17.901303,sim_cac5e7daa6,8,wishlist,simulated_baseline
2026-02-18T16:13:38.901303,sim_cac5e7daa6,5,wishlist,simulated_baseline
2026-02-18T16:16:52.901303,sim_cac5e7daa6,5,view,simulated_baseline
2026-02-18T16:19:56.901303,sim_cac5e7daa6,8,view,simulated_baseline
2026-02-18T16:21:25.901303,sim_cac5e7daa6,10,view,simulated_baseline
2026-02-18T16:26:13.901303,sim_cac5e7daa6,5,view,simulated_baseline
2026-01-25T19:04:17.901339,sim_d4a2843875,12,view,simulated_baseline
2026-01-25T19:04:55.901339,sim_d4a2843875,11,wishlist,simulated_baseline
2026-01-25T19:06:52.901339,sim_d4a2843875,13,view,simulated_baseline
2026-01-25T19:07:25.901339,sim_d4a2843875,9,view,simulated_baseline
2026-01-25T19:09:11.901339,sim_d4a2843875,8,view,simulated_baseline
2026-01-25T19:10:07.901339,sim_d4a2843875,12,view,simulated_baseline
2026-01-25T19:14:03.901339,sim_d4a2843875,11,view,simulated_baseline
2026-02-16T19:06:18.901368,sim_624585336c,10,wishlist,simulated_baseline
2026-02-16T19:09:12.901368,sim_624585336c,12,view,simulated_baseline
2026-02-16T19:13:32.901368,sim_624585336c,10,wishlist,simulated_baseline
2026-02-19T16:05:59.901384,sim_f3ce8e18a2,5,view,simulated_baseline
2026-02-19T16:07:53.901384,sim_f3ce8e18a2,5,view,simulated_baseline
2026-02-19T16:11:06.901384,sim_f3ce8e18a2,5,view,simulated_baseline
2026-01-24T17:06:29.901398,sim_b18203f633,10,wishlist,simulated_baseline
2026-01-24T17:06:42.901398,sim_b18203f633,5,view,simulated_baseline
2026-01-24T17:10:08.901398,sim_b18203f633,12,view,simulated_baseline
2026-01-24T17:14:00.901398,sim_b18203f633,12,wishlist,simulated_baseline
2026-01-24T17:18:31.901398,sim_b18203f633,6,view,simulated_baseline
2026-01-24T17:19:17.901398,sim_b18203f633,11,wishlist,simulated_baseline
2026-01-24T17:20:40.901398,sim_b18203f633,6,view,simulated_baseline
2026-01-24T17:23:35.901398,sim_b18203f633,11,view,simulated_baseline
2026-01-24T17:26:44.901398,sim_b18203f633,13,view,simulated_baseline
2026-02-21T20:07:37.901435,sim_53f85b9c82,10,view,simulated_baseline
2026-02-21T20:11:21.901435,sim_53f85b9c82,9,view,simulated_baseline
2026-02-21T20:14:49.901435,sim_53f85b9c82,8,view,simulated_baseline
2026-02-21T20:17:52.901435,sim_53f85b9c82,8,view,simulated_baseline
2026-02-21T20:21:03.901435,sim_53f85b9c82,12,add_to_cart,simulated_baseline
2026-02-14T09:07:37.901457,sim_bcd2697b82,12,view,simulated_baseline
2026-02-14T09:10:52.901457,sim_bcd2697b82,13,wishlist,simulated_baseline
2026-02-14T09:15:24.901457,sim_bcd2697b82,8,view,simulated_baseline
2026-02-14T09:17:51.901457,sim_bcd2697b82,11,add_to_cart,simulated_baseline
2026-02-12T19:06:47.901476,sim_3568556fd8,5,view,simulated_baseline
2026-02-12T19:09:34.901476,sim_3568556fd8,14,view,simulated_baseline
2026-02-12T19:13:14.901476,sim_3568556fd8,5,add_to_cart,simulated_baseline
2026-02-12T19:18:03.901476,sim_3568556fd8,9,view,simulated_baseline
2026-02-12T19:22:52.901476,sim_3568556fd8,8,view,simulated_baseline
2026-02-04T13:04:01.901498,sim_a7b3cb0047,7,wishlist,simulated_baseline
2026-02-04T13:08:49.901498,sim_a7b3cb0047,14,view,simulated_baseline
2026-02-04T13:11:00.901498,sim_a7b3cb0047,13,view,simulated_baseline
2026-02-04T13:11:35.901498,sim_a7b3cb0047,13,view,simulated_baseline
2026-02-04T13:14:42.901498,sim_a7b3cb0047,14,wishlist,simulated_baseline
2026-02-04T13:17:24.901498,sim_a7b3cb0047,14,view,simulated_baseline
2026-02-04T13:19:30.901498,sim_a7b3cb0047,13,view,simulated_baseline
2026-01-31T22:03:28.901527,sim_2411cb6bfe,11,view,simulated_baseline
2026-01-31T22:06:53.901527,sim_2411cb6bfe,6,view,simulated_baseline
2026-01-31T22:10:40.901527,sim_2411cb6bfe,6,wishlist,simulated_baseline
2026-01-31T22:13:24.901527,sim_2411cb6bfe,10,view,simulated_baseline
2026-02-14T03:04:50.901545,sim_0eb96145b4,12,view,simulated_baseline
2026-02-14T03:09:41.901545,sim_0eb96145b4,6,view,simulated_baseline
2026-02-14T03:13:30.901545,sim_0eb96145b4,10,wishlist,simulated_baseline
2026-02-05T01:04:07.901560,sim_f4f9c599bb,5,view,simulated_baseline
2026-02-05T01:07:10.901560,sim_f4f9c599bb,5,view,simulated_baseline
2026-02-05T01:10:34.901560,sim_f4f9c599bb,9,view,simulated_baseline
2026-02-05T01:13:12.901560,sim_f4f9c599bb,9,view,simulated_baseline
2026-02-05T01:18:03.901560,sim_f4f9c599bb,5,wishlist,simulated_baseline
2026-02-05T01:21:44.901560,sim_f4f9c599bb,7,view,simulated_baseline
2026-02-17T12:06:56.901586,sim_f16c712f5d,14,view,simulated_baseline
2026-02-17T12:11:38.901586,sim_f16c712f5d,13,wishlist,simulated_baseline
2026-02-17T12:14:21.901586,sim_f16c712f5d,14,view,simulated_baseline
2026-02-17T12:18:41.901586,sim_f16c712f5d,7,view,simulated_baseline
2026-02-17T12:21:41.901586,sim_f16c712f5d,14,add_to_cart,simulated_baseline
2026-02-17T12:22:06.901586,sim_f16c712f5d,14,wishlist,simulated_baseline
2026-02-17T12:24:06.901586,sim_f16c712f5d,13,add_to_cart,simulated_baseline
2026-02-17T12:26:01.901586,sim_f16c712f5d,14,view,simulated_baseline
2026-02-17T12:28:18.901586,sim_f16c712f5d,14,view,simulated_baseline
2026-02-17T12:32:13.901586,sim_f16c712f5d,14,view,simulated_baseline
2026-02-19T07:03:31.901628,sim_a02149c560,7,wishlist,simulated_baseline
2026-02-19T07:05:11.901628,sim_a02149c560,13,view,simulated_baseline
2026-02-19T07:07:26.901628,sim_a02149c560,14,view,simulated_baseline
2026-02-19T07:09:26.901628,sim_a02149c560,7,view,simulated_baseline
2026-02-19T07:13:13.901628,sim_a02149c560,13,view,simulated_baseline
2026-02-19T07:16:25.901628,sim_a02149c560,7,view,simulated_baseline
2026-02-19T07:17:58.901628,sim_a02149c560,7,view,simulated_baseline
2026-02-19T07:19:34.901628,sim_a02149c560,14,view,simulated_baseline
2026-01-30T14:04:16.901660,sim_407f7590e7,6,wishlist,simulated_baseline
2026-01-30T14:05:33.901660,sim_407f7590e7,7,add_to_cart,simulated_baseline
2026-01-30T14:06:56.901660,sim_407f7590e7,11,add_to_cart,simulated_baseline
2026-01-30T14:09:33.901660,sim_407f7590e7,6,view,simulated_baseline
2026-01-30T14:13:56.901660,sim_407f7590e7,10,wishlist,simulated_baseline
2026-01-30T14:15:29.901660,sim_407f7590e7,6,view,simulated_baseline
2026-01-30T14:17:35.901660,sim_407f7590e7,12,view,simulated_baseline
2026-01-30T14:19:12.901660,sim_407f7590e7,11,wishlist,simulated_baseline
2026-01-30T14:21:39.901660,sim_407f7590e7,12,view,simulated_baseline
2026-01-30T14:26:22.901660,sim_407f7590e7,9,view,simulated_baseline
2026-02-02T01:08:12.901699,sim_e99197d5df,12,view,simulated_baseline
2026-02-02T01:08:55.901699,sim_e99197d5df,12,wishlist,simulated_baseline
2026-02-02T01:13:51.901699,sim_e99197d5df,6,view,simulated_baseline
2026-02-02T01:14:41.901699,sim_e99197d5df,10,view,simulated_baseline
2026-02-06T00:03:29.901718,sim_357ddc244e,11,view,simulated_baseline
2026-02-06T00:03:44.901718,sim_357ddc244e,6,view,simulated_baseline
2026-02-06T00:07:14.901718,sim_357ddc244e,12,add_to_cart,simulated_baseline
2026-02-06T00:10:08.901718,sim_357ddc244e,5,view,simulated_baseline
2026-02-06T00:11:28.901718,sim_357ddc244e,12,view,simulated_baseline
2026-02-06T00:15:31.901718,sim_357ddc244e,11,view,simulated_baseline
2026-02-06T00:17:00.901718,sim_357ddc244e,10,view,simulated_baseline
2026-02-02T02:07:38.901747,sim_4b4bff0566,10,view,simulated_baseline
2026-02-02T02:10:55.901747,sim_4b4bff0566,11,view,simulated_baseline
2026-02-02T02:11:16.901747,sim_4b4bff0566,10,view,simulated_baseline
2026-01-28T13:06:29.901761,sim_ee1be0426a,9,view,simulated_baseline
2026-01-28T13:06:39.901761,sim_ee1be0426a,8,view,simulated_baseline
2026-01-28T13:11:28.901761,sim_ee1be0426a,8,view,simulated_baseline
2026-01-28T13:15:54.901761,sim_ee1be0426a,9,view,simulated_baseline
2026-01-28T13:20:45.901761,sim_ee1be0426a,9,view,simulated_baseline
2026-01-28T13:25:40.901761,sim_ee1be0426a,5,view,simulated_baseline
2026-01-28T13:29:47.901761,sim_ee1be0426a,5,view,simulated_baseline
2026-01-28T13:34:16.901761,sim_ee1be0426a,9,add_to_cart,simulated_baseline
2026-01-30T02:04:08.901804,sim_1e9422f444,7,view,simulated_baseline
2026-01-30T02:07:25.901804,sim_1e9422f444,13,view,simulated_baseline
2026-01-30T02:12:15.901804,sim_1e9422f444,14,view,simulated_baseline
2026-02-09T08:05:53.901819,sim_8bfd715601,7,wishlist,simulated_baseline
2026-02-09T08:10:52.901819,sim_8bfd715601,13,view,simulated_baseline
2026-02-09T08:14:26.901819,sim_8bfd715601,13,view,simulated_baseline
2026-02-09T08:17:11.901819,sim_8bfd715601,5,view,simulated_baseline
2026-02-09T08:20:50.901819,sim_8bfd715601,14,wishlist,simulated_baseline
2026-02-09T08:21:50.901819,sim_8bfd715601,7,wishlist,simulated_baseline
2026-02-09T08:23:46.901819,sim_8bfd715601,13,view,simulated_baseline
2026-02-09T08:25:46.901819,sim_8bfd715601,7,view,simulated_baseline
2026-01-28T19:08:09.901851,sim_5171b22beb,13,view,simulated_baseline
2026-01-28T19:12:40.901851,sim_5171b22beb,7,view,simulated_baseline
2026-01-28T19:14:03.901851,sim_5171b22beb,13,add_to_cart,simulated_baseline
2026-01-28T19:15:17.901851,sim_5171b22beb,14,view,simulated_baseline
2026-01-28T19:16:59.901851,sim_5171b22beb,14,view,simulated_baseline
2026-01-28T19:18:02.901851,sim_5171b22beb,13,view,simulated_baseline
2026-01-28T19:21:12.901851,sim_5171b22beb,14,wishlist,simulated_baseline
2026-01-28T19:24:38.901851,sim_5171b22beb,7,view,simulated_baseline
2026-01-28T19:29:20.901851,sim_5171b22beb,6,wishlist,simulated_baseline
2026-02-13T19:07:03.901886,sim_32d03ef801,9,wishlist,simulated_baseline
2026-02-13T19:11:48.901886,sim_32d03ef801,8,wishlist,simulated_baseline
2026-02-13T19:14:40.901886,sim_32d03ef801,5,add_to_cart,simulated_baseline
2026-02-13T19:16:13.901886,sim_32d03ef801,8,view,simulated_baseline
2026-01-27T23:05:30.901905,sim_8d9db0eaee,10,view,simulated_baseline
2026-01-27T23:08:55.901905,sim_8d9db0eaee,6,view,simulated_baseline
2026-01-27T23:11:21.901905,sim_8d9db0eaee,11,view,simulated_baseline
2026-01-27T23:15:42.901905,sim_8d9db0eaee,10,view,simulated_baseline
2026-01-27T23:18:56.901905,sim_8d9db0eaee,10,view,simulated_baseline
2026-01-27T23:21:22.901905,sim_8d9db0eaee,12,view,simulated_baseline
2026-01-27T23:22:47.901905,sim_8d9db0eaee,8,view,simulated_baseline
2026-02-19T16:05:13.901934,sim_6c55a8573a,9,view,simulated_baseline
2026-02-19T16:06:50.901934,sim_6c55a8573a,9,wishlist,simulated_baseline
2026-02-19T16:11:14.901934,sim_6c55a8573a,9,view,simulated_baseline
2026-02-19T16:15:55.901934,sim_6c55a8573a,8,view,simulated_baseline
2026-02-19T16:18:14.901934,sim_6c55a8573a,10,view,simulated_baseline
2026-02-19T16:22:59.901934,sim_6c55a8573a,5,view,simulated_baseline
2026-02-19T16:27:13.901934,sim_6c55a8573a,9,view,simulated_baseline
2026-02-13T23:04:59.901962,sim_130d2f36a0,12,view,simulated_baseline
2026-02-13T23:05:49.901962,sim_130d2f36a0,12,view,simulated_baseline
2026-02-13T23:10:02.901962,sim_130d2f36a0,8,view,simulated_baseline
2026-02-13T23:13:14.901962,sim_130d2f36a0,12,view,simulated_baseline
2026-02-02T12:05:01.901982,sim_757d337484,13,view,simulated_baseline
2026-02-02T12:07:10.901982,sim_757d337484,10,view,simulated_baseline
2026-02-02T12:09:03.901982,sim_757d337484,7,view,simulated_baseline
2026-02-02T12:13:55.901982,sim_757d337484,7,view,simulated_baseline
2026-02-02T12:17:47.901982,sim_757d337484,13,view,simulated_baseline
2026-02-20T16:06:10.902003,sim_644db528cf,7,view,simulated_baseline
2026-02-20T16:08:07.902003,sim_644db528cf,13,view,simulated_baseline
2026-02-20T16:08:57.902003,sim_644db528cf,13,view,simulated_baseline
2026-02-20T16:09:39.902003,sim_644db528cf,7,view,simulated_baseline
2026-02-20T16:10:43.902003,sim_644db528cf,7,view,simulated_baseline
2026-02-20T16:11:25.902003,sim_644db528cf,7,view,simulated_baseline
2026-02-20T16:13:13.902003,sim_644db528cf,7,view,simulated_baseline
2026-02-20T16:14:48.902003,sim_644db528cf,13,view,simulated_baseline
2026-02-20T16:18:03.902003,sim_644db528cf,14,wishlist,simulated_baseline
2026-02-18T15:03:28.902039,sim_f210e651e8,8,add_to_cart,simulated_baseline
2026-02-18T15:05:25.902039,sim_f210e651e8,9,wishlist,simulated_baseline
2026-02-18T15:06:52.902039,sim_f210e651e8,5,view,simulated_baseline
2026-02-18T15:07:03.902039,sim_f210e651e8,8,view,simulated_baseline
2026-01-27T10:03:38.902057,sim_3cc7ecb080,13,view,simulated_baseline
2026-01-27T10:07:14.902057,sim_3cc7ecb080,13,view,simulated_baseline
2026-01-27T10:10:12.902057,sim_3cc7ecb080,14,view,simulated_baseline
2026-01-27T10:13:04.902057,sim_3cc7ecb080,7,view,simulated_baseline
2026-01-27T10:17:49.902057,sim_3cc7ecb080,13,wishlist,simulated_baseline
2026-01-27T10:18:43.902057,sim_3cc7ecb080,14,add_to_cart,simulated_baseline
2026-01-27T10:20:49.902057,sim_3cc7ecb080,7,view,simulated_baseline
2026-01-27T10:21:28.902057,sim_3cc7ecb080,14,view,simulated_baseline
2026-02-13T15:05:11.902089,sim_58b58030e4,7,add_to_cart,simulated_baseline
2026-02-13T15:09:07.902089,sim_58b58030e4,7,view,simulated_baseline
2026-02-13T15:10:55.902089,sim_58b58030e4,13,view,simulated_baseline
2026-02-13T15:14:37.902089,sim_58b58030e4,14,view,simulated_baseline
2026-02-13T15:19:36.902089,sim_58b58030e4,7,view,simulated_baseline
2026-01-25T15:03:43.902113,sim_d8359d3519,5,wishlist,simulated_baseline
2026-01-25T15:06:37.902113,sim_d8359d3519,5,view,simulated_baseline
2026-01-25T15:09:44.902113,sim_d8359d3519,8,view,simulated_baseline
2026-01-25T15:12:49.902113,sim_d8359d3519,5,view,simulated_baseline
2026-01-25T15:15:59.902113,sim_d8359d3519,9,wishlist,simulated_baseline
2026-01-25T15:17:00.902113,sim_d8359d3519,8,wishlist,simulated_baseline
2026-01-25T15:20:20.902113,sim_d8359d3519,5,wishlist,simulated_baseline
2026-02-17T11:03:26.902139,sim_424f32d373,13,wishlist,simulated_baseline
2026-02-17T11:04:16.902139,sim_424f32d373,7,view,simulated_baseline
2026-02-17T11:08:57.902139,sim_424f32d373,14,view,simulated_baseline
2026-02-17T11:13:36.902139,sim_424f32d373,7,view,simulated_baseline
2026-02-17T11:18:10.902139,sim_424f32d373,14,view,simulated_baseline
2026-02-17T11:19:21.902139,sim_424f32d373,14,wishlist,simulated_baseline
2026-02-17T11:21:42.902139,sim_424f32d373,14,view,simulated_baseline
2026-02-16T04:04:05.902164,sim_b65d56c734,5,view,simulated_baseline
2026-02-16T04:08:36.902164,sim_b65d56c734,5,wishlist,simulated_baseline
2026-02-16T04:12:38.902164,sim_b65d56c734,9,view,simulated_baseline
2026-02-16T04:14:55.902164,sim_b65d56c734,8,view,simulated_baseline
2026-02-16T04:16:48.902164,sim_b65d56c734,9,wishlist,simulated_baseline
2026-02-16T04:19:55.902164,sim_b65d56c734,5,view,simulated_baseline
2026-02-16T04:20:17.902164,sim_b65d56c734,9,view,simulated_baseline
2026-02-16T04:22:26.902164,sim_b65d56c734,8,view,simulated_baseline
2026-02-16T04:22:49.902164,sim_b65d56c734,5,wishlist,simulated_baseline
2026-02-09T14:08:00.902196,sim_bd365f6001,11,add_to_cart,simulated_baseline
2026-02-09T14:08:49.902196,sim_bd365f6001,11,view,simulated_baseline
2026-02-09T14:10:17.902196,sim_bd365f6001,11,view,simulated_baseline
2026-02-09T14:13:21.902196,sim_bd365f6001,6,view,simulated_baseline
2026-02-09T14:18:13.902196,sim_bd365f6001,12,view,simulated_baseline
2026-02-09T14:22:23.902196,sim_bd365f6001,6,view,simulated_baseline
2026-02-09T14:25:00.902196,sim_bd365f6001,7,wishlist,simulated_baseline
2026-02-09T14:28:28.902196,sim_bd365f6001,7,view,simulated_baseline
2026-02-09T14:29:23.902196,sim_bd365f6001,10,wishlist,simulated_baseline
2026-02-09T14:34:15.902196,sim_bd365f6001,6,view,simulated_baseline
2026-02-19T22:05:21.902231,sim_df4c001fe2,13,view,simulated_baseline
2026-02-19T22:08:41.902231,sim_df4c001fe2,14,wishlist,simulated_baseline
2026-02-19T22:12:27.902231,sim_df4c001fe2,14,view,simulated_baseline
2026-02-19T22:15:34.902231,sim_df4c001fe2,7,wishlist,simulated_baseline
2026-02-19T22:19:27.902231,sim_df4c001fe2,9,view,simulated_baseline
2026-02-13T21:05:00.902251,sim_4c0b0144b5,7,view,simulated_baseline
2026-02-13T21:09:56.902251,sim_4c0b0144b5,14,add_to_cart,simulated_baseline
2026-02-13T21:13:17.902251,sim_4c0b0144b5,13,view,simulated_baseline
2026-02-13T21:16:04.902251,sim_4c0b0144b5,5,view,simulated_baseline
2026-02-13T21:18:02.902251,sim_4c0b0144b5,7,view,simulated_baseline
2026-02-13T21:19:35.902251,sim_4c0b0144b5,7,view,simulated_baseline
2026-02-13T21:21:56.902251,sim_4c0b0144b5,7,wishlist,simulated_baseline
2026-02-13T21:22:49.902251,sim_4c0b0144b5,11,view,simulated_baseline
2026-02-13T21:27:23.902251,sim_4c0b0144b5,14,view,simulated_baseline
2026-02-13T21:29:33.902251,sim_4c0b0144b5,14,view,simulated_baseline
2026-01-28T08:03:38.902286,sim_a40a17721e,14,wishlist,simulated_baseline
2026-01-28T08:07:45.902286,sim_a40a17721e,14,view,simulated_baseline
2026-01-28T08:10:04.902286,sim_a40a17721e,10,wishlist,simulated_baseline
2026-01-28T08:12:39.902286,sim_a40a17721e,13,view,simulated_baseline
2026-01-28T08:12:51.902286,sim_a40a17721e,13,view,simulated_baseline
2026-01-28T08:14:12.902286,sim_a40a17721e,5,view,simulated_baseline
2026-01-28T08:19:05.902286,sim_a40a17721e,14,view,simulated_baseline
2026-01-28T08:21:19.902286,sim_a40a17721e,13,wishlist,simulated_baseline
2026-01-28T08:23:07.902286,sim_a40a17721e,13,wishlist,simulated_baseline
2026-01-28T08:26:58.902286,sim_a40a17721e,13,view,simulated_baseline
2026-01-24T13:03:49.902322,sim_cffce32824,10,view,simulated_baseline
2026-01-24T13:05:24.902322,sim_cffce32824,11,view,simulated_baseline
2026-01-24T13:07:41.902322,sim_cffce32824,12,view,simulated_baseline
2026-01-24T13:12:25.902322,sim_cffce32824,7,view,simulated_baseline
2026-01-24T13:16:48.902322,sim_cffce32824,10,wishlist,simulated_baseline
2026-02-22T22:04:37.902342,sim_505b541762,6,add_to_cart,simulated_baseline
2026-02-22T22:09:09.902342,sim_505b541762,6,view,simulated_baseline
2026-02-22T22:10:08.902342,sim_505b541762,8,view,simulated_baseline
2026-02-22T22:12:10.902342,sim_505b541762,12,view,simulated_baseline
2026-02-22T22:16:18.902342,sim_505b541762,11,view,simulated_baseline
2026-02-22T22:19:41.902342,sim_505b541762,6,view,simulated_baseline
2026-02-22T22:23:02.902342,sim_505b541762,11,view,simulated_baseline
2026-02-22T22:23:23.902342,sim_505b541762,12,wishlist,simulated_baseline
2026-01-29T16:06:26.902372,sim_611fb39e2e,6,view,simulated_baseline
2026-01-29T16:09:19.902372,sim_611fb39e2e,14,view,simulated_baseline
2026-01-29T16:10:25.902372,sim_611fb39e2e,6,view,simulated_baseline
2026-01-29T16:11:54.902372,sim_611fb39e2e,14,view,simulated_baseline
2026-01-29T16:16:15.902372,sim_611fb39e2e,13,view,simulated_baseline
2026-02-16T23:03:25.902392,sim_645c71f068,13,wishlist,simulated_baseline
2026-02-16T23:06:02.902392,sim_645c71f068,14,view,simulated_baseline
2026-02-16T23:07:51.902392,sim_645c71f068,7,add_to_cart,simulated_baseline
2026-02-16T23:09:54.902392,sim_645c71f068,14,view,simulated_baseline
2026-02-16T23:14:30.902392,sim_645c71f068,13,add_to_cart,simulated_baseline
2026-02-16T23:18:56.902392,sim_645c71f068,13,view,simulated_baseline
2026-02-16T23:22:11.902392,sim_645c71f068,7,view,simulated_baseline
2026-02-16T23:22:25.902392,sim_645c71f068,13,view,simulated_baseline
2026-02-16T17:04:31.902420,sim_c971d071f9,7,view,simulated_baseline
2026-02-16T17:06:44.902420,sim_c971d071f9,13,view,simulated_baseline
2026-02-16T17:10:32.902420,sim_c971d071f9,8,wishlist,simulated_baseline
2026-02-16T17:13:00.902420,sim_c971d071f9,6,view,simulated_baseline
2026-02-16T17:13:25.902420,sim_c971d071f9,7,wishlist,simulated_baseline
2026-02-16T17:16:32.902420,sim_c971d071f9,14,view,simulated_baseline
2026-02-16T17:19:40.902420,sim_c971d071f9,14,add_to_cart,simulated_baseline
2026-02-16T17:24:04.902420,sim_c971d071f9,13,wishlist,simulated_baseline
2026-02-16T17:28:07.902420,sim_c971d071f9,14,add_to_cart,simulated_baseline
2026-02-16T17:32:31.902420,sim_c971d071f9,7,view,simulated_baseline
2026-01-29T09:06:14.902455,sim_bed38f7068,13,view,simulated_baseline
2026-01-29T09:06:37.902455,sim_bed38f7068,14,view,simulated_baseline
2026-01-29T09:11:30.902455,sim_bed38f7068,14,view,simulated_baseline
2026-01-29T09:16:07.902455,sim_bed38f7068,7,view,simulated_baseline
2026-01-29T09:17:28.902455,sim_bed38f7068,13,view,simulated_baseline
2026-01-29T09:21:51.902455,sim_bed38f7068,7,wishlist,simulated_baseline
2026-01-29T09:26:25.902455,sim_bed38f7068,13,view,simulated_baseline
2026-01-29T09:31:22.902455,sim_bed38f7068,5,view,simulated_baseline
2026-01-29T09:32:59.902455,sim_bed38f7068,13,view,simulated_baseline
2026-02-22T13:06:11.902487,sim_00a3c0ebad,13,view,simulated_baseline
2026-02-22T13:09:45.902487,sim_00a3c0ebad,13,wishlist,simulated_baseline
2026-02-22T13:11:55.902487,sim_00a3c0ebad,14,view,simulated_baseline
2026-02-14T04:03:33.902501,sim_d7447639d6,7,view,simulated_baseline
2026-02-14T04:03:59.902501,sim_d7447639d6,13,view,simulated_baseline
2026-02-14T04:05:33.902501,sim_d7447639d6,13,view,simulated_baseline
2026-02-14T04:06:17.902501,sim_d7447639d6,14,view,simulated_baseline
2026-02-14T04:08:45.902501,sim_d7447639d6,7,view,simulated_baseline
2026-02-14T04:11:08.902501,sim_d7447639d6,8,view,simulated_baseline
2026-01-24T09:03:53.902524,sim_22e7d6a246,5,view,simulated_baseline
2026-01-24T09:08:14.902524,sim_22e7d6a246,5,view,simulated_baseline
2026-01-24T09:11:20.902524,sim_22e7d6a246,13,view,simulated_baseline
2026-01-24T09:15:14.902524,sim_22e7d6a246,14,view,simulated_baseline
2026-01-24T09:15:53.902524,sim_22e7d6a246,8,view,simulated_baseline
2026-01-24T09:16:07.902524,sim_22e7d6a246,5,view,simulated_baseline
2026-01-24T09:18:07.902524,sim_22e7d6a246,8,wishlist,simulated_baseline
2026-01-24T09:21:50.902524,sim_22e7d6a246,9,view,simulated_baseline
2026-02-08T03:04:11.902556,sim_12326dba68,14,view,simulated_baseline
2026-02-08T03:04:40.902556,sim_12326dba68,14,view,simulated_baseline
2026-02-08T03:08:02.902556,sim_12326dba68,13,view,simulated_baseline
2026-02-08T03:11:43.902556,sim_12326dba68,7,add_to_cart,simulated_baseline
2026-02-08T03:14:56.902556,sim_12326dba68,14,view,simulated_baseline
2026-02-08T03:17:09.902556,sim_12326dba68,14,add_to_cart,simulated_baseline
2026-02-08T03:18:10.902556,sim_12326dba68,14,view,simulated_baseline
2026-02-08T03:21:36.902556,sim_12326dba68,7,wishlist,simulated_baseline
2026-02-08T03:24:02.902556,sim_12326dba68,7,view,simulated_baseline
2026-02-08T03:24:47.902556,sim_12326dba68,13,view,simulated_baseline
2026-02-10T06:05:42.902591,sim_dd1fbcd714,13,view,simulated_baseline
2026-02-10T06:07:09.902591,sim_dd1fbcd714,10,view,simulated_baseline
2026-02-10T06:10:35.902591,sim_dd1fbcd714,6,view,simulated_baseline
2026-02-10T06:14:39.902591,sim_dd1fbcd714,6,view,simulated_baseline
2026-02-10T06:16:08.902591,sim_dd1fbcd714,12,add_to_cart,simulated_baseline
2026-02-10T06:20:42.902591,sim_dd1fbcd714,12,add_to_cart,simulated_baseline
2026-02-10T06:24:24.902591,sim_dd1fbcd714,8,view,simulated_baseline
2026-01-31T09:03:26.902616,sim_116c1fd2f0,9,view,simulated_baseline
2026-01-31T09:06:37.902616,sim_116c1fd2f0,9,view,simulated_baseline
2026-01-31T09:09:50.902616,sim_116c1fd2f0,9,view,simulated_baseline
2026-01-31T09:13:20.902616,sim_116c1fd2f0,8,wishlist,simulated_baseline
2026-01-31T09:17:10.902616,sim_116c1fd2f0,9,view,simulated_baseline
2026-01-31T09:19:10.902616,sim_116c1fd2f0,5,view,simulated_baseline
2026-01-31T09:22:56.902616,sim_116c1fd2f0,9,wishlist,simulated_baseline
2026-01-31T09:26:40.902616,sim_116c1fd2f0,9,view,simulated_baseline
2026-02-02T08:06:03.902645,sim_a08e69d809,12,view,simulated_baseline
2026-02-02T08:06:17.902645,sim_a08e69d809,6,view,simulated_baseline
2026-02-02T08:10:55.902645,sim_a08e69d809,9,view,simulated_baseline
2026-02-11T02:04:17.902658,sim_ecd844f29d,13,wishlist,simulated_baseline
2026-02-11T02:07:05.902658,sim_ecd844f29d,13,view,simulated_baseline
2026-02-11T02:10:59.902658,sim_ecd844f29d,9,view,simulated_baseline
2026-02-11T02:14:15.902658,sim_ecd844f29d,13,view,simulated_baseline
2026-02-11T02:14:59.902658,sim_ecd844f29d,13,view,simulated_baseline
2026-02-11T02:17:40.902658,sim_ecd844f29d,14,view,simulated_baseline
2026-02-11T02:21:14.902658,sim_ecd844f29d,14,wishlist,simulated_baseline
2026-02-15T11:07:44.902685,sim_7613c0f6ea,8,view,simulated_baseline
2026-02-15T11:08:30.902685,sim_7613c0f6ea,13,view,simulated_baseline
2026-02-15T11:09:11.902685,sim_7613c0f6ea,7,view,simulated_baseline
2026-01-31T07:05:33.902698,sim_9b922c1f9c,9,view,simulated_baseline
2026-01-31T07:06:06.902698,sim_9b922c1f9c,8,wishlist,simulated_baseline
2026-01-31T07:09:21.902698,sim_9b922c1f9c,9,wishlist,simulated_baseline
2026-01-31T07:12:09.902698,sim_9b922c1f9c,8,view,simulated_baseline
2026-01-31T07:16:45.902698,sim_9b922c1f9c,11,wishlist,simulated_baseline
2026-01-31T07:20:32.902698,sim_9b922c1f9c,5,wishlist,simulated_baseline
2026-01-31T07:25:03.902698,sim_9b922c1f9c,5,view,simulated_baseline
2026-01-31T07:27:50.902698,sim_9b922c1f9c,8,view,simulated_baseline
2026-01-31T07:30:36.902698,sim_9b922c1f9c,9,view,simulated_baseline
2026-01-31T07:31:07.902698,sim_9b922c1f9c,5,view,simulated_baseline
2026-02-22T04:04:08.902733,sim_2aad54175c,10,view,simulated_baseline
2026-02-22T04:08:48.902733,sim_2aad54175c,12,view,simulated_baseline
2026-02-22T04:11:20.902733,sim_2aad54175c,12,view,simulated_baseline
2026-02-22T04:14:20.902733,sim_2aad54175c,10,view,simulated_baseline
2026-02-23T07:03:48.902749,sim_4da1d53249,12,wishlist,simulated_baseline
2026-02-23T07:07:55.902749,sim_4da1d53249,10,view,simulated_baseline
2026-02-23T07:09:31.902749,sim_4da1d53249,10,add_to_cart,simulated_baseline
2026-02-23T07:10:24.902749,sim_4da1d53249,6,wishlist,simulated_baseline
2026-02-23T07:11:32.902749,sim_4da1d53249,6,view,simulated_baseline
2026-02-23T07:13:20.902749,sim_4da1d53249,7,view,simulated_baseline
2026-02-23T07:14:02.902749,sim_4da1d53249,12,view,simulated_baseline
2026-02-23T07:18:03.902749,sim_4da1d53249,10,add_to_cart,simulated_baseline
2026-02-23T07:19:59.902749,sim_4da1d53249,13,view,simulated_baseline
2026-02-11T13:06:24.902782,sim_66c93210f6,8,wishlist,simulated_baseline
2026-02-11T13:09:24.902782,sim_66c93210f6,5,wishlist,simulated_baseline
2026-02-11T13:11:29.902782,sim_66c93210f6,8,view,simulated_baseline
2026-02-11T13:11:52.902782,sim_66c93210f6,7,view,simulated_baseline
2026-02-11T13:15:39.902782,sim_66c93210f6,13,view,simulated_baseline
2026-02-11T13:20:16.902782,sim_66c93210f6,13,wishlist,simulated_baseline
2026-02-11T13:22:45.902782,sim_66c93210f6,9,view,simulated_baseline
2026-02-16T04:07:50.902807,sim_a92be24897,10,view,simulated_baseline
2026-02-16T04:12:23.902807,sim_a92be24897,10,view,simulated_baseline
2026-02-16T04:14:38.902807,sim_a92be24897,14,view,simulated_baseline
2026-02-16T04:16:51.902807,sim_a92be24897,9,add_to_cart,simulated_baseline
2026-02-16T04:20:56.902807,sim_a92be24897,11,view,simulated_baseline
2026-02-16T04:25:53.902807,sim_a92be24897,6,wishlist,simulated_baseline
2026-02-16T04:26:22.902807,sim_a92be24897,11,view,simulated_baseline
2026-02-16T04:26:54.902807,sim_a92be24897,6,wishlist,simulated_baseline
2026-02-16T04:27:57.902807,sim_a92be24897,12,view,simulated_baseline
2026-02-16T04:32:04.902807,sim_a92be24897,10,add_to_cart,simulated_baseline
2026-02-08T09:07:14.902844,sim_bb67f0e889,10,view,simulated_baseline
2026-02-08T09:11:25.902844,sim_bb67f0e889,11,view,simulated_baseline
2026-02-08T09:12:38.902844,sim_bb67f0e889,6,view,simulated_baseline
2026-02-08T09:14:18.902844,sim_bb67f0e889,10,wishlist,simulated_baseline
2026-02-08T09:14:59.902844,sim_bb67f0e889,10,view,simulated_baseline
2026-02-08T09:17:46.902844,sim_bb67f0e889,11,view,simulated_baseline
2026-02-08T09:19:19.902844,sim_bb67f0e889,12,wishlist,simulated_baseline
2026-02-08T09:22:40.902844,sim_bb67f0e889,11,view,simulated_baseline
2026-02-08T09:23:00.902844,sim_bb67f0e889,10,view,simulated_baseline
2026-01-24T17:04:17.902876,sim_38efac202c,14,view,simulated_baseline
2026-01-24T17:05:19.902876,sim_38efac202c,5,wishlist,simulated_baseline
2026-01-24T17:08:06.902876,sim_38efac202c,14,wishlist,simulated_baseline
2026-01-24T17:12:38.902876,sim_38efac202c,14,wishlist,simulated_baseline
2026-02-02T05:03:57.902893,sim_277ba01a7b,14,view,simulated_baseline
2026-02-02T05:08:55.902893,sim_277ba01a7b,14,wishlist,simulated_baseline
2026-02-02T05:09:57.902893,sim_277ba01a7b,14,view,simulated_baseline
2026-02-02T05:11:49.902893,sim_277ba01a7b,14,view,simulated_baseline
2026-02-21T03:04:54.902910,sim_ed19cfe9e7,8,wishlist,simulated_baseline
2026-02-21T03:07:35.902910,sim_ed19cfe9e7,8,view,simulated_baseline
2026-02-21T03:08:12.902910,sim_ed19cfe9e7,7,add_to_cart,simulated_baseline
2026-02-21T03:09:08.902910,sim_ed19cfe9e7,5,view,simulated_baseline
2026-02-21T03:12:36.902910,sim_ed19cfe9e7,8,view,simulated_baseline
2026-02-11T22:07:28.902930,sim_57c0582ce4,9,view,simulated_baseline
2026-02-11T22:11:25.902930,sim_57c0582ce4,8,add_to_cart,simulated_baseline
2026-02-11T22:14:31.902930,sim_57c0582ce4,5,wishlist,simulated_baseline
2026-02-11T22:16:33.902930,sim_57c0582ce4,5,add_to_cart,simulated_baseline
2026-02-11T22:20:35.902930,sim_57c0582ce4,9,view,simulated_baseline
2026-02-11T22:24:59.902930,sim_57c0582ce4,9,view,simulated_baseline
2026-02-11T22:27:37.902930,sim_57c0582ce4,8,view,simulated_baseline
2026-02-11T22:30:03.902930,sim_57c0582ce4,9,view,simulated_baseline
2026-01-30T13:04:36.902958,sim_c9d479a7ba,8,view,simulated_baseline
2026-01-30T13:08:00.902958,sim_c9d479a7ba,10,view,simulated_baseline
2026-01-30T13:12:48.902958,sim_c9d479a7ba,12,wishlist,simulated_baseline
2026-01-30T13:16:28.902958,sim_c9d479a7ba,12,add_to_cart,simulated_baseline
2026-01-30T13:19:38.902958,sim_c9d479a7ba,10,view,simulated_baseline
2026-01-30T13:23:17.902958,sim_c9d479a7ba,11,view,simulated_baseline
2026-02-09T03:05:45.902985,sim_2f1b89628a,13,view,simulated_baseline
2026-02-09T03:09:59.902985,sim_2f1b89628a,13,view,simulated_baseline
2026-02-09T03:14:21.902985,sim_2f1b89628a,12,wishlist,simulated_baseline
2026-02-09T03:16:53.902985,sim_2f1b89628a,13,view,simulated_baseline
2026-02-09T03:18:21.902985,sim_2f1b89628a,14,view,simulated_baseline
2026-02-09T03:18:57.902985,sim_2f1b89628a,14,view,simulated_baseline
2026-01-27T18:04:48.903009,sim_8478d5e31e,9,wishlist,simulated_baseline
2026-01-27T18:05:20.903009,sim_8478d5e31e,5,add_to_cart,simulated_baseline
2026-01-27T18:07:01.903009,sim_8478d5e31e,8,view,simulated_baseline
2026-01-27T18:08:43.903009,sim_8478d5e31e,8,view,simulated_baseline
2026-02-13T08:04:48.903025,sim_2b4e131682,6,add_to_cart,simulated_baseline
2026-02-13T08:05:51.903025,sim_2b4e131682,12,view,simulated_baseline
2026-02-13T08:09:45.903025,sim_2b4e131682,6,view,simulated_baseline
2026-02-13T08:12:35.903025,sim_2b4e131682,6,view,simulated_baseline
2026-02-13T08:15:01.903025,sim_2b4e131682,10,wishlist,simulated_baseline
2026-02-13T08:15:22.903025,sim_2b4e131682,12,wishlist,simulated_baseline
2026-02-14T08:05:10.903049,sim_43be5513d2,10,wishlist,simulated_baseline
2026-02-14T08:07:12.903049,sim_43be5513d2,11,add_to_cart,simulated_baseline
2026-02-14T08:10:05.903049,sim_43be5513d2,6,view,simulated_baseline
2026-02-14T08:13:55.903049,sim_43be5513d2,12,wishlist,simulated_baseline
2026-02-14T08:17:02.903049,sim_43be5513d2,10,view,simulated_baseline
2026-02-14T08:17:44.903049,sim_43be5513d2,10,add_to_cart,simulated_baseline
2026-02-14T08:18:40.903049,sim_43be5513d2,6,view,simulated_baseline
2026-02-14T08:23:17.903049,sim_43be5513d2,6,add_to_cart,simulated_baseline
2026-02-14T08:27:22.903049,sim_43be5513d2,11,view,simulated_baseline
2026-02-20T07:03:56.903082,sim_c96389e9e5,5,view,simulated_baseline
2026-02-20T07:04:54.903082,sim_c96389e9e5,7,view,simulated_baseline
2026-02-20T07:08:16.903082,sim_c96389e9e5,14,wishlist,simulated_baseline
2026-02-20T07:08:47.903082,sim_c96389e9e5,5,add_to_cart,simulated_baseline
2026-02-20T07:12:38.903082,sim_c96389e9e5,9,view,simulated_baseline
2026-02-20T07:15:55.903082,sim_c96389e9e5,9,wishlist,simulated_baseline
2026-02-20T07:17:17.903082,sim_c96389e9e5,13,view,simulated_baseline
2026-02-20T07:21:39.903082,sim_c96389e9e5,5,view,simulated_baseline
2026-01-24T18:06:18.903112,sim_2fc387aa64,10,view,simulated_baseline
2026-01-24T18:08:33.903112,sim_2fc387aa64,7,view,simulated_baseline
2026-01-24T18:11:24.903112,sim_2fc387aa64,13,view,simulated_baseline
2026-02-22T05:04:20.903126,sim_34a371fae9,5,view,simulated_baseline
2026-02-22T05:08:29.903126,sim_34a371fae9,8,view,simulated_baseline
2026-02-22T05:12:27.903126,sim_34a371fae9,5,view,simulated_baseline
2026-02-22T05:16:04.903126,sim_34a371fae9,9,view,simulated_baseline
2026-02-22T05:20:08.903126,sim_34a371fae9,8,view,simulated_baseline
2026-02-22T05:20:48.903126,sim_34a371fae9,5,wishlist,simulated_baseline
2026-02-22T05:21:01.903126,sim_34a371fae9,12,wishlist,simulated_baseline
2026-02-22T05:23:41.903126,sim_34a371fae9,8,add_to_cart,simulated_baseline
2026-02-22T05:28:05.903126,sim_34a371fae9,5,view,simulated_baseline
2026-02-21T02:06:27.903159,sim_1b9d7082f0,8,view,simulated_baseline
2026-02-21T02:08:23.903159,sim_1b9d7082f0,5,wishlist,simulated_baseline
2026-02-21T02:11:59.903159,sim_1b9d7082f0,8,add_to_cart,simulated_baseline
2026-02-21T02:14:36.903159,sim_1b9d7082f0,5,wishlist,simulated_baseline
2026-02-21T02:17:47.903159,sim_1b9d7082f0,5,view,simulated_baseline
2026-02-21T02:18:29.903159,sim_1b9d7082f0,7,view,simulated_baseline
2026-02-21T02:22:14.903159,sim_1b9d7082f0,8,view,simulated_baseline
2026-02-21T02:24:47.903159,sim_1b9d7082f0,5,view,simulated_baseline
2026-02-09T16:04:11.903188,sim_faef1817ab,13,view,simulated_baseline
2026-02-09T16:09:10.903188,sim_faef1817ab,7,view,simulated_baseline
2026-02-09T16:13:23.903188,sim_faef1817ab,14,view,simulated_baseline
2026-02-13T05:04:21.903201,sim_a176531937,8,view,simulated_baseline
2026-02-13T05:06:29.903201,sim_a176531937,11,view,simulated_baseline
2026-02-13T05:09:48.903201,sim_a176531937,9,view,simulated_baseline
2026-02-13T05:13:07.903201,sim_a176531937,13,wishlist,simulated_baseline
2026-02-13T05:13:42.903201,sim_a176531937,6,view,simulated_baseline
2026-02-13T05:15:53.903201,sim_a176531937,11,view,simulated_baseline
2026-02-15T12:03:46.903224,sim_aff4237a32,10,view,simulated_baseline
2026-02-15T12:04:19.903224,sim_aff4237a32,6,wishlist,simulated_baseline
2026-02-15T12:06:59.903224,sim_aff4237a32,12,view,simulated_baseline
2026-02-15T12:10:27.903224,sim_aff4237a32,6,wishlist,simulated_baseline
2026-02-15T12:11:50.903224,sim_aff4237a32,12,view,simulated_baseline
2026-02-15T12:16:12.903224,sim_aff4237a32,6,wishlist,simulated_baseline
2026-02-15T12:18:58.903224,sim_aff4237a32,6,view,simulated_baseline
2026-02-15T12:20:43.903224,sim_aff4237a32,6,view,simulated_baseline
2026-02-15T12:23:49.903224,sim_aff4237a32,10,add_to_cart,simulated_baseline
2026-02-02T18:07:35.903258,sim_263fbd9a90,9,add_to_cart,simulated_baseline
2026-02-02T18:10:36.903258,sim_263fbd9a90,10,view,simulated_baseline
2026-02-02T18:14:46.903258,sim_263fbd9a90,7,add_to_cart,simulated_baseline
2026-02-02T18:19:29.903258,sim_263fbd9a90,9,wishlist,simulated_baseline
2026-02-02T18:20:48.903258,sim_263fbd9a90,9,view,simulated_baseline
2026-02-02T18:22:32.903258,sim_263fbd9a90,9,view,simulated_baseline
2026-02-02T18:23:57.903258,sim_263fbd9a90,5,view,simulated_baseline
2026-02-02T18:26:06.903258,sim_263fbd9a90,9,wishlist,simulated_baseline
2026-02-20T21:06:08.903287,sim_6df488cfb3,12,view,simulated_baseline
2026-02-20T21:06:37.903287,sim_6df488cfb3,11,view,simulated_baseline
2026-02-20T21:09:18.903287,sim_6df488cfb3,6,view,simulated_baseline
2026-02-04T15:03:49.903301,sim_9107eaba7d,11,view,simulated_baseline
2026-02-04T15:04:48.903301,sim_9107eaba7d,9,view,simulated_baseline
2026-02-04T15:05:24.903301,sim_9107eaba7d,5,view,simulated_baseline
2026-02-04T15:05:34.903301,sim_9107eaba7d,8,view,simulated_baseline
2026-02-04T15:09:02.903301,sim_9107eaba7d,5,view,simulated_baseline
2026-02-04T15:10:07.903301,sim_9107eaba7d,9,view,simulated_baseline
2026-02-04T15:11:22.903301,sim_9107eaba7d,5,view,simulated_baseline
2026-02-04T15:12:34.903301,sim_9107eaba7d,5,view,simulated_baseline
2026-02-04T15:12:52.903301,sim_9107eaba7d,12,add_to_cart,simulated_baseline
2026-02-04T15:13:18.903301,sim_9107eaba7d,8,view,simulated_baseline
2026-02-08T01:06:36.903336,sim_dfd0ef0521,12,view,simulated_baseline
2026-02-08T01:08:21.903336,sim_dfd0ef0521,12,view,simulated_baseline
2026-02-08T01:11:48.903336,sim_dfd0ef0521,6,wishlist,simulated_baseline
2026-02-08T01:14:57.903336,sim_dfd0ef0521,6,view,simulated_baseline
2026-02-08T01:17:33.903336,sim_dfd0ef0521,12,wishlist,simulated_baseline
2026-02-08T01:21:43.903336,sim_dfd0ef0521,12,view,simulated_baseline
2026-02-08T01:22:20.903336,sim_dfd0ef0521,11,view,simulated_baseline
2026-02-08T01:24:22.903336,sim_dfd0ef0521,10,view,simulated_baseline
2026-02-21T20:07:29.903365,sim_01f7605490,8,view,simulated_baseline
2026-02-21T20:07:50.903365,sim_01f7605490,12,add_to_cart,simulated_baseline
2026-02-21T20:10:43.903365,sim_01f7605490,6,view,simulated_baseline
2026-02-21T20:13:56.903365,sim_01f7605490,6,view,simulated_baseline
2026-02-21T20:17:12.903365,sim_01f7605490,7,wishlist,simulated_baseline
2026-02-21T20:17:43.903365,sim_01f7605490,12,add_to_cart,simulated_baseline
2026-02-21T20:18:08.903365,sim_01f7605490,10,view,simulated_baseline
2026-02-21T20:21:41.903365,sim_01f7605490,10,wishlist,simulated_baseline
2026-02-14T07:06:28.903395,sim_4b12253a8d,7,view,simulated_baseline
2026-02-14T07:08:43.903395,sim_4b12253a8d,6,wishlist,simulated_baseline
2026-02-14T07:11:26.903395,sim_4b12253a8d,8,wishlist,simulated_baseline
2026-02-14T07:14:23.903395,sim_4b12253a8d,7,view,simulated_baseline
2026-02-14T07:17:22.903395,sim_4b12253a8d,11,view,simulated_baseline
2026-02-14T07:18:28.903395,sim_4b12253a8d,11,view,simulated_baseline
2026-02-14T07:19:20.903395,sim_4b12253a8d,11,view,simulated_baseline
2026-02-14T07:21:53.903395,sim_4b12253a8d,12,view,simulated_baseline
2026-02-14T07:25:04.903395,sim_4b12253a8d,6,view,simulated_baseline
2026-02-14T07:26:43.903395,sim_4b12253a8d,8,wishlist,simulated_baseline
2026-02-06T21:07:08.903468,sim_6c3d510627,5,view,simulated_baseline
2026-02-06T21:11:59.903468,sim_6c3d510627,9,view,simulated_baseline
2026-02-06T21:14:52.903468,sim_6c3d510627,5,add_to_cart,simulated_baseline
2026-02-06T21:18:25.903468,sim_6c3d510627,9,add_to_cart,simulated_baseline
2026-02-06T21:19:55.903468,sim_6c3d510627,14,view,simulated_baseline
2026-02-06T21:23:24.903468,sim_6c3d510627,9,view,simulated_baseline
2026-02-06T21:26:45.903468,sim_6c3d510627,9,view,simulated_baseline
2026-02-23T12:04:34.903520,sim_3ded96b9da,11,add_to_cart,simulated_baseline
2026-02-23T12:06:19.903520,sim_3ded96b9da,6,view,simulated_baseline
2026-02-23T12:08:15.903520,sim_3ded96b9da,5,wishlist,simulated_baseline
2026-02-06T02:04:18.903553,sim_b2582063c4,13,wishlist,simulated_baseline
2026-02-06T02:04:47.903553,sim_b2582063c4,14,view,simulated_baseline
2026-02-06T02:07:07.903553,sim_b2582063c4,12,view,simulated_baseline
2026-02-06T02:07:33.903553,sim_b2582063c4,6,view,simulated_baseline
2026-02-06T02:10:15.903553,sim_b2582063c4,10,view,simulated_baseline
2026-02-06T02:12:15.903553,sim_b2582063c4,6,view,simulated_baseline
2026-02-06T15:03:30.903601,sim_3b7315d4c6,9,view,simulated_baseline
2026-02-06T15:06:19.903601,sim_3b7315d4c6,5,view,simulated_baseline
2026-02-06T15:10:47.903601,sim_3b7315d4c6,5,view,simulated_baseline
2026-02-06T15:11:35.903601,sim_3b7315d4c6,8,add_to_cart,simulated_baseline
2026-02-06T15:12:24.903601,sim_3b7315d4c6,9,view,simulated_baseline
2026-02-06T15:12:45.903601,sim_3b7315d4c6,8,view,simulated_baseline
2026-02-06T15:15:11.903601,sim_3b7315d4c6,8,view,simulated_baseline
2026-02-06T15:16:14.903601,sim_3b7315d4c6,9,view,simulated_baseline
2026-02-06T15:19:26.903601,sim_3b7315d4c6,5,view,simulated_baseline
2026-02-06T15:24:14.903601,sim_3b7315d4c6,9,add_to_cart,simulated_baseline
2026-02-09T13:03:44.903666,sim_f23a0208e6,13,view,simulated_baseline
2026-02-09T13:05:06.903666,sim_f23a0208e6,13,wishlist,simulated_baseline
2026-02-09T13:08:01.903666,sim_f23a0208e6,14,view,simulated_baseline
2026-02-09T13:12:22.903666,sim_f23a0208e6,14,wishlist,simulated_baseline
2026-02-09T13:14:12.903666,sim_f23a0208e6,14,view,simulated_baseline
2026-02-09T13:15:43.903666,sim_f23a0208e6,7,view,simulated_baseline
2026-02-09T13:17:48.903666,sim_f23a0208e6,14,view,simulated_baseline
2026-02-09T13:18:19.903666,sim_f23a0208e6,14,view,simulated_baseline
2026-02-03T22:03:40.903722,sim_41b63a20c8,8,wishlist,simulated_baseline
2026-02-03T22:05:08.903722,sim_41b63a20c8,8,add_to_cart,simulated_baseline
2026-02-03T22:05:31.903722,sim_41b63a20c8,5,wishlist,simulated_baseline
2026-02-03T22:06:34.903722,sim_41b63a20c8,8,wishlist,simulated_baseline
2026-02-03T22:10:30.903722,sim_41b63a20c8,11,wishlist,simulated_baseline
2026-02-03T22:15:15.903722,sim_41b63a20c8,9,wishlist,simulated_baseline
2026-02-03T22:19:10.903722,sim_41b63a20c8,5,view,simulated_baseline
2026-02-03T22:19:34.903722,sim_41b63a20c8,7,view,simulated_baseline
2026-02-09T17:07:09.903797,sim_31b132d363,12,view,simulated_baseline
2026-02-09T17:10:27.903797,sim_31b132d363,12,view,simulated_baseline
2026-02-09T17:12:16.903797,sim_31b132d363,6,view,simulated_baseline
2026-02-09T17:17:07.903797,sim_31b132d363,6,add_to_cart,simulated_baseline
2026-02-09T17:17:25.903797,sim_31b132d363,10,view,simulated_baseline
2026-02-09T17:19:34.903797,sim_31b132d363,10,view,simulated_baseline
2026-02-09T17:22:42.903797,sim_31b132d363,12,wishlist,simulated_baseline
2026-02-23T18:04:57.903855,sim_b6e1a92b18,13,view,simulated_baseline
2026-02-23T18:05:52.903855,sim_b6e1a92b18,13,view,simulated_baseline
2026-02-23T18:06:03.903855,sim_b6e1a92b18,13,view,simulated_baseline
2026-02-13T23:07:16.903886,sim_f87310b84a,7,wishlist,simulated_baseline
2026-02-13T23:11:16.903886,sim_f87310b84a,14,add_to_cart,simulated_baseline
2026-02-13T23:12:37.903886,sim_f87310b84a,14,view,simulated_baseline
2026-01-26T03:06:22.903901,sim_f57884e6a2,10,view,simulated_baseline
2026-01-26T03:08:04.903901,sim_f57884e6a2,11,view,simulated_baseline
2026-01-26T03:08:36.903901,sim_f57884e6a2,11,add_to_cart,simulated_baseline
2026-01-26T03:10:05.903901,sim_f57884e6a2,10,view,simulated_baseline
2026-01-26T03:10:20.903901,sim_f57884e6a2,6,view,simulated_baseline
2026-01-26T03:14:39.903901,sim_f57884e6a2,12,wishlist,simulated_baseline
2026-01-26T03:19:24.903901,sim_f57884e6a2,12,view,simulated_baseline
2026-01-26T03:22:30.903901,sim_f57884e6a2,12,view,simulated_baseline
2026-01-26T03:27:01.903901,sim_f57884e6a2,12,view,simulated_baseline
2026-01-26T03:28:00.903901,sim_f57884e6a2,13,view,simulated_baseline
2026-01-28T11:04:03.903941,sim_c0a6bdccd0,5,view,simulated_baseline
2026-01-28T11:04:13.903941,sim_c0a6bdccd0,5,wishlist,simulated_baseline
2026-01-28T11:06:26.903941,sim_c0a6bdccd0,5,view,simulated_baseline
2026-01-28T11:09:32.903941,sim_c0a6bdccd0,13,wishlist,simulated_baseline
2026-01-26T17:05:50.903959,sim_da174bc946,13,view,simulated_baseline
2026-01-26T17:09:01.903959,sim_da174bc946,7,view,simulated_baseline
2026-01-26T17:09:36.903959,sim_da174bc946,7,view,simulated_baseline
2026-01-26T17:12:00.903959,sim_da174bc946,7,wishlist,simulated_baseline
2026-01-26T17:15:35.903959,sim_da174bc946,14,view,simulated_baseline
2026-01-26T17:16:32.903959,sim_da174bc946,7,wishlist,simulated_baseline
2026-01-26T17:16:43.903959,sim_da174bc946,7,view,simulated_baseline
2026-01-26T17:18:48.903959,sim_da174bc946,9,view,simulated_baseline
2026-01-26T17:19:29.903959,sim_da174bc946,7,view,simulated_baseline
2026-01-26T17:23:41.903959,sim_da174bc946,8,view,simulated_baseline
2026-02-18T13:08:10.903994,sim_66c19e3034,7,view,simulated_baseline
2026-02-18T13:10:03.903994,sim_66c19e3034,6,view,simulated_baseline
2026-02-18T13:10:53.903994,sim_66c19e3034,7,wishlist,simulated_baseline
2026-02-18T13:11:04.903994,sim_66c19e3034,14,wishlist,simulated_baseline
2026-02-18T13:12:12.903994,sim_66c19e3034,7,view,simulated_baseline
2026-02-18T13:15:10.903994,sim_66c19e3034,14,view,simulated_baseline
2026-02-18T13:19:34.903994,sim_66c19e3034,7,view,simulated_baseline
2026-01-27T15:05:09.904020,sim_c0b4b4321f,11,wishlist,simulated_baseline
2026-01-27T15:06:38.904020,sim_c0b4b4321f,6,view,simulated_baseline
2026-01-27T15:10:38.904020,sim_c0b4b4321f,10,wishlist,simulated_baseline
2026-01-27T15:15:24.904020,sim_c0b4b4321f,6,view,simulated_baseline
2026-01-27T15:20:11.904020,sim_c0b4b4321f,6,view,simulated_baseline
2026-01-27T15:24:44.904020,sim_c0b4b4321f,12,view,simulated_baseline
2026-01-27T15:27:57.904020,sim_c0b4b4321f,10,view,simulated_baseline
2026-01-27T15:30:38.904020,sim_c0b4b4321f,11,add_to_cart,simulated_baseline
2026-01-27T15:35:11.904020,sim_c0b4b4321f,12,view,simulated_baseline
2026-01-27T15:35:48.904020,sim_c0b4b4321f,11,view,simulated_baseline
2026-02-07T20:03:58.904074,sim_fc85f75c23,13,add_to_cart,simulated_baseline
2026-02-07T20:08:39.904074,sim_fc85f75c23,13,view,simulated_baseline
2026-02-07T20:11:50.904074,sim_fc85f75c23,14,view,simulated_baseline
2026-02-07T20:12:45.904074,sim_fc85f75c23,13,view,simulated_baseline
2026-02-07T20:13:45.904074,sim_fc85f75c23,14,view,simulated_baseline
2026-02-07T20:14:24.904074,sim_fc85f75c23,7,add_to_cart,simulated_baseline
2026-02-07T20:19:11.904074,sim_fc85f75c23,14,wishlist,simulated_baseline
2026-02-07T20:22:00.904074,sim_fc85f75c23,12,view,simulated_baseline
2026-02-07T20:24:34.904074,sim_fc85f75c23,13,view,simulated_baseline
2026-02-21T02:03:50.904121,sim_940253ced5,7,view,simulated_baseline
2026-02-21T02:07:30.904121,sim_940253ced5,14,wishlist,simulated_baseline
2026-02-21T02:11:53.904121,sim_940253ced5,10,wishlist,simulated_baseline
2026-02-21T02:12:43.904121,sim_940253ced5,13,view,simulated_baseline
2026-02-21T02:15:24.904121,sim_940253ced5,7,view,simulated_baseline
2026-02-08T10:05:18.904163,sim_57bb1b143b,7,add_to_cart,simulated_baseline
2026-02-08T10:08:17.904163,sim_57bb1b143b,9,view,simulated_baseline
2026-02-08T10:08:36.904163,sim_57bb1b143b,13,view,simulated_baseline
2026-02-08T10:11:57.904163,sim_57bb1b143b,12,wishlist,simulated_baseline
2026-02-08T10:16:16.904163,sim_57bb1b143b,10,wishlist,simulated_baseline
2026-02-08T10:17:52.904163,sim_57bb1b143b,11,view,simulated_baseline
2026-02-22T16:08:11.904197,sim_8b5d2b1826,7,view,simulated_baseline
2026-02-22T16:11:14.904197,sim_8b5d2b1826,7,view,simulated_baseline
2026-02-22T16:15:38.904197,sim_8b5d2b1826,13,view,simulated_baseline
2026-02-22T16:20:25.904197,sim_8b5d2b1826,7,wishlist,simulated_baseline
2026-02-22T16:21:04.904197,sim_8b5d2b1826,13,view,simulated_baseline
2026-02-22T16:23:22.904197,sim_8b5d2b1826,13,view,simulated_baseline
2026-02-22T16:27:10.904197,sim_8b5d2b1826,13,view,simulated_baseline
2026-02-22T16:31:32.904197,sim_8b5d2b1826,14,view,simulated_baseline
2026-02-05T05:04:24.904228,sim_8ffee2dd8e,6,wishlist,simulated_baseline
2026-02-05T05:08:37.904228,sim_8ffee2dd8e,7,view,simulated_baseline
2026-02-05T05:11:45.904228,sim_8ffee2dd8e,6,view,simulated_baseline
2026-02-17T12:07:47.904244,sim_1468938198,7,wishlist,simulated_baseline
2026-02-17T12:12:11.904244,sim_1468938198,9,view,simulated_baseline
2026-02-17T12:16:04.904244,sim_1468938198,5,add_to_cart,simulated_baseline
2026-02-17T12:21:00.904244,sim_1468938198,5,view,simulated_baseline
2026-02-14T08:06:04.904262,sim_fb1544d50a,13,view,simulated_baseline
2026-02-14T08:10:20.904262,sim_fb1544d50a,12,view,simulated_baseline
2026-02-14T08:13:33.904262,sim_fb1544d50a,7,view,simulated_baseline
2026-02-14T08:18:11.904262,sim_fb1544d50a,13,view,simulated_baseline
2026-02-14T08:19:10.904262,sim_fb1544d50a,13,wishlist,simulated_baseline
2026-02-14T08:22:18.904262,sim_fb1544d50a,13,view,simulated_baseline
2026-02-14T08:23:54.904262,sim_fb1544d50a,13,add_to_cart,simulated_baseline
2026-02-11T07:06:37.904290,sim_d3bd5f6789,9,add_to_cart,simulated_baseline
2026-02-11T07:07:13.904290,sim_d3bd5f6789,5,view,simulated_baseline
2026-02-11T07:09:48.904290,sim_d3bd5f6789,8,view,simulated_baseline
2026-02-11T07:11:17.904290,sim_d3bd5f6789,9,view,simulated_baseline
2026-02-11T07:13:57.904290,sim_d3bd5f6789,8,view,simulated_baseline
2026-02-11T07:17:16.904290,sim_d3bd5f6789,8,view,simulated_baseline
2026-02-02T19:05:09.904312,sim_df7a34604f,6,view,simulated_baseline
2026-02-02T19:07:22.904312,sim_df7a34604f,12,view,simulated_baseline
2026-02-02T19:10:03.904312,sim_df7a34604f,10,wishlist,simulated_baseline
2026-02-02T19:12:24.904312,sim_df7a34604f,10,view,simulated_baseline
2026-02-02T19:13:47.904312,sim_df7a34604f,9,wishlist,simulated_baseline
2026-02-17T00:03:25.904344,sim_86fe439c98,10,wishlist,simulated_baseline
2026-02-17T00:06:31.904344,sim_86fe439c98,12,view,simulated_baseline
2026-02-17T00:09:32.904344,sim_86fe439c98,14,view,simulated_baseline
2026-02-17T00:11:22.904344,sim_86fe439c98,14,wishlist,simulated_baseline
2026-02-17T00:13:22.904344,sim_86fe439c98,6,add_to_cart,simulated_baseline
2026-02-17T00:16:44.904344,sim_86fe439c98,10,view,simulated_baseline
2026-02-17T00:18:00.904344,sim_86fe439c98,10,view,simulated_baseline
2026-02-17T00:21:14.904344,sim_86fe439c98,6,view,simulated_baseline
2026-02-17T00:23:11.904344,sim_86fe439c98,8,wishlist,simulated_baseline
2026-02-17T00:26:22.904344,sim_86fe439c98,10,view,simulated_baseline
2026-02-23T01:07:43.904381,sim_622ec5fb6d,6,view,simulated_baseline
2026-02-23T01:08:37.904381,sim_622ec5fb6d,5,view,simulated_baseline
2026-02-23T01:12:03.904381,sim_622ec5fb6d,11,view,simulated_baseline
2026-02-23T01:15:34.904381,sim_622ec5fb6d,10,view,simulated_baseline
2026-02-23T01:19:35.904381,sim_622ec5fb6d,12,view,simulated_baseline
2026-02-23T01:21:05.904381,sim_622ec5fb6d,10,view,simulated_baseline
2026-02-23T01:25:18.904381,sim_622ec5fb6d,10,view,simulated_baseline
2026-02-23T01:26:41.904381,sim_622ec5fb6d,13,add_to_cart,simulated_baseline
2026-02-23T01:29:28.904381,sim_622ec5fb6d,12,view,simulated_baseline
2026-02-23T01:30:13.904381,sim_622ec5fb6d,10,add_to_cart,simulated_baseline
2026-02-10T08:06:17.904417,sim_8ac0d9a5a1,11,view,simulated_baseline
2026-02-10T08:10:01.904417,sim_8ac0d9a5a1,8,view,simulated_baseline
2026-02-10T08:14:29.904417,sim_8ac0d9a5a1,10,view,simulated_baseline
2026-02-10T08:17:31.904417,sim_8ac0d9a5a1,11,add_to_cart,simulated_baseline
2026-02-10T08:19:57.904417,sim_8ac0d9a5a1,12,view,simulated_baseline
2026-02-10T08:22:51.904417,sim_8ac0d9a5a1,12,view,simulated_baseline
2026-02-10T08:24:40.904417,sim_8ac0d9a5a1,11,view,simulated_baseline
2026-02-10T08:28:19.904417,sim_8ac0d9a5a1,10,add_to_cart,simulated_baseline
2026-02-03T16:07:49.904447,sim_70a986ca4b,5,wishlist,simulated_baseline
2026-02-03T16:12:33.904447,sim_70a986ca4b,13,view,simulated_baseline
2026-02-03T16:17:29.904447,sim_70a986ca4b,14,view,simulated_baseline
2026-02-03T16:17:45.904447,sim_70a986ca4b,13,view,simulated_baseline
2026-02-03T16:22:26.904447,sim_70a986ca4b,14,wishlist,simulated_baseline
2026-02-03T16:26:24.904447,sim_70a986ca4b,13,view,simulated_baseline
2026-02-03T16:26:56.904447,sim_70a986ca4b,13,view,simulated_baseline
2026-02-03T16:30:23.904447,sim_70a986ca4b,7,view,simulated_baseline
2026-02-10T01:05:37.904477,sim_15181909b3,13,view,simulated_baseline
2026-02-10T01:06:25.904477,sim_15181909b3,7,view,simulated_baseline
2026-02-10T01:10:52.904477,sim_15181909b3,7,add_to_cart,simulated_baseline
2026-02-10T01:15:50.904477,sim_15181909b3,14,view,simulated_baseline
2026-02-10T01:20:08.904477,sim_15181909b3,7,wishlist,simulated_baseline
2026-02-11T11:03:24.904497,sim_bbd109a287,7,wishlist,simulated_baseline
2026-02-11T11:08:10.904497,sim_bbd109a287,7,view,simulated_baseline
2026-02-11T11:09:14.904497,sim_bbd109a287,7,view,simulated_baseline
2026-02-11T11:12:17.904497,sim_bbd109a287,8,view,simulated_baseline
2026-02-11T11:13:54.904497,sim_bbd109a287,14,view,simulated_baseline
2026-02-11T11:15:17.904497,sim_bbd109a287,7,wishlist,simulated_baseline
2026-02-11T11:18:47.904497,sim_bbd109a287,14,view,simulated_baseline
2026-02-11T11:20:31.904497,sim_bbd109a287,13,view,simulated_baseline
2026-02-11T11:25:21.904497,sim_bbd109a287,14,add_to_cart,simulated_baseline
2026-02-11T11:25:36.904497,sim_bbd109a287,13,view,simulated_baseline
2026-02-24T13:07:28.234366+00:00,sess_y3qe8x6jjw,7,view,homepage_featured
2026-02-24T13:07:29.655190+00:00,sess_y3qe8x6jjw,7,view,direct_navigation
2026-02-24T13:07:29.730618+00:00,sess_y3qe8x6jjw,7,view,direct_navigation
2026-02-24T13:07:43.362723+00:00,sess_y3qe8x6jjw,13,view,content
2026-02-24T13:07:44.021819+00:00,sess_y3qe8x6jjw,13,view,direct_navigation
2026-02-24T13:07:44.080655+00:00,sess_y3qe8x6jjw,13,view,direct_navigation
2026-02-24T13:08:57.738547+00:00,sess_y3qe8x6jjw,7,view,direct_navigation
2026-02-24T13:08:57.799433+00:00,sess_y3qe8x6jjw,7,view,direct_navigation
2026-02-24T13:16:27.219080+00:00,sess_y3qe8x6jjw,14,view,homepage_featured
2026-02-24T13:16:28.384560+00:00,sess_y3qe8x6jjw,14,view,direct_navigation
2026-02-24T13:16:28.523200+00:00,sess_y3qe8x6jjw,14,view,direct_navigation
2026-02-24T13:17:36.703981+00:00,sess_y3qe8x6jjw,14,view,homepage_featured
2026-02-24T13:17:38.789609+00:00,sess_y3qe8x6jjw,14,view,direct_navigation
2026-02-24T13:17:38.948805+00:00,sess_y3qe8x6jjw,14,view,direct_navigation
2026-02-24T13:18:23.854629+00:00,sess_y3qe8x6jjw,14,view,direct_navigation
2026-02-24T13:18:27.083724+00:00,sess_y3qe8x6jjw,14,view,direct_navigation
2026-02-24T13:18:30.429112+00:00,sess_y3qe8x6jjw,14,view,direct_navigation
2026-02-24T13:18:47.373400+00:00,sess_y3qe8x6jjw,5,view,collaborative
2026-02-24T13:18:48.069068+00:00,sess_y3qe8x6jjw,5,view,direct_navigation
2026-02-24T13:18:48.138869+00:00,sess_y3qe8x6jjw,5,view,direct_navigation
2026-02-24T14:33:38.278766+00:00,sess_y3qe8x6jjw,7,view,homepage_featured
2026-02-24T14:33:40.504093+00:00,sess_y3qe8x6jjw,7,view,direct_navigation
2026-02-24T14:33:40.918103+00:00,sess_y3qe8x6jjw,7,view,direct_navigation
2026-02-24T14:33:52.712083+00:00,sess_y3qe8x6jjw,14,view,collaborative
2026-02-24T14:33:53.968232+00:00,sess_y3qe8x6jjw,14,view,direct_navigation
2026-02-24T14:33:54.068658+00:00,sess_y3qe8x6jjw,14,view,direct_navigation
2026-02-24T14:33:55.990401+00:00,sess_y3qe8x6jjw,14,add_to_cart,direct_interaction
2026-02-24T14:34:02.103581+00:00,sess_y3qe8x6jjw,9,view,content
2026-02-24T14:34:02.761418+00:00,sess_y3qe8x6jjw,9,view,direct_navigation
2026-02-24T14:34:02.821292+00:00,sess_y3qe8x6jjw,9,view,direct_navigation
2026-02-24T14:34:03.999204+00:00,sess_y3qe8x6jjw,9,add_to_cart,direct_interaction
2026-02-24T14:34:06.215315+00:00,sess_y3qe8x6jjw,5,view,content
2026-02-24T14:34:06.755446+00:00,sess_y3qe8x6jjw,5,view,direct_navigation
2026-02-24T14:34:06.852297+00:00,sess_y3qe8x6jjw,5,view,direct_navigation
2026-02-24T14:34:07.887561+00:00,sess_y3qe8x6jjw,5,add_to_cart,direct_interaction
2026-02-24T14:34:09.574755+00:00,sess_y3qe8x6jjw,6,view,content
2026-02-24T14:34:10.201309+00:00,sess_y3qe8x6jjw,6,view,direct_navigation
2026-02-24T14:34:10.264192+00:00,sess_y3qe8x6jjw,6,view,direct_navigation
2026-02-24T14:34:10.911134+00:00,sess_y3qe8x6jjw,6,add_to_cart,direct_interaction
2026-02-24T14:34:15.239418+00:00,sess_y3qe8x6jjw,12,view,content
2026-02-24T14:34:16.084240+00:00,sess_y3qe8x6jjw,12,view,direct_navigation
2026-02-24T14:34:16.537567+00:00,sess_y3qe8x6jjw,12,view,direct_navigation
2026-02-24T14:34:16.945724+00:00,sess_y3qe8x6jjw,12,add_to_cart,direct_interaction
2026-02-24T14:34:18.855764+00:00,sess_y3qe8x6jjw,8,view,collaborative
2026-02-24T14:34:19.342472+00:00,sess_y3qe8x6jjw,8,view,direct_navigation
2026-02-24T14:34:19.398366+00:00,sess_y3qe8x6jjw,8,view,direct_navigation
2026-02-24T14:34:19.992189+00:00,sess_y3qe8x6jjw,8,add_to_cart,direct_interaction
2026-02-24T14:34:21.559341+00:00,sess_y3qe8x6jjw,5,view,content
2026-02-24T14:34:21.912167+00:00,sess_y3qe8x6jjw,5,view,direct_navigation
2026-02-24T14:34:22.520432+00:00,sess_y3qe8x6jjw,5,view,direct_navigation
2026-02-24T14:34:22.878812+00:00,sess_y3qe8x6jjw,5,add_to_cart,direct_interaction
2026-02-24T14:34:26.901586+00:00,sess_y3qe8x6jjw,14,view,collaborative
2026-02-24T14:34:27.354387+00:00,sess_y3qe8x6jjw,14,view,direct_navigation
2026-02-24T14:34:27.477383+00:00,sess_y3qe8x6jjw,14,view,direct_navigation
2026-02-24T14:34:27.903812+00:00,sess_y3qe8x6jjw,14,add_to_cart,direct_interaction
2026-02-24T14:34:29.843050+00:00,sess_y3qe8x6jjw,7,view,content
2026-02-24T14:34:30.749947+00:00,sess_y3qe8x6jjw,7,view,direct_navigation
2026-02-24T14:34:30.812577+00:00,sess_y3qe8x6jjw,7,view,direct_navigation
2026-02-24T14:34:31.255191+00:00,sess_y3qe8x6jjw,7,add_to_cart,direct_interaction
2026-02-24T14:37:36.085721+00:00,sess_y3qe8x6jjw,8,wishlist,content
2026-02-24T14:37:36.860007+00:00,sess_y3qe8x6jjw,8,wishlist,content
2026-02-24T14:37:38.364735+00:00,sess_y3qe8x6jjw,13,wishlist,content
2026-02-24T14:37:38.748625+00:00,sess_y3qe8x6jjw,13,wishlist,content
2026-02-24T14:37:40.012366+00:00,sess_y3qe8x6jjw,14,wishlist,content
2026-02-24T14:37:40.260316+00:00,sess_y3qe8x6jjw,14,wishlist,content
2026-02-24T14:39:27.872925+00:00,sess_y3qe8x6jjw,9,add_to_cart,content
2026-02-24T14:39:28.703330+00:00,sess_y3qe8x6jjw,8,add_to_cart,content
2026-02-24T14:39:29.478810+00:00,sess_y3qe8x6jjw,14,view,content
2026-02-24T14:39:30.656702+00:00,sess_y3qe8x6jjw,14,view,direct_navigation
2026-02-24T14:39:31.255364+00:00,sess_y3qe8x6jjw,14,view,direct_navigation
2026-02-24T14:39:31.357373+00:00,sess_y3qe8x6jjw,7,view,direct_navigation
2026-02-24T14:39:31.415857+00:00,sess_y3qe8x6jjw,7,view,direct_navigation
2026-02-24T14:39:33.863740+00:00,sess_y3qe8x6jjw,14,add_to_cart,content
2026-02-24T14:39:34.463814+00:00,sess_y3qe8x6jjw,13,add_to_cart,content
2026-02-24T14:39:35.263692+00:00,sess_y3qe8x6jjw,8,add_to_cart,content
2026-02-24T14:39:36.535549+00:00,sess_y3qe8x6jjw,9,add_to_cart,content
2026-02-24T15:06:48.118359+00:00,sess_y3qe8x6jjw,7,view,direct_navigation
2026-02-24T15:07:02.924784+00:00,sess_y3qe8x6jjw,5,view,homepage_featured
2026-02-24T15:07:04.175422+00:00,sess_y3qe8x6jjw,5,view,direct_navigation
2026-02-24T15:07:04.232711+00:00,sess_y3qe8x6jjw,5,view,direct_navigation
2026-02-24T15:07:11.005979+00:00,sess_y3qe8x6jjw,7,view,content
2026-02-24T15:07:11.842829+00:00,sess_y3qe8x6jjw,7,view,content
2026-02-24T15:07:12.344445+00:00,sess_y3qe8x6jjw,7,view,content
2026-02-24T15:07:14.060134+00:00,sess_y3qe8x6jjw,5,view,collaborative
2026-02-24T15:07:14.447196+00:00,sess_y3qe8x6jjw,5,view,collaborative
2026-02-24T15:07:14.558240+00:00,sess_y3qe8x6jjw,5,view,collaborative
2026-02-24T15:07:18.129802+00:00,sess_y3qe8x6jjw,5,add_to_cart,collaborative
2026-02-24T15:07:19.948152+00:00,sess_y3qe8x6jjw,6,view,content
2026-02-24T15:07:20.374356+00:00,sess_y3qe8x6jjw,6,view,content
2026-02-24T15:07:20.896458+00:00,sess_y3qe8x6jjw,6,view,content
2026-02-24T15:07:21.524941+00:00,sess_y3qe8x6jjw,6,add_to_cart,content
2026-02-24T15:07:23.068488+00:00,sess_y3qe8x6jjw,14,add_to_cart,collaborative
2026-02-24T15:07:23.733965+00:00,sess_y3qe8x6jjw,12,add_to_cart,collaborative
2026-02-24T15:07:24.532773+00:00,sess_y3qe8x6jjw,11,add_to_cart,collaborative
2026-02-24T15:07:24.925276+00:00,sess_y3qe8x6jjw,10,add_to_cart,collaborative
2026-02-24T15:09:51.209869+00:00,sess_y3qe8x6jjw,14,view,collaborative
2026-02-24T15:09:52.451174+00:00,sess_y3qe8x6jjw,14,view,collaborative
2026-02-24T15:09:53.000678+00:00,sess_y3qe8x6jjw,14,view,collaborative
2026-02-24T15:09:56.457458+00:00,sess_y3qe8x6jjw,5,add_to_cart,collaborative
2026-02-24T15:11:30.958061+00:00,sess_y3qe8x6jjw,7,view,homepage_featured
2026-02-24T15:11:32.623928+00:00,sess_y3qe8x6jjw,7,view,direct_navigation
2026-02-24T15:11:33.080533+00:00,sess_y3qe8x6jjw,7,view,direct_navigation
2026-02-24T15:11:37.005422+00:00,sess_y3qe8x6jjw,6,view,content
2026-02-24T15:11:37.845934+00:00,sess_y3qe8x6jjw,6,view,content
2026-02-24T15:11:37.900928+00:00,sess_y3qe8x6jjw,6,view,content
2026-02-24T15:11:45.724615+00:00,sess_y3qe8x6jjw,12,view,content
2026-02-24T15:11:46.216561+00:00,sess_y3qe8x6jjw,12,view,content
2026-02-24T15:11:46.717971+00:00,sess_y3qe8x6jjw,12,view,content
2026-02-24T15:11:49.580755+00:00,sess_y3qe8x6jjw,12,add_to_cart,content
2026-02-24T15:11:55.189595+00:00,sess_y3qe8x6jjw,6,view,collaborative
2026-02-24T15:11:55.587296+00:00,sess_y3qe8x6jjw,6,view,collaborative
2026-02-24T15:11:55.725443+00:00,sess_y3qe8x6jjw,6,view,collaborative
2026-02-24T15:12:00.700082+00:00,sess_y3qe8x6jjw,6,add_to_cart,collaborative
2026-02-24T15:12:04.920470+00:00,sess_y3qe8x6jjw,7,view,content
2026-02-24T15:12:05.335407+00:00,sess_y3qe8x6jjw,7,view,content
2026-02-24T15:12:05.910938+00:00,sess_y3qe8x6jjw,7,view,content
2026-02-24T15:12:09.940876+00:00,sess_y3qe8x6jjw,7,add_to_cart,content
2026-02-24T15:12:15.358168+00:00,sess_y3qe8x6jjw,5,view,collaborative
2026-02-24T15:12:30.856403+00:00,sess_y3qe8x6jjw,12,view,content
2026-02-24T15:12:36.173516+00:00,sess_y3qe8x6jjw,5,view,collaborative
2026-02-24T15:12:36.827370+00:00,sess_y3qe8x6jjw,5,view,collaborative
2026-02-24T15:12:36.936316+00:00,sess_y3qe8x6jjw,12,view,content
2026-02-24T15:12:36.965059+00:00,sess_y3qe8x6jjw,5,view,collaborative
2026-02-24T15:12:36.989060+00:00,sess_y3qe8x6jjw,7,view,content
2026-02-24T15:12:36.994707+00:00,sess_y3qe8x6jjw,6,view,collaborative
2026-02-24T15:12:37.024745+00:00,sess_y3qe8x6jjw,5,view,collaborative
2026-02-24T15:12:37.049782+00:00,sess_y3qe8x6jjw,6,view,collaborative
2026-02-24T15:12:37.589562+00:00,sess_y3qe8x6jjw,7,view,content
2026-02-24T15:12:37.645526+00:00,sess_y3qe8x6jjw,7,view,content
2026-02-24T15:12:37.685634+00:00,sess_y3qe8x6jjw,6,view,collaborative
2026-02-24T15:12:37.688966+00:00,sess_y3qe8x6jjw,5,view,collaborative
2026-02-24T15:12:37.814459+00:00,sess_y3qe8x6jjw,5,view,collaborative
2026-02-24T15:12:39.526320+00:00,sess_y3qe8x6jjw,7,view,content
2026-02-24T15:12:39.528172+00:00,sess_y3qe8x6jjw,6,view,collaborative
2026-02-24T15:12:39.681400+00:00,sess_y3qe8x6jjw,7,view,content
2026-02-24T15:12:40.338356+00:00,sess_y3qe8x6jjw,7,view,content
